[mtp] gate2 k 1 · expect 1.42 tok / 31.8 ms (T1 25.7) · got 2 tok / 32.5 ms · net 8.0 ms
[mtp] pos 219 draft 4.0 ms · verify 2 rows 32.5 ms · accepted 1/1 · conf [0.60,0.05,-0.84,-0.54,-0.97] · hit 382 cpu 85
[mtp] pos 219 draft 3.8 ms · gate2 no draft (conf0 -0.42 · T1 25.7 T2 32.0 T6 52.8 ms · skip 1)
[cache] step 4028 M=1 routed 240 hit 207 cpu 33 streamed 0 · resident 4438 pending 8 / 4446 · dma.span 0.00 dma.wait - ms (0 layers) · promo 71.7 MiB paced
[cache] step 4029 M=1 routed 240 hit 207 cpu 32 streamed 1 · resident 4430 pending 16 / 4446 · dma.span 0.70 dma.wait 0.58 ms (1 layers) · promo 107.6 MiB paced
[mtp] gate2 k 1 · expect 1.77 tok / 32.0 ms (T1 23.5) · got 2 tok / 29.5 ms · net 5.7 ms
[mtp] pos 223 draft 3.6 ms · verify 2 rows 29.5 ms · accepted 1/1 · conf [3.81,0.75,0.82,0.44,0.36] · hit 400 cpu 70
[profile M=5] total 4.01 ms: mtp.embed 0.05 hc.fused 0.12 mtp.attn 1.15 moe.router 0.09 moe.shared 0.17 moe.d2h 0.05 mtp.router 0.02 moe.gpu_experts 0.50 moe.cpu_experts 0.35 mtp.experts 0.04 mtp.head 1.47
[mtp] gate2 k 1 · expect 1.48 tok / 31.5 ms (T1 23.5) · got 1 tok / 28.3 ms · net 4.4 ms
[mtp] pos 224 draft 4.1 ms · verify 2 rows 28.4 ms · accepted 0/1 · conf [0.69,0.85,0.41,0.35,-0.93] · hit 405 cpu 66
[mtp] gate2 k 1 · expect 1.49 tok / 30.8 ms (T1 23.5) · got 2 tok / 29.1 ms · net 3.6 ms
[mtp] pos 226 draft 3.6 ms · verify 2 rows 29.1 ms · accepted 1/1 · conf [1.69,2.15,0.27,-0.16,-0.82] · hit 397 cpu 73
[mtp] gate2 k 1 · expect 1.54 tok / 30.5 ms (T1 23.5) · got 2 tok / 26.9 ms · net 3.3 ms
[mtp] pos 228 draft 3.6 ms · verify 2 rows 26.9 ms · accepted 1/1 · conf [1.54,-0.04,-0.64,-0.92,-0.38] · hit 414 cpu 63
[mtp] gate2 k 1 · expect 1.59 tok / 29.8 ms (T1 23.5) · got 2 tok / 28.7 ms · net 3.4 ms
[mtp] pos 230 draft 3.9 ms · verify 2 rows 28.7 ms · accepted 1/1 · conf [1.72,-0.47,1.33,-0.27,-0.58] · hit 394 cpu 76
[mtp] gate2 k 1 · expect 1.43 tok / 29.6 ms (T1 23.5) · got 1 tok / 30.6 ms · net 2.7 ms
[mtp] pos 231 draft 3.8 ms · verify 2 rows 30.6 ms · accepted 0/1 · conf [0.80,0.41,-0.40,-0.81,-0.15] · hit 392 cpu 77
[mtp] gate2 k 1 · expect 1.74 tok / 29.8 ms (T1 23.5) · got 2 tok / 27.3 ms · net 3.7 ms
[mtp] pos 233 draft 3.6 ms · verify 2 rows 27.3 ms · accepted 1/1 · conf [2.41,0.13,-0.19,-0.03,-0.57] · hit 419 cpu 56
[mtp] gate2 k 1 · expect 1.62 tok / 29.3 ms (T1 23.5) · got 1 tok / 25.6 ms · net 3.9 ms
[mtp] pos 234 draft 3.9 ms · verify 2 rows 25.7 ms · accepted 0/1 · conf [1.31,1.17,0.31,0.17,0.87] · hit 428 cpu 48
[mtp] gate2 k 5 · expect 3.65 tok / 52.8 ms (T1 23.5) · got 6 tok / 51.2 ms · net 9.0 ms
[mtp] pos 240 draft 3.6 ms · verify 6 rows 51.2 ms · accepted 5/5 · conf [7.22,4.45,2.76,0.50,0.98] · hit 1246 cpu 145
[mtp] gate2 k 5 · expect 4.95 tok / 52.5 ms (T1 23.5) · got 2 tok / 61.1 ms · net 19.2 ms
[mtp] pos 242 draft 3.6 ms · verify 6 rows 61.2 ms · accepted 1/5 · conf [8.37,8.08,13.06,2.61,5.13] · hit 1158 cpu 198
[hived] 451fe774f49664e7: prefill 185 tok 913 ms · decode 57 tok 1900 ms (29.5 tok/s, batch 1) · hit 13195 cpu 2490 · resident 4438/4446 · mtp 30/41 in 25 steps · stop
[snapshot] pos 121 d2h_bytes 5802160 host_bytes 5807628 async 1 delta 0
[hived] 378ec8efc28f8581: prefill_pending=1 (multi-chunk)
[runtime] elastic reclaim #11: evicted 574 · dropped promotions 7 (total) · 4.55 ms · slots 4446 → 3869
[hived] 378ec8efc28f8581: prefill chunk 1 M 759 · 0→759/32815 · upper on · tail rows 0 · hit 103836 streamed 1902 cpu 18868 dma_rows 59456 · cpu wait 1389 ms span 1447 ms · 1872 ms
[snapshot] pos 759 d2h_bytes 6389120 host_bytes 6402244 async 1 delta 0
[hived] 378ec8efc28f8581: prefix snapshot at 759 (upper on · 4 entries)
[snapshot] pos 95709 d2h_bytes 5695072 host_bytes 94895836 async 1 delta 1
[hived] a8b887d8f985aa81: reuse 759/33261 via shared-prefix (was reset 0 · upper on · 4 entries)
[snapshot] pos 95606 d2h_bytes 5695072 host_bytes 94800392 async 1 delta 1
[hived] 2bc199e02ba35c74: reuse 759/33853 via shared-prefix (was reset 0 · upper on · 4 entries)
[snapshot] pos 60 d2h_bytes 5746592 host_bytes 5751328 async 1 delta 0
[hived] 03869cdc98423e4c: reuse 759/34892 via shared-prefix (was reset 0 · upper on · 4 entries)
[hived] 2bc199e02ba35c74: prefill_pending=1 (multi-chunk)
[hived] batch prefill round 1: 3 sequences (378ec8efc28f8581:32056,a8b887d8f985aa81:32502,2bc199e02ba35c74:32070) · 96628 rows · slots 6/6 · hit 4162019 streamed 5280 cpu 77492 dma_rows 7386569 · 14324 ms
[hived] 378ec8efc28f8581: prefill chunk 2 M 32056 · 759→32815/32815 · upper on · tail rows 128 · hit 4162019 streamed 5280 cpu 77492 dma_rows 7386569 · cpu wait 1713 ms span 5053 ms · 14324 ms
[hived] a8b887d8f985aa81: prefill chunk 1 M 32502 · 759→33261/33261 · upper on · tail rows 128 · hit 4162019 streamed 5280 cpu 77492 dma_rows 7386569 · cpu wait 1713 ms span 5053 ms · 14324 ms
[hived] 2bc199e02ba35c74: prefill chunk 1 M 32070 · 759→32829/33853 · upper skip · tail rows 0 · hit 4162019 streamed 5280 cpu 77492 dma_rows 7386569 · cpu wait 1713 ms span 5053 ms · 14324 ms
[hived] 378ec8efc28f8581: prefill_pending=1
[hived] 378ec8efc28f8581: prefill total 32815 rows in 2 chunks · hit 4265855 streamed 7182 cpu 96360 dma_rows 7446025 · cpu wait 3102 ms span 6500 ms · 16240 ms
[hived] a8b887d8f985aa81: prefill total 32502 rows in 1 chunks · hit 4162019 streamed 5280 cpu 77492 dma_rows 7386569 · cpu wait 1713 ms span 5053 ms · 14349 ms
[snapshot] pos 32815 d2h_bytes 35880640 host_bytes 36278436 async 1 delta 0
[snapshot] pos 33261 d2h_bytes 36290960 host_bytes 36694108 async 1 delta 0
[cache] step 4052 M=2 routed 480 hit 322 cpu 126 streamed 16 · resident 3869 pending 0 / 3869 · dma.span 11.60 dma.wait 9.73 ms (16 layers) · promo 107.6 MiB paced
[cache] step 4053 M=2 routed 480 hit 306 cpu 142 streamed 16 · resident 3869 pending 0 / 3869 · dma.span 11.59 dma.wait 9.90 ms (16 layers) · promo 0.0 MiB paced
[cache] step 4054 M=2 routed 480 hit 278 cpu 158 streamed 22 · resident 3869 pending 0 / 3869 · dma.span 15.77 dma.wait 13.47 ms (22 layers) · promo 0.0 MiB paced
[cache] step 4055 M=2 routed 480 hit 282 cpu 145 streamed 29 · resident 3869 pending 0 / 3869 · dma.span 20.52 dma.wait 17.24 ms (28 layers) · promo 0.0 MiB paced
[cache] step 4056 M=2 routed 480 hit 261 cpu 160 streamed 40 · resident 3869 pending 0 / 3869 · dma.span 28.32 dma.wait 23.96 ms (36 layers) · promo 0.0 MiB paced
[cache] step 4057 M=2 routed 480 hit 302 cpu 137 streamed 31 · resident 3869 pending 0 / 3869 · dma.span 21.85 dma.wait 17.97 ms (29 layers) · promo 0.0 MiB paced
[cache] step 4058 M=2 routed 480 hit 263 cpu 162 streamed 44 · resident 3869 pending 0 / 3869 · dma.span 30.89 dma.wait 26.01 ms (38 layers) · promo 0.0 MiB paced
[cache] step 4059 M=2 routed 480 hit 254 cpu 170 streamed 47 · resident 3869 pending 0 / 3869 · dma.span 33.06 dma.wait 28.23 ms (38 layers) · promo 0.0 MiB paced
[cache] step 4060 M=2 routed 480 hit 247 cpu 177 streamed 45 · resident 3869 pending 0 / 3869 · dma.span 31.59 dma.wait 26.69 ms (38 layers) · promo 0.0 MiB paced
[cache] step 4061 M=2 routed 480 hit 294 cpu 140 streamed 36 · resident 3869 pending 0 / 3869 · dma.span 25.39 dma.wait 20.89 ms (33 layers) · promo 0.0 MiB paced
[cache] step 4062 M=2 routed 480 hit 276 cpu 151 streamed 34 · resident 3869 pending 0 / 3869 · dma.span 23.98 dma.wait 20.04 ms (31 layers) · promo 0.0 MiB paced
[cache] step 4063 M=2 routed 480 hit 241 cpu 178 streamed 47 · resident 3869 pending 0 / 3869 · dma.span 33.11 dma.wait 28.43 ms (38 layers) · promo 0.0 MiB paced
[cache] step 4064 M=2 routed 480 hit 269 cpu 155 streamed 44 · resident 3869 pending 0 / 3869 · dma.span 30.87 dma.wait 25.69 ms (39 layers) · promo 0.0 MiB paced
[cache] step 4065 M=2 routed 480 hit 268 cpu 161 streamed 42 · resident 3869 pending 0 / 3869 · dma.span 29.62 dma.wait 25.22 ms (35 layers) · promo 0.0 MiB paced
[cache] step 4066 M=2 routed 480 hit 225 cpu 198 streamed 52 · resident 3869 pending 0 / 3869 · dma.span 36.46 dma.wait 31.52 ms (39 layers) · promo 0.0 MiB paced
[cache] step 4067 M=2 routed 480 hit 198 cpu 218 streamed 61 · resident 3869 pending 0 / 3869 · dma.span 42.95 dma.wait 38.35 ms (39 layers) · promo 0.0 MiB paced
[cache] step 4068 M=2 routed 480 hit 267 cpu 165 streamed 45 · resident 3869 pending 0 / 3869 · dma.span 31.67 dma.wait 26.27 ms (39 layers) · promo 0.0 MiB paced
[cache] step 4069 M=2 routed 480 hit 228 cpu 193 streamed 53 · resident 3869 pending 0 / 3869 · dma.span 37.10 dma.wait 32.19 ms (39 layers) · promo 0.0 MiB paced
[cache] step 4070 M=2 routed 480 hit 213 cpu 209 streamed 58 · resident 3869 pending 0 / 3869 · dma.span 40.73 dma.wait 35.65 ms (40 layers) · promo 0.0 MiB paced
[cache] step 4071 M=2 routed 480 hit 216 cpu 207 streamed 56 · resident 3869 pending 0 / 3869 · dma.span 39.29 dma.wait 34.56 ms (39 layers) · promo 0.0 MiB paced
[cache] step 4072 M=2 routed 480 hit 213 cpu 201 streamed 53 · resident 3869 pending 0 / 3869 · dma.span 37.15 dma.wait 32.49 ms (39 layers) · promo 0.0 MiB paced
[cache] step 4073 M=2 routed 480 hit 232 cpu 184 streamed 51 · resident 3869 pending 0 / 3869 · dma.span 35.79 dma.wait 31.03 ms (38 layers) · promo 0.0 MiB paced
[cache] step 4074 M=2 routed 480 hit 255 cpu 178 streamed 42 · resident 3869 pending 0 / 3869 · dma.span 29.47 dma.wait 25.21 ms (34 layers) · promo 0.0 MiB paced
[cache] step 4075 M=2 routed 480 hit 272 cpu 155 streamed 41 · resident 3869 pending 0 / 3869 · dma.span 28.81 dma.wait 24.19 ms (35 layers) · promo 0.0 MiB paced
[cache] step 4076 M=2 routed 480 hit 267 cpu 163 streamed 42 · resident 3869 pending 0 / 3869 · dma.span 29.49 dma.wait 24.37 ms (38 layers) · promo 0.0 MiB paced
[cache] step 4077 M=2 routed 480 hit 270 cpu 161 streamed 43 · resident 3869 pending 0 / 3869 · dma.span 30.11 dma.wait 25.07 ms (37 layers) · promo 0.0 MiB paced
[cache] step 4078 M=2 routed 480 hit 263 cpu 167 streamed 46 · resident 3869 pending 0 / 3869 · dma.span 32.16 dma.wait 27.11 ms (37 layers) · promo 0.0 MiB paced
[cache] step 4079 M=2 routed 480 hit 280 cpu 156 streamed 38 · resident 3869 pending 0 / 3869 · dma.span 26.66 dma.wait 22.39 ms (33 layers) · promo 0.0 MiB paced
[cache] step 4080 M=2 routed 480 hit 243 cpu 181 streamed 50 · resident 3869 pending 0 / 3869 · dma.span 35.09 dma.wait 29.98 ms (39 layers) · promo 0.0 MiB paced
[cache] step 4081 M=2 routed 480 hit 228 cpu 188 streamed 50 · resident 3869 pending 0 / 3869 · dma.span 35.09 dma.wait 30.37 ms (39 layers) · promo 0.0 MiB paced
[cache] step 4082 M=2 routed 480 hit 250 cpu 173 streamed 45 · resident 3869 pending 0 / 3869 · dma.span 31.51 dma.wait 26.72 ms (37 layers) · promo 0.0 MiB paced
[cache] step 4083 M=2 routed 480 hit 260 cpu 169 streamed 43 · resident 3869 pending 0 / 3869 · dma.span 30.36 dma.wait 25.87 ms (35 layers) · promo 0.0 MiB paced
[cache] step 4084 M=2 routed 480 hit 253 cpu 172 streamed 48 · resident 3869 pending 0 / 3869 · dma.span 33.70 dma.wait 28.44 ms (40 layers) · promo 0.0 MiB paced
[cache] step 4085 M=2 routed 480 hit 274 cpu 161 streamed 42 · resident 3869 pending 0 / 3869 · dma.span 29.48 dma.wait 24.90 ms (34 layers) · promo 0.0 MiB paced
[cache] step 4086 M=2 routed 480 hit 260 cpu 165 streamed 42 · resident 3869 pending 0 / 3869 · dma.span 29.48 dma.wait 24.90 ms (36 layers) · promo 0.0 MiB paced
[cache] step 4087 M=2 routed 480 hit 245 cpu 174 streamed 49 · resident 3869 pending 0 / 3869 · dma.span 34.39 dma.wait 29.27 ms (40 layers) · promo 0.0 MiB paced
[cache] step 4088 M=2 routed 480 hit 249 cpu 180 streamed 49 · resident 3869 pending 0 / 3869 · dma.span 34.34 dma.wait 29.57 ms (37 layers) · promo 0.0 MiB paced
[cache] step 4089 M=2 routed 480 hit 271 cpu 164 streamed 43 · resident 3869 pending 0 / 3869 · dma.span 30.16 dma.wait 25.01 ms (38 layers) · promo 0.0 MiB paced
[cache] step 4090 M=2 routed 480 hit 255 cpu 175 streamed 48 · resident 3869 pending 0 / 3869 · dma.span 33.69 dma.wait 28.82 ms (37 layers) · promo 0.0 MiB paced
[cache] step 4091 M=2 routed 480 hit 248 cpu 181 streamed 49 · resident 3869 pending 0 / 3869 · dma.span 34.34 dma.wait 29.16 ms (39 layers) · promo 0.0 MiB paced
[cache] step 4092 M=2 routed 480 hit 222 cpu 196 streamed 51 · resident 3869 pending 0 / 3869 · dma.span 35.74 dma.wait 31.12 ms (38 layers) · promo 0.0 MiB paced
[cache] step 4093 M=2 routed 480 hit 253 cpu 175 streamed 46 · resident 3869 pending 0 / 3869 · dma.span 32.35 dma.wait 27.29 ms (38 layers) · promo 0.0 MiB paced
[cache] step 4094 M=2 routed 480 hit 291 cpu 147 streamed 36 · resident 3869 pending 0 / 3869 · dma.span 25.30 dma.wait 21.02 ms (32 layers) · promo 0.0 MiB paced
[cache] step 4095 M=2 routed 480 hit 236 cpu 187 streamed 51 · resident 3869 pending 0 / 3869 · dma.span 35.93 dma.wait 30.91 ms (39 layers) · promo 0.0 MiB paced
[decode-sync M=2] layer waits 80 · host wait 14.87 ms (spin)
[profile M=2] total 60.28 ms: embed 0.01 segA.win 0.29 moe.gpu_experts 41.01 moe.cpu_experts 4.82 moe 0.01 segA.engram 0.93 segA.index 2.87 segA.comp 9.02 head 1.15 mtp.sync 0.17 · dma.span 41.44 dma.wait 34.67 ms (40 layers) · promo 0.0 MiB paced
[early-route M=2] layers 3400 · host ahead of front end 1361 · table on own stream 3400 · absorbed 0 (resync 0 · missing 0 · untrusted 0)
[decode-host M=2] sync 0.48 · prep 0.12 · launch 2.90 · cpu 39.08 vs gpu 40.54 (cpu-bound layers 18/40) · tail 4.39 ms · next 0.07 · front 12.09 · post 0.11 · hprep 0.15 · gpu-idle 5.92 of 58.94 ms (cpu layers 40)
[decode-miss M=2] layers 0 · miss 0 · staged 0 · reuse 0 · copy 0 · cpu 0 (jobs 10529) · pred 0 used 0 (precision 0.00 · recall 0.00) · prefetch issued 0 used 0 busy 0 · cpu-first
[cache] step 4096 M=2 routed 480 hit 215 cpu 204 streamed 59 · resident 3869 pending 0 / 3869 · vram free 2278 MiB · dma.span 41.44 dma.wait 34.67 ms (40 layers) · promo 0.0 MiB paced
[cache] step 4097 M=2 routed 480 hit 211 cpu 205 streamed 58 · resident 3869 pending 0 / 3869 · dma.span 40.75 dma.wait 36.05 ms (39 layers) · promo 0.0 MiB paced
[cache] step 4098 M=2 routed 480 hit 223 cpu 196 streamed 53 · resident 3869 pending 0 / 3869 · dma.span 37.23 dma.wait 32.38 ms (39 layers) · promo 0.0 MiB paced
[cache] step 4099 M=2 routed 480 hit 203 cpu 215 streamed 58 · resident 3869 pending 0 / 3869 · dma.span 40.80 dma.wait 36.10 ms (39 layers) · promo 0.0 MiB paced
[cache] step 4100 M=2 routed 480 hit 227 cpu 200 streamed 52 · resident 3869 pending 0 / 3869 · dma.span 36.48 dma.wait 31.53 ms (39 layers) · promo 0.0 MiB paced
[cache] step 4101 M=2 routed 480 hit 249 cpu 175 streamed 46 · resident 3869 pending 0 / 3869 · dma.span 32.29 dma.wait 27.52 ms (37 layers) · promo 0.0 MiB paced
[cache] step 4102 M=2 routed 480 hit 256 cpu 163 streamed 45 · resident 3869 pending 0 / 3869 · dma.span 31.51 dma.wait 26.78 ms (37 layers) · promo 0.0 MiB paced
[cache] step 4103 M=2 routed 480 hit 251 cpu 169 streamed 47 · resident 3869 pending 0 / 3869 · dma.span 32.97 dma.wait 27.89 ms (39 layers) · promo 0.0 MiB paced
[cache] step 4104 M=2 routed 480 hit 239 cpu 179 streamed 50 · resident 3869 pending 0 / 3869 · dma.span 35.15 dma.wait 29.90 ms (40 layers) · promo 0.0 MiB paced
[cache] step 4105 M=2 routed 480 hit 262 cpu 169 streamed 45 · resident 3869 pending 0 / 3869 · dma.span 31.45 dma.wait 26.71 ms (36 layers) · promo 0.0 MiB paced
[cache] step 4106 M=2 routed 480 hit 251 cpu 178 streamed 46 · resident 3869 pending 0 / 3869 · dma.span 32.26 dma.wait 27.50 ms (37 layers) · promo 0.0 MiB paced
[cache] step 4107 M=2 routed 480 hit 234 cpu 188 streamed 48 · resident 3869 pending 0 / 3869 · dma.span 33.64 dma.wait 29.34 ms (35 layers) · promo 0.0 MiB paced
[cache] step 4108 M=2 routed 480 hit 245 cpu 175 streamed 45 · resident 3869 pending 0 / 3869 · dma.span 31.57 dma.wait 27.06 ms (36 layers) · promo 0.0 MiB paced
[cache] step 4109 M=2 routed 480 hit 217 cpu 200 streamed 56 · resident 3869 pending 0 / 3869 · dma.span 39.28 dma.wait 34.36 ms (40 layers) · promo 0.0 MiB paced
[cache] step 4110 M=2 routed 480 hit 233 cpu 192 streamed 52 · resident 3869 pending 0 / 3869 · dma.span 36.50 dma.wait 31.41 ms (40 layers) · promo 0.0 MiB paced
[cache] step 4111 M=2 routed 480 hit 234 cpu 191 streamed 48 · resident 3869 pending 0 / 3869 · dma.span 33.64 dma.wait 28.99 ms (37 layers) · promo 0.0 MiB paced
[cache] step 4112 M=2 routed 480 hit 254 cpu 170 streamed 45 · resident 3869 pending 0 / 3869 · dma.span 31.60 dma.wait 26.74 ms (37 layers) · promo 0.0 MiB paced
[cache] step 4113 M=2 routed 480 hit 234 cpu 188 streamed 51 · resident 3869 pending 0 / 3869 · dma.span 35.83 dma.wait 31.01 ms (38 layers) · promo 0.0 MiB paced
[cache] step 4114 M=2 routed 480 hit 242 cpu 175 streamed 46 · resident 3869 pending 0 / 3869 · dma.span 32.33 dma.wait 27.43 ms (38 layers) · promo 0.0 MiB paced
[cache] step 4115 M=2 routed 480 hit 210 cpu 206 streamed 55 · resident 3869 pending 0 / 3869 · dma.span 38.77 dma.wait 33.91 ms (39 layers) · promo 0.0 MiB paced
[cache] step 4116 M=2 routed 480 hit 237 cpu 192 streamed 51 · resident 3869 pending 0 / 3869 · dma.span 35.76 dma.wait 30.72 ms (39 layers) · promo 0.0 MiB paced
[cache] step 4117 M=2 routed 480 hit 262 cpu 171 streamed 46 · resident 3869 pending 0 / 3869 · dma.span 32.32 dma.wait 27.27 ms (37 layers) · promo 0.0 MiB paced
[cache] step 4118 M=2 routed 480 hit 239 cpu 189 streamed 49 · resident 3869 pending 0 / 3869 · dma.span 34.44 dma.wait 29.28 ms (39 layers) · promo 0.0 MiB paced
[cache] step 4119 M=2 routed 480 hit 250 cpu 181 streamed 48 · resident 3869 pending 0 / 3869 · dma.span 33.71 dma.wait 28.38 ms (39 layers) · promo 0.0 MiB paced
[cache] step 4120 M=2 routed 480 hit 226 cpu 195 streamed 53 · resident 3869 pending 0 / 3869 · dma.span 37.27 dma.wait 32.56 ms (38 layers) · promo 0.0 MiB paced
[cache] step 4121 M=2 routed 480 hit 291 cpu 149 streamed 39 · resident 3869 pending 0 / 3869 · dma.span 27.47 dma.wait 22.63 ms (34 layers) · promo 0.0 MiB paced
[cache] step 4122 M=2 routed 480 hit 215 cpu 198 streamed 56 · resident 3869 pending 0 / 3869 · dma.span 39.41 dma.wait 34.64 ms (39 layers) · promo 0.0 MiB paced
[cache] step 4123 M=2 routed 480 hit 239 cpu 187 streamed 50 · resident 3869 pending 0 / 3869 · dma.span 35.16 dma.wait 29.97 ms (40 layers) · promo 0.0 MiB paced
[cache] step 4124 M=2 routed 480 hit 239 cpu 188 streamed 50 · resident 3869 pending 0 / 3869 · dma.span 35.14 dma.wait 29.98 ms (39 layers) · promo 0.0 MiB paced
[cache] step 4125 M=2 routed 480 hit 262 cpu 173 streamed 45 · resident 3869 pending 0 / 3869 · dma.span 31.60 dma.wait 26.67 ms (36 layers) · promo 0.0 MiB paced
[cache] step 4126 M=2 routed 480 hit 235 cpu 191 streamed 51 · resident 3869 pending 0 / 3869 · dma.span 35.85 dma.wait 30.71 ms (39 layers) · promo 0.0 MiB paced
[cache] step 4127 M=2 routed 480 hit 242 cpu 187 streamed 48 · resident 3869 pending 0 / 3869 · dma.span 33.70 dma.wait 28.76 ms (38 layers) · promo 0.0 MiB paced
[cache] step 4128 M=2 routed 480 hit 218 cpu 198 streamed 58 · resident 3869 pending 0 / 3869 · dma.span 40.62 dma.wait 35.65 ms (40 layers) · promo 0.0 MiB paced
[cache] step 4129 M=2 routed 480 hit 232 cpu 181 streamed 52 · resident 3869 pending 0 / 3869 · dma.span 36.45 dma.wait 31.32 ms (39 layers) · promo 0.0 MiB paced
[cache] step 4130 M=2 routed 480 hit 240 cpu 185 streamed 48 · resident 3869 pending 0 / 3869 · dma.span 33.74 dma.wait 29.25 ms (36 layers) · promo 0.0 MiB paced
[cache] step 4131 M=2 routed 480 hit 244 cpu 182 streamed 50 · resident 3869 pending 0 / 3869 · dma.span 35.11 dma.wait 30.13 ms (38 layers) · promo 0.0 MiB paced
[cache] step 4132 M=2 routed 480 hit 260 cpu 170 streamed 44 · resident 3869 pending 0 / 3869 · dma.span 30.93 dma.wait 25.99 ms (37 layers) · promo 0.0 MiB paced
[cache] step 4133 M=2 routed 480 hit 225 cpu 192 streamed 53 · resident 3869 pending 0 / 3869 · dma.span 37.21 dma.wait 32.40 ms (39 layers) · promo 0.0 MiB paced
[cache] step 4134 M=2 routed 480 hit 231 cpu 191 streamed 52 · resident 3869 pending 0 / 3869 · dma.span 36.50 dma.wait 31.35 ms (40 layers) · promo 0.0 MiB paced
[cache] step 4135 M=2 routed 480 hit 219 cpu 203 streamed 53 · resident 3869 pending 0 / 3869 · dma.span 37.23 dma.wait 32.39 ms (39 layers) · promo 0.0 MiB paced
[cache] step 4136 M=2 routed 480 hit 211 cpu 206 streamed 55 · resident 3869 pending 0 / 3869 · dma.span 38.58 dma.wait 33.74 ms (40 layers) · promo 0.0 MiB paced
[cache] step 4137 M=2 routed 480 hit 256 cpu 168 streamed 44 · resident 3869 pending 0 / 3869 · dma.span 30.95 dma.wait 26.19 ms (36 layers) · promo 0.0 MiB paced
[cache] step 4138 M=2 routed 480 hit 287 cpu 149 streamed 35 · resident 3869 pending 0 / 3869 · dma.span 24.58 dma.wait 20.31 ms (32 layers) · promo 0.0 MiB paced
[cache] step 4139 M=2 routed 480 hit 224 cpu 184 streamed 49 · resident 3869 pending 0 / 3869 · dma.span 34.43 dma.wait 29.87 ms (38 layers) · promo 0.0 MiB paced
[cache] step 4140 M=2 routed 480 hit 237 cpu 182 streamed 46 · resident 3869 pending 0 / 3869 · dma.span 32.30 dma.wait 27.56 ms (38 layers) · promo 0.0 MiB paced
[cache] step 4141 M=2 routed 480 hit 205 cpu 219 streamed 55 · resident 3869 pending 0 / 3869 · dma.span 38.56 dma.wait 34.00 ms (38 layers) · promo 0.0 MiB paced
[cache] step 4142 M=2 routed 480 hit 212 cpu 204 streamed 56 · resident 3869 pending 0 / 3869 · dma.span 39.46 dma.wait 34.75 ms (38 layers) · promo 0.0 MiB paced
[cache] step 4143 M=2 routed 480 hit 216 cpu 201 streamed 53 · resident 3869 pending 0 / 3869 · dma.span 37.28 dma.wait 32.58 ms (39 layers) · promo 0.0 MiB paced
[cache] step 4144 M=2 routed 480 hit 182 cpu 229 streamed 59 · resident 3869 pending 0 / 3869 · dma.span 41.50 dma.wait 37.00 ms (40 layers) · promo 0.0 MiB paced
[cache] step 4145 M=2 routed 480 hit 205 cpu 212 streamed 55 · resident 3869 pending 0 / 3869 · dma.span 38.60 dma.wait 34.19 ms (37 layers) · promo 0.0 MiB paced
[cache] step 4146 M=2 routed 480 hit 211 cpu 204 streamed 53 · resident 3869 pending 0 / 3869 · dma.span 37.21 dma.wait 32.65 ms (38 layers) · promo 0.0 MiB paced
[cache] step 4147 M=2 routed 480 hit 182 cpu 225 streamed 63 · resident 3869 pending 0 / 3869 · dma.span 44.38 dma.wait 39.78 ms (40 layers) · promo 0.0 MiB paced
[cache] step 4148 M=2 routed 480 hit 222 cpu 199 streamed 54 · resident 3869 pending 0 / 3869 · dma.span 38.04 dma.wait 33.09 ms (39 layers) · promo 0.0 MiB paced
[cache] step 4149 M=2 routed 480 hit 242 cpu 181 streamed 48 · resident 3869 pending 0 / 3869 · dma.span 33.72 dma.wait 28.68 ms (38 layers) · promo 0.0 MiB paced
[cache] step 4150 M=2 routed 480 hit 237 cpu 188 streamed 50 · resident 3869 pending 0 / 3869 · dma.span 35.11 dma.wait 29.95 ms (39 layers) · promo 0.0 MiB paced
[cache] step 4151 M=2 routed 480 hit 250 cpu 176 streamed 44 · resident 3869 pending 0 / 3869 · dma.span 30.88 dma.wait 26.25 ms (36 layers) · promo 0.0 MiB paced
[cache] step 4152 M=2 routed 480 hit 225 cpu 187 streamed 49 · resident 3869 pending 0 / 3869 · dma.span 34.39 dma.wait 29.67 ms (39 layers) · promo 0.0 MiB paced
[cache] step 4153 M=2 routed 480 hit 216 cpu 191 streamed 48 · resident 3869 pending 0 / 3869 · dma.span 33.65 dma.wait 29.04 ms (39 layers) · promo 0.0 MiB paced
[cache] step 4154 M=2 routed 480 hit 233 cpu 182 streamed 47 · resident 3869 pending 0 / 3869 · dma.span 33.02 dma.wait 28.73 ms (37 layers) · promo 0.0 MiB paced
[cache] step 4155 M=2 routed 480 hit 269 cpu 160 streamed 41 · resident 3869 pending 0 / 3869 · dma.span 28.75 dma.wait 23.80 ms (38 layers) · promo 0.0 MiB paced
[cache] step 4156 M=2 routed 480 hit 245 cpu 171 streamed 43 · resident 3869 pending 0 / 3869 · dma.span 30.15 dma.wait 25.89 ms (36 layers) · promo 0.0 MiB paced
[cache] step 4157 M=2 routed 480 hit 227 cpu 187 streamed 47 · resident 3869 pending 0 / 3869 · dma.span 33.15 dma.wait 29.00 ms (37 layers) · promo 0.0 MiB paced
[cache] step 4158 M=2 routed 480 hit 216 cpu 191 streamed 51 · resident 3869 pending 0 / 3869 · dma.span 35.87 dma.wait 31.51 ms (39 layers) · promo 0.0 MiB paced
[cache] step 4159 M=2 routed 480 hit 224 cpu 189 streamed 50 · resident 3869 pending 0 / 3869 · dma.span 35.08 dma.wait 31.13 ms (36 layers) · promo 0.0 MiB paced
[decode-sync M=2] layer waits 80 · host wait 14.21 ms (spin)
[profile M=2] total 52.41 ms: embed 0.01 segA.win 0.29 moe.gpu_experts 34.75 moe.cpu_experts 3.26 moe 0.02 segA.engram 0.94 segA.index 2.86 segA.comp 8.97 head 1.15 mtp.sync 0.18 · dma.span 35.25 dma.wait 28.55 ms (39 layers) · promo 0.0 MiB paced
[early-route M=2] layers 2560 · host ahead of front end 129 · table on own stream 2560 · absorbed 0 (resync 0 · missing 0 · untrusted 0)
[decode-host M=2] sync 0.48 · prep 0.11 · launch 2.55 · cpu 32.41 vs gpu 34.29 (cpu-bound layers 18/40) · tail 2.88 ms · next 0.06 · front 12.07 · post 0.06 · hprep 0.15 · gpu-idle 4.37 of 51.08 ms (cpu layers 40)
[decode-miss M=2] layers 0 · miss 0 · staged 0 · reuse 0 · copy 0 · cpu 0 (jobs 11881) · pred 0 used 0 (precision 0.00 · recall 0.00) · prefetch issued 0 used 0 busy 0 · cpu-first
[cache] step 4160 M=2 routed 480 hit 243 cpu 171 streamed 50 · resident 3869 pending 0 / 3869 · vram free 2278 MiB · dma.span 35.25 dma.wait 28.55 ms (39 layers) · promo 0.0 MiB paced
[cache] step 4161 M=2 routed 480 hit 269 cpu 163 streamed 42 · resident 3869 pending 0 / 3869 · dma.span 29.54 dma.wait 24.65 ms (37 layers) · promo 0.0 MiB paced
[cache] step 4162 M=2 routed 480 hit 237 cpu 190 streamed 47 · resident 3869 pending 0 / 3869 · dma.span 33.08 dma.wait 28.89 ms (35 layers) · promo 0.0 MiB paced
[cache] step 4163 M=2 routed 480 hit 287 cpu 149 streamed 40 · resident 3869 pending 0 / 3869 · dma.span 28.10 dma.wait 23.11 ms (36 layers) · promo 0.0 MiB paced
[cache] step 4164 M=2 routed 480 hit 221 cpu 188 streamed 49 · resident 3869 pending 0 / 3869 · dma.span 34.37 dma.wait 29.94 ms (38 layers) · promo 0.0 MiB paced
[cache] step 4165 M=2 routed 480 hit 252 cpu 162 streamed 42 · resident 3869 pending 0 / 3869 · dma.span 29.48 dma.wait 25.48 ms (35 layers) · promo 0.0 MiB paced
[cache] step 4166 M=2 routed 480 hit 252 cpu 162 streamed 43 · resident 3869 pending 0 / 3869 · dma.span 30.18 dma.wait 25.90 ms (36 layers) · promo 0.0 MiB paced
[cache] step 4167 M=2 routed 480 hit 244 cpu 176 streamed 50 · resident 3869 pending 0 / 3869 · dma.span 35.24 dma.wait 30.45 ms (38 layers) · promo 0.0 MiB paced
[cache] step 4168 M=2 routed 480 hit 259 cpu 170 streamed 46 · resident 3869 pending 0 / 3869 · dma.span 32.42 dma.wait 27.66 ms (37 layers) · promo 0.0 MiB paced
[cache] step 4169 M=2 routed 480 hit 251 cpu 170 streamed 44 · resident 3869 pending 0 / 3869 · dma.span 30.93 dma.wait 26.11 ms (38 layers) · promo 0.0 MiB paced
[cache] step 4170 M=2 routed 480 hit 279 cpu 157 streamed 38 · resident 3869 pending 0 / 3869 · dma.span 26.67 dma.wait 22.32 ms (33 layers) · promo 0.0 MiB paced
[cache] step 4171 M=2 routed 480 hit 279 cpu 152 streamed 40 · resident 3869 pending 0 / 3869 · dma.span 28.06 dma.wait 23.37 ms (36 layers) · promo 0.0 MiB paced
[cache] step 4172 M=2 routed 480 hit 259 cpu 170 streamed 43 · resident 3869 pending 0 / 3869 · dma.span 30.22 dma.wait 25.79 ms (35 layers) · promo 0.0 MiB paced
[cache] step 4173 M=2 routed 480 hit 259 cpu 166 streamed 43 · resident 3869 pending 0 / 3869 · dma.span 30.35 dma.wait 25.68 ms (36 layers) · promo 0.0 MiB paced
[cache] step 4174 M=2 routed 480 hit 243 cpu 178 streamed 48 · resident 3869 pending 0 / 3869 · dma.span 33.81 dma.wait 29.84 ms (34 layers) · promo 0.0 MiB paced
[cache] step 4175 M=2 routed 480 hit 252 cpu 172 streamed 45 · resident 3869 pending 0 / 3869 · dma.span 31.57 dma.wait 27.03 ms (36 layers) · promo 0.0 MiB paced
[cache] step 4176 M=2 routed 480 hit 272 cpu 157 streamed 38 · resident 3869 pending 0 / 3869 · dma.span 26.75 dma.wait 22.48 ms (33 layers) · promo 0.0 MiB paced
[cache] step 4177 M=2 routed 480 hit 241 cpu 181 streamed 49 · resident 3869 pending 0 / 3869 · dma.span 34.46 dma.wait 29.66 ms (38 layers) · promo 0.0 MiB paced
[cache] step 4178 M=2 routed 480 hit 265 cpu 169 streamed 46 · resident 3869 pending 0 / 3869 · dma.span 32.31 dma.wait 27.15 ms (37 layers) · promo 0.0 MiB paced
[cache] step 4179 M=2 routed 480 hit 239 cpu 186 streamed 51 · resident 3869 pending 0 / 3869 · dma.span 35.91 dma.wait 30.74 ms (39 layers) · promo 0.0 MiB paced
[cache] step 4180 M=2 routed 480 hit 258 cpu 172 streamed 45 · resident 3869 pending 0 / 3869 · dma.span 31.62 dma.wait 26.09 ms (39 layers) · promo 0.0 MiB paced
[cache] step 4181 M=2 routed 480 hit 235 cpu 183 streamed 49 · resident 3869 pending 0 / 3869 · dma.span 34.52 dma.wait 29.74 ms (38 layers) · promo 0.0 MiB paced
[cache] step 4182 M=2 routed 480 hit 276 cpu 153 streamed 38 · resident 3869 pending 0 / 3869 · dma.span 26.68 dma.wait 22.57 ms (32 layers) · promo 0.0 MiB paced
[cache] step 4183 M=2 routed 480 hit 245 cpu 178 streamed 47 · resident 3869 pending 0 / 3869 · dma.span 32.86 dma.wait 28.05 ms (37 layers) · promo 0.0 MiB paced
[cache] step 4184 M=2 routed 480 hit 258 cpu 168 streamed 46 · resident 3869 pending 0 / 3869 · dma.span 32.23 dma.wait 27.18 ms (37 layers) · promo 0.0 MiB paced
[cache] step 4185 M=2 routed 480 hit 240 cpu 184 streamed 48 · resident 3869 pending 0 / 3869 · dma.span 33.69 dma.wait 28.68 ms (38 layers) · promo 0.0 MiB paced
[cache] step 4186 M=2 routed 480 hit 263 cpu 169 streamed 41 · resident 3869 pending 0 / 3869 · dma.span 28.77 dma.wait 24.65 ms (32 layers) · promo 0.0 MiB paced
[cache] step 4187 M=2 routed 480 hit 243 cpu 178 streamed 47 · resident 3869 pending 0 / 3869 · dma.span 32.98 dma.wait 28.19 ms (38 layers) · promo 0.0 MiB paced
[cache] step 4188 M=2 routed 480 hit 247 cpu 174 streamed 46 · resident 3869 pending 0 / 3869 · dma.span 32.31 dma.wait 27.92 ms (35 layers) · promo 0.0 MiB paced
[cache] step 4189 M=2 routed 480 hit 245 cpu 175 streamed 48 · resident 3869 pending 0 / 3869 · dma.span 33.69 dma.wait 28.91 ms (37 layers) · promo 0.0 MiB paced
[cache] step 4190 M=2 routed 480 hit 242 cpu 176 streamed 48 · resident 3869 pending 0 / 3869 · dma.span 33.75 dma.wait 28.93 ms (38 layers) · promo 0.0 MiB paced
[hived] batch prefill round 2: 2 sequences (2bc199e02ba35c74:1024,03869cdc98423e4c:34133) · 35157 rows · slots 4/6 · hit 1551378 streamed 5178 cpu 20785 dma_rows 2677397 · 7321 ms
[hived] 2bc199e02ba35c74: prefill chunk 2 M 1024 · 32829→33853/33853 · upper on · tail rows 128 · hit 1551378 streamed 5178 cpu 20785 dma_rows 2677397 · cpu wait 529 ms span 1661 ms · 7321 ms
[hived] 03869cdc98423e4c: prefill chunk 1 M 34133 · 759→34892/34892 · upper on · tail rows 128 · hit 1551378 streamed 5178 cpu 20785 dma_rows 2677397 · cpu wait 529 ms span 1661 ms · 7321 ms
[hived] 2bc199e02ba35c74: prefill_pending=0
[hived] 2bc199e02ba35c74: prefill total 33094 rows in 2 chunks · hit 5713397 streamed 10458 cpu 98277 dma_rows 10063966 · cpu wait 2242 ms span 6714 ms · 29090 ms
[hived] 03869cdc98423e4c: prefill total 34133 rows in 1 chunks · hit 1551378 streamed 5178 cpu 20785 dma_rows 2677397 · cpu wait 529 ms span 1661 ms · 29082 ms
[snapshot] pos 33853 d2h_bytes 36835600 host_bytes 37245852 async 1 delta 0
[snapshot] pos 34892 d2h_bytes 37792032 host_bytes 38214752 async 1 delta 0
[cache] step 4192 M=4 routed 960 hit 571 cpu 285 streamed 73 · resident 3869 pending 8 / 4446 · dma.span 51.97 dma.wait 44.98 ms (40 layers) · promo 0.0 MiB paced
[cache] step 4193 M=4 routed 960 hit 483 cpu 343 streamed 91 · resident 3869 pending 16 / 4446 · dma.span 64.31 dma.wait 58.24 ms (40 layers) · promo 53.8 MiB paced
[cache] step 4194 M=4 routed 960 hit 513 cpu 323 streamed 86 · resident 3877 pending 16 / 4446 · dma.span 60.86 dma.wait 54.23 ms (40 layers) · promo 107.6 MiB paced
[cache] step 4195 M=4 routed 960 hit 559 cpu 287 streamed 74 · resident 3885 pending 16 / 4446 · dma.span 52.14 dma.wait 44.96 ms (40 layers) · promo 89.6 MiB paced
[cache] step 4196 M=4 routed 960 hit 548 cpu 304 streamed 82 · resident 3893 pending 16 / 4446 · dma.span 58.06 dma.wait 50.85 ms (40 layers) · promo 53.8 MiB paced
[cache] step 4197 M=4 routed 960 hit 586 cpu 282 streamed 72 · resident 3901 pending 16 / 4446 · dma.span 50.87 dma.wait 42.91 ms (40 layers) · promo 71.7 MiB paced
[cache] step 4198 M=4 routed 960 hit 571 cpu 297 streamed 76 · resident 3909 pending 16 / 4446 · dma.span 53.72 dma.wait 46.05 ms (40 layers) · promo 53.8 MiB paced
[cache] step 4199 M=4 routed 960 hit 579 cpu 291 streamed 76 · resident 3917 pending 16 / 4446 · dma.span 53.57 dma.wait 45.74 ms (40 layers) · promo 107.6 MiB paced
[cache] step 4200 M=4 routed 960 hit 602 cpu 275 streamed 67 · resident 3925 pending 16 / 4446 · dma.span 47.40 dma.wait 39.86 ms (39 layers) · promo 71.7 MiB paced
[cache] step 4201 M=4 routed 960 hit 545 cpu 305 streamed 81 · resident 3933 pending 16 / 4446 · dma.span 57.19 dma.wait 50.19 ms (40 layers) · promo 89.6 MiB paced
[cache] step 4202 M=4 routed 960 hit 542 cpu 309 streamed 81 · resident 3941 pending 16 / 4446 · dma.span 57.30 dma.wait 50.23 ms (40 layers) · promo 35.9 MiB paced
[cache] step 4203 M=4 routed 960 hit 581 cpu 283 streamed 74 · resident 3949 pending 16 / 4446 · dma.span 52.19 dma.wait 44.63 ms (40 layers) · promo 53.8 MiB paced
[cache] step 4204 M=4 routed 960 hit 623 cpu 249 streamed 66 · resident 3957 pending 16 / 4446 · dma.span 46.42 dma.wait 38.58 ms (40 layers) · promo 107.6 MiB paced
[cache] step 4205 M=4 routed 960 hit 624 cpu 252 streamed 66 · resident 3965 pending 16 / 4446 · dma.span 46.58 dma.wait 38.48 ms (40 layers) · promo 125.5 MiB paced
[cache] step 4206 M=4 routed 960 hit 600 cpu 275 streamed 73 · resident 3973 pending 16 / 4446 · dma.span 51.56 dma.wait 43.71 ms (40 layers) · promo 107.6 MiB paced
[cache] step 4207 M=4 routed 960 hit 580 cpu 283 streamed 73 · resident 3981 pending 16 / 4446 · dma.span 51.57 dma.wait 44.15 ms (40 layers) · promo 89.6 MiB paced
[cache] step 4208 M=4 routed 960 hit 602 cpu 260 streamed 68 · resident 3989 pending 16 / 4446 · dma.span 47.72 dma.wait 40.35 ms (40 layers) · promo 71.7 MiB paced
[cache] step 4209 M=4 routed 960 hit 603 cpu 267 streamed 72 · resident 3997 pending 16 / 4446 · dma.span 50.64 dma.wait 42.89 ms (40 layers) · promo 89.6 MiB paced
[cache] step 4210 M=4 routed 960 hit 647 cpu 237 streamed 64 · resident 4005 pending 16 / 4446 · dma.span 45.09 dma.wait 36.71 ms (40 layers) · promo 125.5 MiB paced
[cache] step 4211 M=4 routed 960 hit 671 cpu 228 streamed 59 · resident 4013 pending 16 / 4446 · dma.span 41.58 dma.wait 33.28 ms (38 layers) · promo 71.7 MiB paced
[cache] step 4212 M=4 routed 960 hit 624 cpu 261 streamed 70 · resident 4021 pending 16 / 4446 · dma.span 49.56 dma.wait 41.16 ms (40 layers) · promo 107.6 MiB paced
[cache] step 4213 M=4 routed 960 hit 647 cpu 243 streamed 62 · resident 4029 pending 16 / 4446 · dma.span 43.66 dma.wait 35.35 ms (40 layers) · promo 143.4 MiB paced
[cache] step 4214 M=4 routed 960 hit 613 cpu 269 streamed 67 · resident 4037 pending 16 / 4446 · dma.span 47.28 dma.wait 39.13 ms (40 layers) · promo 71.7 MiB paced
[cache] step 4215 M=4 routed 960 hit 659 cpu 235 streamed 59 · resident 4045 pending 16 / 4446 · dma.span 41.75 dma.wait 33.39 ms (39 layers) · promo 107.6 MiB paced
[cache] step 4216 M=4 routed 960 hit 638 cpu 244 streamed 66 · resident 4053 pending 16 / 4446 · dma.span 46.55 dma.wait 38.59 ms (39 layers) · promo 107.6 MiB paced
[cache] step 4217 M=4 routed 960 hit 598 cpu 277 streamed 74 · resident 4061 pending 16 / 4446 · dma.span 52.27 dma.wait 44.72 ms (39 layers) · promo 71.7 MiB paced
[cache] step 4218 M=4 routed 960 hit 650 cpu 235 streamed 62 · resident 4069 pending 16 / 4446 · dma.span 43.83 dma.wait 35.55 ms (40 layers) · promo 71.7 MiB paced
[cache] step 4219 M=4 routed 960 hit 662 cpu 231 streamed 60 · resident 4077 pending 16 / 4446 · dma.span 42.39 dma.wait 34.88 ms (37 layers) · promo 143.4 MiB paced
[cache] step 4220 M=4 routed 960 hit 637 cpu 247 streamed 68 · resident 4085 pending 16 / 4446 · dma.span 47.85 dma.wait 39.85 ms (40 layers) · promo 71.7 MiB paced
[cache] step 4221 M=4 routed 960 hit 643 cpu 245 streamed 63 · resident 4093 pending 16 / 4446 · dma.span 44.44 dma.wait 37.37 ms (37 layers) · promo 107.6 MiB paced
[cache] step 4222 M=4 routed 960 hit 685 cpu 206 streamed 53 · resident 4101 pending 16 / 4446 · dma.span 37.32 dma.wait 29.49 ms (39 layers) · promo 89.6 MiB paced
[cache] step 4223 M=4 routed 960 hit 660 cpu 227 streamed 62 · resident 4109 pending 16 / 4446 · dma.span 43.74 dma.wait 35.99 ms (39 layers) · promo 143.4 MiB paced
[decode-sync M=4] layer waits 80 · host wait 16.89 ms (spin)
[profile M=4] total 73.88 ms: embed 0.02 segA.win 0.36 moe.gpu_experts 47.42 moe.cpu_experts 9.33 moe 0.04 segA.engram 1.08 segA.index 3.45 segA.comp 10.53 head 1.44 mtp.sync 0.20 · dma.span 46.66 dma.wait 37.52 ms (40 layers) · promo 89.6 MiB paced
[early-route M=4] layers 2520 · host ahead of front end 125 · table on own stream 2520 · absorbed 0 (resync 0 · missing 0 · untrusted 0)
[decode-host M=4] sync 0.35 · prep 0.22 · launch 3.61 · cpu 48.04 vs gpu 47.42 (cpu-bound layers 35/40) · tail 8.03 ms · next 0.44 · front 14.39 · post 0.47 · hprep 0.31 · gpu-idle 9.55 of 72.24 ms (cpu layers 40)
[decode-miss M=4] layers 0 · miss 0 · staged 0 · reuse 0 · copy 0 · cpu 0 (jobs 13831) · pred 0 used 0 (precision 0.00 · recall 0.00) · prefetch issued 0 used 0 busy 0 · cpu-first
[cache] step 4224 M=4 routed 960 hit 635 cpu 252 streamed 66 · resident 4117 pending 16 / 4446 · vram free 2274 MiB · dma.span 46.66 dma.wait 37.52 ms (40 layers) · promo 89.6 MiB paced
[cache] step 4225 M=4 routed 960 hit 647 cpu 245 streamed 64 · resident 4125 pending 16 / 4446 · dma.span 45.34 dma.wait 37.54 ms (38 layers) · promo 71.7 MiB paced
[cache] step 4226 M=4 routed 960 hit 657 cpu 227 streamed 60 · resident 4133 pending 16 / 4446 · dma.span 42.25 dma.wait 35.57 ms (35 layers) · promo 125.5 MiB paced
[cache] step 4227 M=4 routed 960 hit 611 cpu 268 streamed 73 · resident 4141 pending 16 / 4446 · dma.span 51.63 dma.wait 43.86 ms (39 layers) · promo 53.8 MiB paced
[cache] step 4228 M=4 routed 960 hit 676 cpu 220 streamed 57 · resident 4149 pending 16 / 4446 · dma.span 40.21 dma.wait 32.84 ms (38 layers) · promo 89.6 MiB paced
[cache] step 4229 M=4 routed 960 hit 670 cpu 211 streamed 54 · resident 4157 pending 16 / 4446 · dma.span 37.92 dma.wait 30.35 ms (38 layers) · promo 107.6 MiB paced
[cache] step 4230 M=4 routed 960 hit 677 cpu 218 streamed 59 · resident 4165 pending 16 / 4446 · dma.span 41.67 dma.wait 33.49 ms (40 layers) · promo 53.8 MiB paced
[cache] step 4231 M=4 routed 960 hit 676 cpu 223 streamed 57 · resident 4173 pending 16 / 4446 · dma.span 40.30 dma.wait 32.33 ms (38 layers) · promo 125.5 MiB paced
[cache] step 4232 M=4 routed 960 hit 669 cpu 224 streamed 61 · resident 4181 pending 16 / 4446 · dma.span 42.92 dma.wait 35.04 ms (39 layers) · promo 107.6 MiB paced
[cache] step 4233 M=4 routed 960 hit 706 cpu 197 streamed 54 · resident 4189 pending 16 / 4446 · dma.span 38.12 dma.wait 30.24 ms (37 layers) · promo 143.4 MiB paced
[cache] step 4234 M=4 routed 960 hit 665 cpu 229 streamed 62 · resident 4197 pending 16 / 4446 · dma.span 43.71 dma.wait 35.98 ms (38 layers) · promo 107.6 MiB paced
[cache] step 4235 M=4 routed 960 hit 728 cpu 177 streamed 44 · resident 4205 pending 16 / 4446 · dma.span 30.93 dma.wait 24.01 ms (33 layers) · promo 71.7 MiB paced
[cache] step 4236 M=4 routed 960 hit 675 cpu 219 streamed 56 · resident 4213 pending 16 / 4446 · dma.span 39.54 dma.wait 31.09 ms (40 layers) · promo 143.4 MiB paced
[cache] step 4237 M=4 routed 960 hit 656 cpu 238 streamed 60 · resident 4221 pending 16 / 4446 · dma.span 42.39 dma.wait 34.63 ms (38 layers) · promo 35.9 MiB paced
[cache] step 4238 M=4 routed 960 hit 698 cpu 201 streamed 54 · resident 4229 pending 16 / 4446 · dma.span 38.03 dma.wait 29.56 ms (40 layers) · promo 107.6 MiB paced
[cache] step 4239 M=4 routed 960 hit 640 cpu 250 streamed 60 · resident 4237 pending 16 / 4446 · dma.span 42.46 dma.wait 34.42 ms (40 layers) · promo 125.5 MiB paced
[cache] step 4240 M=4 routed 960 hit 709 cpu 193 streamed 51 · resident 4245 pending 16 / 4446 · dma.span 35.96 dma.wait 28.49 ms (36 layers) · promo 107.6 MiB paced
[cache] step 4241 M=4 routed 960 hit 705 cpu 194 streamed 52 · resident 4253 pending 16 / 4446 · dma.span 36.72 dma.wait 29.11 ms (36 layers) · promo 125.5 MiB paced
[hived] 2bc199e02ba35c74: prefill 33094 tok 29090 ms · decode 5108 tok 184987 ms (27.6 tok/s, batch 4) · hit 1115520 cpu 95215 · resident 4430/4446 · mtp 0/0 in 0 steps · stop
[hived] 378ec8efc28f8581: prefill 32815 tok 16240 ms · decode 5787 tok 215948 ms (26.8 tok/s, batch 3) · hit 1240326 cpu 126352 · resident 4430/4446 · mtp 0/0 in 0 steps · stop
[hived] 03869cdc98423e4c: prefill 34133 tok 29082 ms · decode 5668 tok 201708 ms (28.1 tok/s, batch 2) · hit 1212051 cpu 128570 · resident 4438/4446 · mtp 0/0 in 0 steps · stop
[hived] a8b887d8f985aa81: prefill 32502 tok 14349 ms · decode 8192 tok 240268 ms (34.1 tok/s, batch 1) · hit 1875898 cpu 183152 · resident 4445/4446 · mtp 1719/2237 in 665 steps · length
[supervisor] ★ build dir=/hive/engine/build binary=/hive/engine/build/hived sha256=d3787855884f3293 elf-build-id=b3a80d6f389a4c83b3a464e7d605274dbfbc0381 mtime=2026-09-30 08:25:00 (HIVE_BUILD=build)
[model] dspark stages 3 · block 5 · experts 128/top3 · VRAM free 86993 MiB
[store] arena node 0: 137.8 GiB
[store] arena node 1: 137.8 GiB
[store] cache policy seq (alpha 8 · pre 8 · min 0.025 · gd 0.999 · od 0.99 · idle 8)
[store] vram cache 3792 slots × 17.9 MiB = 66.4 GiB · staging 96
[store] layer 0 experts(384) → RAM 1.7s (4.2 GB/s)
[store] layer 1 experts(384) → RAM 1.7s (4.4 GB/s)
[store] layer 2 experts(384) → RAM 1.4s (5.1 GB/s)
[store] layer 3 experts(384) → RAM 1.5s (4.7 GB/s)
[store] layer 4 experts(384) → RAM 1.5s (4.8 GB/s)
[store] layer 5 experts(384) → RAM 1.6s (4.6 GB/s)
[store] layer 6 experts(384) → RAM 1.6s (4.5 GB/s)
[store] layer 7 experts(384) → RAM 1.5s (4.8 GB/s)
[store] layer 8 experts(384) → RAM 1.5s (4.7 GB/s)
[store] layer 9 experts(384) → RAM 1.5s (4.7 GB/s)
[store] layer 10 experts(384) → RAM 7.1s (1.0 GB/s)
[store] layer 11 experts(384) → RAM 7.2s (1.0 GB/s)
[store] layer 12 experts(384) → RAM 7.1s (1.0 GB/s)
[store] layer 13 experts(384) → RAM 7.1s (1.0 GB/s)
[store] layer 14 experts(384) → RAM 1.5s (4.8 GB/s)
[store] layer 15 experts(384) → RAM 7.1s (1.0 GB/s)
[store] layer 16 experts(384) → RAM 7.1s (1.0 GB/s)
[store] layer 17 experts(384) → RAM 7.1s (1.0 GB/s)
[store] layer 18 experts(384) → RAM 7.2s (1.0 GB/s)
[store] layer 19 experts(384) → RAM 7.1s (1.0 GB/s)
[store] layer 20 experts(384) → RAM 1.5s (4.9 GB/s)
[store] layer 21 experts(384) → RAM 7.1s (1.0 GB/s)
[store] layer 22 experts(384) → RAM 7.1s (1.0 GB/s)
[store] layer 23 experts(384) → RAM 7.1s (1.0 GB/s)
[store] layer 24 experts(384) → RAM 1.4s (5.0 GB/s)
[store] layer 25 experts(384) → RAM 7.1s (1.0 GB/s)
[store] layer 26 experts(384) → RAM 7.1s (1.0 GB/s)
[store] layer 27 experts(384) → RAM 7.1s (1.0 GB/s)
[store] layer 28 experts(384) → RAM 1.5s (4.9 GB/s)
[store] layer 29 experts(384) → RAM 7.1s (1.0 GB/s)
[store] layer 30 experts(384) → RAM 7.1s (1.0 GB/s)
[store] layer 31 experts(384) → RAM 7.1s (1.0 GB/s)
[store] layer 32 experts(384) → RAM 1.4s (5.1 GB/s)
[store] layer 33 experts(384) → RAM 7.1s (1.0 GB/s)
[store] layer 34 experts(384) → RAM 7.1s (1.0 GB/s)
[store] layer 35 experts(384) → RAM 7.2s (1.0 GB/s)
[store] layer 36 experts(384) → RAM 1.4s (5.0 GB/s)
[store] layer 37 experts(384) → RAM 7.1s (1.0 GB/s)
[store] layer 38 experts(384) → RAM 7.1s (1.0 GB/s)
[store] layer 39 experts(384) → RAM 7.1s (1.0 GB/s)
[store] layer 40 experts(128) → RAM 0.5s (5.1 GB/s)
[store] layer 41 experts(128) → RAM 0.5s (5.1 GB/s)
[store] layer 42 experts(128) → RAM 0.5s (5.0 GB/s)
[store] pinned 275.7 GiB in 9.2s
[store] engram layer 1 (384006168 rows) → RAM 20.1s (5.0 GB/s)
[store] engram layer 14 (384016682 rows) → RAM 121.6s (0.8 GB/s)
[hive] expert trace → /out/logs/expert-trace-20260930-181347.bin
[runtime] dspark on: stages 3 · block 5 · targets 3 · capture rows 128
[runtime] prefill tile 3 × 16384 rows (slots 2)
[runtime] prefill host tiles 3 × 16384 rows (h 640 MiB pinned each · 2 staging) · slots 6 · VRAM free 4797 MiB
[runtime] batch prefill on: up to 6 sequences per forward
[runtime] vision encoder: lazy (max 9216 patches · loads on first image, released after 120s idle)
[runtime] max_chunk 16384 · max_ctx 262144 · index Msub 128 · VRAM free 4737 MiB
[hived] checkpoint page cache released: 508 GB (MemAvailable 521 → 520 GB)
[hived] warm start: 3776/3776 experts from /out/cache-state.bin in 2614 ms
[hived] tail split on: final prefill chunk >= 1024 rows
[hived] prefill slots 6 (tile 3 + host 3) · text chunk cap 98304 · batch prefill on
[hived] prefix share on: boundary snapshots, extra chunks per request 1
[hived] deferred prompt checkpoint on (after the first token)
[hived] listening on /out/hive.sock
[hived] session pool 8 × 251 MiB reserved · VRAM free 2731 MiB (= operating headroom: the only runtime allocation is the image patch buffer)
[hived] ready in 431.2s · layers 40 · ctx 262144 · chunk 16384 · dspark on(block 5 · conf ≥ -1.00 · max 5)
[decode-sync M=37] layer waits 40 · host wait 24.44 ms (spin)
[profile M=37] total 607.06 ms: embed 0.50 hc.flat+gemm 6.57 hc.sinkhorn 1.58 hc.pre+norm 0.82 hc_attn 0.03 attn.q 5.59 attn.kv 3.04 attn.compress 2.45 attn.sparse 1.80 attn.wo 130.51 attention 0.01 hc_ffn 0.02 moe.router 99.41 moe.shared 6.96 moe.d2h 0.56 moe.router+shared 0.01 moe.sync 0.32 moe.gpu_experts 238.99 moe.cpu_experts 106.43 moe 0.05 head 0.97 mtp.sync 0.44
[hived] 043a91907b02eb12: prefill chunk 1 M 37 · 0→37/37 · upper on · tail rows 0 · hit 4201 streamed 320 cpu 2302 dma_rows 2377 · cpu wait 312 ms span 322 ms · 608 ms
[hived] 043a91907b02eb12: prefill total 37 rows in 1 chunks · hit 4201 streamed 320 cpu 2302 dma_rows 2377 · cpu wait 312 ms span 322 ms · 608 ms
[mtp] pos 37 draft 9.0 ms · no draft (conf0 0.42, single 38 ms)
[runtime] decode early route on (routing posted after the router · CPU unpack after the front graph)
[cache] step 2 M=1 routed 240 hit 119 cpu 100 streamed 21 · resident 3784 pending 8 / 3792 · dma.span 15.05 dma.wait 12.40 ms (21 layers) · promo 67845.9 MiB paced
[cache] step 3 M=1 routed 240 hit 148 cpu 83 streamed 9 · resident 3776 pending 16 / 3792 · dma.span 6.41 dma.wait 5.24 ms (9 layers) · promo 71.7 MiB paced
[cache] step 4 M=1 routed 240 hit 172 cpu 61 streamed 7 · resident 3776 pending 16 / 3792 · dma.span 4.95 dma.wait 4.09 ms (7 layers) · promo 89.6 MiB paced
[cache] step 5 M=1 routed 240 hit 161 cpu 71 streamed 8 · resident 3776 pending 16 / 3792 · dma.span 5.65 dma.wait 4.71 ms (8 layers) · promo 125.5 MiB paced
[cache] step 6 M=1 routed 240 hit 136 cpu 88 streamed 16 · resident 3776 pending 16 / 3792 · dma.span 11.38 dma.wait 9.40 ms (16 layers) · promo 107.6 MiB paced
[cache] step 7 M=1 routed 240 hit 150 cpu 80 streamed 10 · resident 3776 pending 16 / 3792 · dma.span 7.05 dma.wait 5.73 ms (10 layers) · promo 125.5 MiB paced
[cache] step 8 M=1 routed 240 hit 129 cpu 92 streamed 19 · resident 3776 pending 16 / 3792 · dma.span 13.47 dma.wait 11.25 ms (19 layers) · promo 107.6 MiB paced
[cache] step 9 M=1 routed 240 hit 161 cpu 70 streamed 9 · resident 3776 pending 16 / 3792 · dma.span 6.36 dma.wait 5.31 ms (9 layers) · promo 107.6 MiB paced
[mtp] pos 45 draft 3.9 ms · no draft (conf0 4.78, single 35 ms)
[cache] step 11 M=1 routed 240 hit 193 cpu 46 streamed 1 · resident 3784 pending 8 / 3792 · dma.span 0.72 dma.wait 0.58 ms (1 layers) · promo 89.6 MiB paced
[cache] step 12 M=1 routed 240 hit 164 cpu 68 streamed 8 · resident 3776 pending 16 / 3792 · dma.span 5.66 dma.wait 4.66 ms (8 layers) · promo 89.6 MiB paced
[cache] step 13 M=1 routed 240 hit 184 cpu 52 streamed 4 · resident 3776 pending 16 / 3792 · dma.span 2.81 dma.wait 2.29 ms (4 layers) · promo 107.6 MiB paced
[cache] step 14 M=1 routed 240 hit 167 cpu 64 streamed 9 · resident 3776 pending 16 / 3792 · dma.span 6.38 dma.wait 5.28 ms (9 layers) · promo 125.5 MiB paced
[cache] step 15 M=1 routed 240 hit 174 cpu 60 streamed 6 · resident 3776 pending 16 / 3792 · dma.span 4.20 dma.wait 3.41 ms (6 layers) · promo 107.6 MiB paced
[cache] step 16 M=1 routed 240 hit 182 cpu 54 streamed 4 · resident 3776 pending 16 / 3792 · dma.span 2.82 dma.wait 2.32 ms (4 layers) · promo 143.4 MiB paced
[cache] step 17 M=1 routed 240 hit 196 cpu 41 streamed 3 · resident 3776 pending 16 / 3792 · dma.span 2.09 dma.wait 1.71 ms (3 layers) · promo 125.5 MiB paced
[cache] step 18 M=1 routed 240 hit 187 cpu 50 streamed 3 · resident 3776 pending 16 / 3792 · dma.span 2.11 dma.wait 1.73 ms (3 layers) · promo 89.6 MiB paced
[mtp] pos 53 draft 4.8 ms · no draft (conf0 0.90, single 30 ms)
[cache] step 20 M=1 routed 240 hit 203 cpu 36 streamed 1 · resident 3784 pending 8 / 3792 · dma.span 0.70 dma.wait 0.57 ms (1 layers) · promo 89.6 MiB paced
[cache] step 21 M=1 routed 240 hit 169 cpu 66 streamed 5 · resident 3776 pending 16 / 3792 · dma.span 3.50 dma.wait 2.85 ms (5 layers) · promo 107.6 MiB paced
[cache] step 22 M=1 routed 240 hit 204 cpu 36 streamed 0 · resident 3776 pending 16 / 3792 · dma.span 0.00 dma.wait - ms (0 layers) · promo 107.6 MiB paced
[cache] step 23 M=1 routed 240 hit 202 cpu 35 streamed 3 · resident 3776 pending 16 / 3792 · dma.span 2.12 dma.wait 1.74 ms (3 layers) · promo 143.4 MiB paced
[cache] step 24 M=1 routed 240 hit 200 cpu 38 streamed 2 · resident 3776 pending 16 / 3792 · dma.span 1.41 dma.wait 1.13 ms (2 layers) · promo 125.5 MiB paced
[cache] step 25 M=1 routed 240 hit 184 cpu 52 streamed 4 · resident 3776 pending 16 / 3792 · dma.span 2.82 dma.wait 2.30 ms (4 layers) · promo 125.5 MiB paced
[cache] step 26 M=1 routed 240 hit 210 cpu 30 streamed 0 · resident 3776 pending 16 / 3792 · dma.span 0.00 dma.wait - ms (0 layers) · promo 107.6 MiB paced
[cache] step 27 M=1 routed 240 hit 196 cpu 42 streamed 2 · resident 3776 pending 16 / 3792 · dma.span 1.42 dma.wait 1.17 ms (2 layers) · promo 125.5 MiB paced
[mtp] pos 61 draft 4.1 ms · no draft (conf0 -0.85, single 25 ms)
[cache] step 29 M=1 routed 240 hit 198 cpu 39 streamed 3 · resident 3784 pending 8 / 3792 · dma.span 2.10 dma.wait 1.70 ms (3 layers) · promo 125.5 MiB paced
[cache] step 30 M=1 routed 240 hit 187 cpu 51 streamed 2 · resident 3776 pending 16 / 3792 · dma.span 1.40 dma.wait 1.14 ms (2 layers) · promo 125.5 MiB paced
[cache] step 31 M=1 routed 240 hit 187 cpu 50 streamed 3 · resident 3776 pending 16 / 3792 · dma.span 2.12 dma.wait 1.74 ms (3 layers) · promo 143.4 MiB paced
[cache] step 32 M=1 routed 240 hit 200 cpu 39 streamed 1 · resident 3776 pending 16 / 3792 · dma.span 0.69 dma.wait 0.56 ms (1 layers) · promo 143.4 MiB paced
[cache] step 33 M=1 routed 240 hit 186 cpu 51 streamed 3 · resident 3776 pending 16 / 3792 · dma.span 2.11 dma.wait 1.72 ms (3 layers) · promo 143.4 MiB paced
[cache] step 34 M=1 routed 240 hit 183 cpu 53 streamed 4 · resident 3776 pending 16 / 3792 · dma.span 2.82 dma.wait 2.29 ms (4 layers) · promo 107.6 MiB paced
[cache] step 35 M=1 routed 240 hit 209 cpu 30 streamed 1 · resident 3776 pending 16 / 3792 · dma.span 0.69 dma.wait 0.56 ms (1 layers) · promo 125.5 MiB paced
[cache] step 36 M=1 routed 240 hit 202 cpu 37 streamed 1 · resident 3776 pending 16 / 3792 · dma.span 0.70 dma.wait 0.57 ms (1 layers) · promo 107.6 MiB paced
[mtp] pos 69 draft 4.6 ms · no draft (conf0 11.79, single 24 ms)
[cache] step 38 M=1 routed 240 hit 181 cpu 54 streamed 5 · resident 3784 pending 8 / 3792 · dma.span 3.56 dma.wait 2.91 ms (5 layers) · promo 107.6 MiB paced
[cache] step 39 M=1 routed 240 hit 189 cpu 49 streamed 2 · resident 3776 pending 16 / 3792 · dma.span 1.42 dma.wait 1.17 ms (2 layers) · promo 107.6 MiB paced
[cache] step 40 M=1 routed 240 hit 183 cpu 53 streamed 4 · resident 3776 pending 16 / 3792 · dma.span 2.84 dma.wait 2.35 ms (4 layers) · promo 107.6 MiB paced
[cache] step 41 M=1 routed 240 hit 166 cpu 66 streamed 8 · resident 3776 pending 16 / 3792 · dma.span 5.65 dma.wait 4.75 ms (8 layers) · promo 143.4 MiB paced
[cache] step 42 M=1 routed 240 hit 186 cpu 50 streamed 4 · resident 3776 pending 16 / 3792 · dma.span 2.82 dma.wait 2.33 ms (4 layers) · promo 125.5 MiB paced
[cache] step 43 M=1 routed 240 hit 214 cpu 26 streamed 0 · resident 3776 pending 16 / 3792 · dma.span 0.00 dma.wait - ms (0 layers) · promo 107.6 MiB paced
[cache] step 44 M=1 routed 240 hit 206 cpu 33 streamed 1 · resident 3776 pending 16 / 3792 · dma.span 0.71 dma.wait 0.58 ms (1 layers) · promo 125.5 MiB paced
[cache] step 45 M=1 routed 240 hit 195 cpu 44 streamed 1 · resident 3776 pending 16 / 3792 · dma.span 0.69 dma.wait 0.57 ms (1 layers) · promo 107.6 MiB paced
[mtp] pos 77 draft 4.0 ms · no draft (conf0 3.52, single 23 ms)
[cache] step 47 M=1 routed 240 hit 195 cpu 44 streamed 1 · resident 3784 pending 8 / 3792 · dma.span 0.70 dma.wait 0.57 ms (1 layers) · promo 143.4 MiB paced
[cache] step 48 M=1 routed 240 hit 198 cpu 40 streamed 2 · resident 3776 pending 16 / 3792 · dma.span 1.40 dma.wait 1.16 ms (2 layers) · promo 125.5 MiB paced
[cache] step 49 M=1 routed 240 hit 203 cpu 37 streamed 0 · resident 3776 pending 16 / 3792 · dma.span 0.00 dma.wait - ms (0 layers) · promo 125.5 MiB paced
[cache] step 50 M=1 routed 240 hit 213 cpu 26 streamed 1 · resident 3776 pending 16 / 3792 · dma.span 0.70 dma.wait 0.58 ms (1 layers) · promo 107.6 MiB paced
[cache] step 51 M=1 routed 240 hit 190 cpu 47 streamed 3 · resident 3776 pending 16 / 3792 · dma.span 2.12 dma.wait 1.76 ms (3 layers) · promo 143.4 MiB paced
[cache] step 52 M=1 routed 240 hit 185 cpu 52 streamed 3 · resident 3776 pending 16 / 3792 · dma.span 2.10 dma.wait 1.70 ms (3 layers) · promo 125.5 MiB paced
[cache] step 53 M=1 routed 240 hit 185 cpu 53 streamed 2 · resident 3776 pending 16 / 3792 · dma.span 1.39 dma.wait 1.13 ms (2 layers) · promo 143.4 MiB paced
[cache] step 54 M=1 routed 240 hit 202 cpu 37 streamed 1 · resident 3776 pending 16 / 3792 · dma.span 0.71 dma.wait 0.57 ms (1 layers) · promo 143.4 MiB paced
[mtp] pos 85 draft 4.2 ms · no draft (conf0 1.62, single 23 ms)
[cache] step 56 M=1 routed 240 hit 218 cpu 22 streamed 0 · resident 3784 pending 8 / 3792 · dma.span 0.00 dma.wait - ms (0 layers) · promo 107.6 MiB paced
[cache] step 57 M=1 routed 240 hit 184 cpu 53 streamed 3 · resident 3776 pending 16 / 3792 · dma.span 2.13 dma.wait 1.78 ms (3 layers) · promo 125.5 MiB paced
[cache] step 58 M=1 routed 240 hit 199 cpu 40 streamed 1 · resident 3776 pending 16 / 3792 · dma.span 0.71 dma.wait 0.58 ms (1 layers) · promo 125.5 MiB paced
[cache] step 59 M=1 routed 240 hit 179 cpu 58 streamed 3 · resident 3776 pending 16 / 3792 · dma.span 2.11 dma.wait 1.76 ms (3 layers) · promo 125.5 MiB paced
[cache] step 60 M=1 routed 240 hit 186 cpu 50 streamed 4 · resident 3776 pending 16 / 3792 · dma.span 2.83 dma.wait 2.33 ms (4 layers) · promo 125.5 MiB paced
[cache] step 61 M=1 routed 240 hit 194 cpu 44 streamed 2 · resident 3776 pending 16 / 3792 · dma.span 1.41 dma.wait 1.14 ms (2 layers) · promo 143.4 MiB paced
[cache] step 62 M=1 routed 240 hit 192 cpu 47 streamed 1 · resident 3776 pending 16 / 3792 · dma.span 0.72 dma.wait 0.58 ms (1 layers) · promo 89.6 MiB paced
[cache] step 63 M=1 routed 240 hit 178 cpu 58 streamed 4 · resident 3776 pending 16 / 3792 · dma.span 2.83 dma.wait 2.34 ms (4 layers) · promo 143.4 MiB paced
[profile M=5] total 4.13 ms: mtp.embed 0.05 hc.fused 0.11 mtp.attn 1.11 moe.router 0.09 moe.shared 0.17 moe.d2h 0.05 mtp.router 0.02 moe.gpu_experts 0.50 moe.cpu_experts 0.55 mtp.experts 0.03 mtp.head 1.45
[mtp] pos 93 draft 4.2 ms · no draft (conf0 7.59, single 23 ms)
[cache] step 65 M=1 routed 240 hit 185 cpu 52 streamed 3 · resident 3784 pending 8 / 3792 · dma.span 2.10 dma.wait 1.70 ms (3 layers) · promo 143.4 MiB paced
[cache] step 66 M=1 routed 240 hit 201 cpu 37 streamed 2 · resident 3776 pending 16 / 3792 · dma.span 1.40 dma.wait 1.13 ms (2 layers) · promo 143.4 MiB paced
[cache] step 67 M=1 routed 240 hit 200 cpu 39 streamed 1 · resident 3776 pending 16 / 3792 · dma.span 0.70 dma.wait 0.57 ms (1 layers) · promo 143.4 MiB paced
[cache] step 68 M=1 routed 240 hit 190 cpu 46 streamed 4 · resident 3776 pending 16 / 3792 · dma.span 2.81 dma.wait 2.29 ms (4 layers) · promo 143.4 MiB paced
[cache] step 69 M=1 routed 240 hit 198 cpu 40 streamed 2 · resident 3776 pending 16 / 3792 · dma.span 1.40 dma.wait 1.16 ms (2 layers) · promo 143.4 MiB paced
[cache] step 70 M=1 routed 240 hit 211 cpu 28 streamed 1 · resident 3776 pending 16 / 3792 · dma.span 0.70 dma.wait 0.57 ms (1 layers) · promo 89.6 MiB paced
[cache] step 71 M=1 routed 240 hit 141 cpu 86 streamed 13 · resident 3776 pending 16 / 3792 · dma.span 9.20 dma.wait 7.70 ms (13 layers) · promo 125.5 MiB paced
[cache] step 72 M=1 routed 240 hit 205 cpu 33 streamed 2 · resident 3776 pending 16 / 3792 · dma.span 1.40 dma.wait 1.14 ms (2 layers) · promo 143.4 MiB paced
[mtp] pos 101 draft 5.0 ms · no draft (conf0 0.60, single 23 ms)
[cache] step 74 M=1 routed 240 hit 177 cpu 58 streamed 5 · resident 3784 pending 8 / 3792 · dma.span 3.53 dma.wait 2.90 ms (5 layers) · promo 143.4 MiB paced
[cache] step 75 M=1 routed 240 hit 177 cpu 58 streamed 5 · resident 3776 pending 16 / 3792 · dma.span 3.51 dma.wait 2.88 ms (5 layers) · promo 125.5 MiB paced
[cache] step 76 M=1 routed 240 hit 206 cpu 33 streamed 1 · resident 3776 pending 16 / 3792 · dma.span 0.70 dma.wait 0.56 ms (1 layers) · promo 89.6 MiB paced
[cache] step 77 M=1 routed 240 hit 174 cpu 62 streamed 4 · resident 3776 pending 16 / 3792 · dma.span 2.80 dma.wait 2.27 ms (4 layers) · promo 143.4 MiB paced
[cache] step 78 M=1 routed 240 hit 205 cpu 33 streamed 2 · resident 3776 pending 16 / 3792 · dma.span 1.42 dma.wait 1.15 ms (2 layers) · promo 125.5 MiB paced
[cache] step 79 M=1 routed 240 hit 186 cpu 49 streamed 5 · resident 3776 pending 16 / 3792 · dma.span 3.49 dma.wait 2.88 ms (5 layers) · promo 125.5 MiB paced
[cache] step 80 M=1 routed 240 hit 187 cpu 51 streamed 2 · resident 3776 pending 16 / 3792 · dma.span 1.41 dma.wait 1.15 ms (2 layers) · promo 89.6 MiB paced
[cache] step 81 M=1 routed 240 hit 167 cpu 65 streamed 8 · resident 3776 pending 16 / 3792 · dma.span 5.67 dma.wait 4.69 ms (8 layers) · promo 107.6 MiB paced
[mtp] pos 109 draft 4.3 ms · no draft (conf0 0.76, single 24 ms)
[cache] step 83 M=1 routed 240 hit 213 cpu 24 streamed 3 · resident 3784 pending 8 / 3792 · dma.span 2.10 dma.wait 1.71 ms (3 layers) · promo 143.4 MiB paced
[cache] step 84 M=1 routed 240 hit 206 cpu 33 streamed 1 · resident 3776 pending 16 / 3792 · dma.span 0.69 dma.wait 0.56 ms (1 layers) · promo 125.5 MiB paced
[cache] step 85 M=1 routed 240 hit 194 cpu 45 streamed 1 · resident 3776 pending 16 / 3792 · dma.span 0.69 dma.wait 0.55 ms (1 layers) · promo 107.6 MiB paced
[cache] step 86 M=1 routed 240 hit 157 cpu 73 streamed 10 · resident 3776 pending 16 / 3792 · dma.span 7.10 dma.wait 5.88 ms (10 layers) · promo 143.4 MiB paced
[cache] step 87 M=1 routed 240 hit 145 cpu 81 streamed 14 · resident 3776 pending 16 / 3792 · dma.span 9.92 dma.wait 8.20 ms (14 layers) · promo 143.4 MiB paced
[cache] step 88 M=1 routed 240 hit 190 cpu 48 streamed 2 · resident 3776 pending 16 / 3792 · dma.span 1.39 dma.wait 1.19 ms (2 layers) · promo 107.6 MiB paced
[cache] step 89 M=1 routed 240 hit 183 cpu 51 streamed 6 · resident 3776 pending 16 / 3792 · dma.span 4.20 dma.wait 3.47 ms (6 layers) · promo 143.4 MiB paced
[cache] step 90 M=1 routed 240 hit 188 cpu 48 streamed 4 · resident 3776 pending 16 / 3792 · dma.span 2.83 dma.wait 2.41 ms (4 layers) · promo 125.5 MiB paced
[mtp] pos 117 draft 4.0 ms · no draft (conf0 0.22, single 24 ms)
[cache] step 92 M=1 routed 240 hit 196 cpu 41 streamed 3 · resident 3784 pending 8 / 3792 · dma.span 2.12 dma.wait 1.74 ms (3 layers) · promo 125.5 MiB paced
[cache] step 93 M=1 routed 240 hit 172 cpu 61 streamed 7 · resident 3776 pending 16 / 3792 · dma.span 4.92 dma.wait 4.05 ms (7 layers) · promo 107.6 MiB paced
[cache] step 94 M=1 routed 240 hit 182 cpu 54 streamed 4 · resident 3776 pending 16 / 3792 · dma.span 2.81 dma.wait 2.32 ms (4 layers) · promo 125.5 MiB paced
[cache] step 95 M=1 routed 240 hit 211 cpu 29 streamed 0 · resident 3776 pending 16 / 3792 · dma.span 0.00 dma.wait - ms (0 layers) · promo 89.6 MiB paced
[cache] step 96 M=1 routed 240 hit 202 cpu 37 streamed 1 · resident 3776 pending 16 / 3792 · dma.span 0.70 dma.wait 0.57 ms (1 layers) · promo 107.6 MiB paced
[cache] step 97 M=1 routed 240 hit 211 cpu 28 streamed 1 · resident 3776 pending 16 / 3792 · dma.span 0.72 dma.wait 0.61 ms (1 layers) · promo 143.4 MiB paced
[cache] step 98 M=1 routed 240 hit 207 cpu 33 streamed 0 · resident 3776 pending 16 / 3792 · dma.span 0.00 dma.wait - ms (0 layers) · promo 143.4 MiB paced
[cache] step 99 M=1 routed 240 hit 202 cpu 37 streamed 1 · resident 3776 pending 16 / 3792 · dma.span 0.70 dma.wait 0.58 ms (1 layers) · promo 125.5 MiB paced
[mtp] pos 125 draft 3.5 ms · no draft (conf0 1.84, single 23 ms)
[cache] step 101 M=1 routed 240 hit 218 cpu 22 streamed 0 · resident 3784 pending 8 / 3792 · dma.span 0.00 dma.wait - ms (0 layers) · promo 125.5 MiB paced
[cache] step 102 M=1 routed 240 hit 219 cpu 20 streamed 1 · resident 3776 pending 16 / 3792 · dma.span 0.70 dma.wait 0.57 ms (1 layers) · promo 125.5 MiB paced
[cache] step 103 M=1 routed 240 hit 204 cpu 34 streamed 2 · resident 3776 pending 16 / 3792 · dma.span 1.40 dma.wait 1.14 ms (2 layers) · promo 107.6 MiB paced
[cache] step 104 M=1 routed 240 hit 217 cpu 23 streamed 0 · resident 3776 pending 16 / 3792 · dma.span 0.00 dma.wait - ms (0 layers) · promo 71.7 MiB paced
[cache] step 105 M=1 routed 240 hit 212 cpu 28 streamed 0 · resident 3776 pending 16 / 3792 · dma.span 0.00 dma.wait - ms (0 layers) · promo 143.4 MiB paced
[cache] step 106 M=1 routed 240 hit 210 cpu 28 streamed 2 · resident 3776 pending 16 / 3792 · dma.span 1.40 dma.wait 1.14 ms (2 layers) · promo 143.4 MiB paced
[cache] step 107 M=1 routed 240 hit 196 cpu 43 streamed 1 · resident 3776 pending 16 / 3792 · dma.span 0.71 dma.wait 0.56 ms (1 layers) · promo 125.5 MiB paced
[cache] step 108 M=1 routed 240 hit 215 cpu 25 streamed 0 · resident 3776 pending 16 / 3792 · dma.span 0.00 dma.wait - ms (0 layers) · promo 143.4 MiB paced
[mtp] pos 133 draft 4.1 ms · no draft (conf0 0.73, single 21 ms)
[cache] step 110 M=1 routed 240 hit 206 cpu 34 streamed 0 · resident 3784 pending 8 / 3792 · dma.span 0.00 dma.wait - ms (0 layers) · promo 125.5 MiB paced
[cache] step 111 M=1 routed 240 hit 196 cpu 42 streamed 2 · resident 3776 pending 16 / 3792 · dma.span 1.40 dma.wait 1.13 ms (2 layers) · promo 125.5 MiB paced
[cache] step 112 M=1 routed 240 hit 179 cpu 57 streamed 4 · resident 3776 pending 16 / 3792 · dma.span 2.85 dma.wait 2.35 ms (4 layers) · promo 125.5 MiB paced
[cache] step 113 M=1 routed 240 hit 202 cpu 36 streamed 2 · resident 3776 pending 16 / 3792 · dma.span 1.41 dma.wait 1.14 ms (2 layers) · promo 125.5 MiB paced
[cache] step 114 M=1 routed 240 hit 196 cpu 43 streamed 1 · resident 3776 pending 16 / 3792 · dma.span 0.69 dma.wait 0.56 ms (1 layers) · promo 125.5 MiB paced
[cache] step 115 M=1 routed 240 hit 195 cpu 43 streamed 2 · resident 3776 pending 16 / 3792 · dma.span 1.41 dma.wait 1.16 ms (2 layers) · promo 107.6 MiB paced
[cache] step 116 M=1 routed 240 hit 217 cpu 23 streamed 0 · resident 3776 pending 16 / 3792 · dma.span 0.00 dma.wait - ms (0 layers) · promo 107.6 MiB paced
[cache] step 117 M=1 routed 240 hit 208 cpu 30 streamed 2 · resident 3776 pending 16 / 3792 · dma.span 1.40 dma.wait 1.13 ms (2 layers) · promo 143.4 MiB paced
[mtp] pos 141 draft 4.0 ms · no draft (conf0 0.54, single 21 ms)
[cache] step 119 M=1 routed 240 hit 211 cpu 29 streamed 0 · resident 3784 pending 8 / 3792 · dma.span 0.00 dma.wait - ms (0 layers) · promo 143.4 MiB paced
[cache] step 120 M=1 routed 240 hit 186 cpu 51 streamed 3 · resident 3776 pending 16 / 3792 · dma.span 2.11 dma.wait 1.70 ms (3 layers) · promo 125.5 MiB paced
[cache] step 121 M=1 routed 240 hit 206 cpu 33 streamed 1 · resident 3776 pending 16 / 3792 · dma.span 0.70 dma.wait 0.57 ms (1 layers) · promo 125.5 MiB paced
[cache] step 122 M=1 routed 240 hit 217 cpu 23 streamed 0 · resident 3776 pending 16 / 3792 · dma.span 0.00 dma.wait - ms (0 layers) · promo 143.4 MiB paced
[cache] step 123 M=1 routed 240 hit 217 cpu 21 streamed 2 · resident 3776 pending 16 / 3792 · dma.span 1.42 dma.wait 1.18 ms (2 layers) · promo 143.4 MiB paced
[cache] step 124 M=1 routed 240 hit 211 cpu 29 streamed 0 · resident 3776 pending 16 / 3792 · dma.span 0.00 dma.wait - ms (0 layers) · promo 107.6 MiB paced
[cache] step 125 M=1 routed 240 hit 223 cpu 16 streamed 1 · resident 3776 pending 16 / 3792 · dma.span 0.71 dma.wait 0.57 ms (1 layers) · promo 125.5 MiB paced
[cache] step 126 M=1 routed 240 hit 193 cpu 42 streamed 5 · resident 3776 pending 16 / 3792 · dma.span 3.52 dma.wait 2.87 ms (5 layers) · promo 107.6 MiB paced
[mtp] pos 149 draft 8.5 ms · no draft (conf0 15.91, single 21 ms)
[decode-sync M=1] layer waits 80 · host wait 10.22 ms (spin)
[profile M=1] total 23.47 ms: embed 0.01 segA.win 0.56 moe.gpu_experts 7.35 moe.cpu_experts 4.86 moe 0.03 segA.engram 0.75 segA.index 2.02 segA.comp 6.67 head 1.04 mtp.sync 0.17 · dma.span 4.28 dma.wait 3.31 ms (6 layers) · promo 125.5 MiB paced
[early-route M=1] layers 4520 · host ahead of front end 4120 · absorbed 0 (resync 0 · missing 0 · untrusted 0)
[decode-host M=1] sync 0.11 · prep 0.29 · launch 0.49 · cpu 9.39 vs gpu 7.29 (cpu-bound layers 23/40) · tail 4.62 ms · next 0.09 · front 9.48 · post 0.03 · hprep 0.05 · gpu-idle 4.99 of 21.96 ms (cpu layers 28)
[decode-miss M=1] layers 0 · miss 0 · staged 0 · reuse 0 · copy 0 · cpu 0 (jobs 0) · pred 0 used 0 (precision 0.00 · recall 0.00) · prefetch issued 0 used 0 busy 0 · cpu-first
[cache] step 128 M=1 routed 240 hit 186 cpu 48 streamed 6 · resident 3784 pending 8 / 3792 · vram free 2714 MiB · dma.span 4.28 dma.wait 3.31 ms (6 layers) · promo 125.5 MiB paced
[cache] step 129 M=1 routed 240 hit 192 cpu 45 streamed 3 · resident 3776 pending 16 / 3792 · dma.span 2.10 dma.wait 1.70 ms (3 layers) · promo 143.4 MiB paced
[cache] step 130 M=1 routed 240 hit 193 cpu 44 streamed 3 · resident 3776 pending 16 / 3792 · dma.span 2.11 dma.wait 1.73 ms (3 layers) · promo 53.8 MiB paced
[cache] step 131 M=1 routed 240 hit 188 cpu 49 streamed 3 · resident 3776 pending 16 / 3792 · dma.span 2.13 dma.wait 1.76 ms (3 layers) · promo 125.5 MiB paced
[cache] step 132 M=1 routed 240 hit 198 cpu 41 streamed 1 · resident 3776 pending 16 / 3792 · dma.span 0.70 dma.wait 0.56 ms (1 layers) · promo 143.4 MiB paced
[cache] step 133 M=1 routed 240 hit 194 cpu 44 streamed 2 · resident 3776 pending 16 / 3792 · dma.span 1.42 dma.wait 1.18 ms (2 layers) · promo 107.6 MiB paced
[cache] step 134 M=1 routed 240 hit 190 cpu 48 streamed 2 · resident 3776 pending 16 / 3792 · dma.span 1.41 dma.wait 1.15 ms (2 layers) · promo 107.6 MiB paced
[cache] step 135 M=1 routed 240 hit 192 cpu 45 streamed 3 · resident 3776 pending 16 / 3792 · dma.span 2.12 dma.wait 1.75 ms (3 layers) · promo 125.5 MiB paced
[mtp] pos 157 draft 4.0 ms · no draft (conf0 0.24, single 22 ms)
[cache] step 137 M=1 routed 240 hit 205 cpu 34 streamed 1 · resident 3784 pending 8 / 3792 · dma.span 0.70 dma.wait 0.56 ms (1 layers) · promo 143.4 MiB paced
[cache] step 138 M=1 routed 240 hit 202 cpu 37 streamed 1 · resident 3776 pending 16 / 3792 · dma.span 0.70 dma.wait 0.57 ms (1 layers) · promo 143.4 MiB paced
[cache] step 139 M=1 routed 240 hit 219 cpu 19 streamed 2 · resident 3776 pending 16 / 3792 · dma.span 1.40 dma.wait 1.13 ms (2 layers) · promo 143.4 MiB paced
[cache] step 140 M=1 routed 240 hit 204 cpu 35 streamed 1 · resident 3776 pending 16 / 3792 · dma.span 0.69 dma.wait 0.56 ms (1 layers) · promo 125.5 MiB paced
[cache] step 141 M=1 routed 240 hit 213 cpu 26 streamed 1 · resident 3776 pending 16 / 3792 · dma.span 0.70 dma.wait 0.57 ms (1 layers) · promo 143.4 MiB paced
[cache] step 142 M=1 routed 240 hit 205 cpu 34 streamed 1 · resident 3776 pending 16 / 3792 · dma.span 0.71 dma.wait 0.58 ms (1 layers) · promo 125.5 MiB paced
[cache] step 143 M=1 routed 240 hit 210 cpu 28 streamed 2 · resident 3776 pending 16 / 3792 · dma.span 1.41 dma.wait 1.17 ms (2 layers) · promo 143.4 MiB paced
[cache] step 144 M=1 routed 240 hit 207 cpu 32 streamed 1 · resident 3776 pending 16 / 3792 · dma.span 0.72 dma.wait 0.61 ms (1 layers) · promo 125.5 MiB paced
[mtp] pos 165 draft 3.4 ms · no draft (conf0 1.78, single 21 ms)
[cache] step 146 M=1 routed 240 hit 222 cpu 18 streamed 0 · resident 3784 pending 8 / 3792 · dma.span 0.00 dma.wait - ms (0 layers) · promo 125.5 MiB paced
[cache] step 147 M=1 routed 240 hit 218 cpu 22 streamed 0 · resident 3776 pending 16 / 3792 · dma.span 0.00 dma.wait - ms (0 layers) · promo 143.4 MiB paced
[cache] step 148 M=1 routed 240 hit 226 cpu 13 streamed 1 · resident 3776 pending 16 / 3792 · dma.span 0.70 dma.wait 0.57 ms (1 layers) · promo 143.4 MiB paced
[cache] step 149 M=1 routed 240 hit 220 cpu 20 streamed 0 · resident 3776 pending 16 / 3792 · dma.span 0.00 dma.wait - ms (0 layers) · promo 143.4 MiB paced
[cache] step 150 M=1 routed 240 hit 221 cpu 18 streamed 1 · resident 3776 pending 16 / 3792 · dma.span 0.72 dma.wait 0.61 ms (1 layers) · promo 143.4 MiB paced
[cache] step 151 M=1 routed 240 hit 211 cpu 28 streamed 1 · resident 3776 pending 16 / 3792 · dma.span 0.70 dma.wait 0.57 ms (1 layers) · promo 143.4 MiB paced
[cache] step 152 M=1 routed 240 hit 227 cpu 13 streamed 0 · resident 3776 pending 16 / 3792 · dma.span 0.00 dma.wait - ms (0 layers) · promo 143.4 MiB paced
[cache] step 153 M=1 routed 240 hit 216 cpu 22 streamed 2 · resident 3779 pending 13 / 3792 · dma.span 1.42 dma.wait 1.17 ms (2 layers) · promo 143.4 MiB paced
[mtp] pos 173 draft 3.8 ms · no draft (conf0 0.24, single 20 ms)
[cache] step 155 M=1 routed 240 hit 223 cpu 17 streamed 0 · resident 3784 pending 8 / 3792 · dma.span 0.00 dma.wait - ms (0 layers) · promo 53.8 MiB paced
[cache] step 156 M=1 routed 240 hit 223 cpu 16 streamed 1 · resident 3782 pending 10 / 3792 · dma.span 0.71 dma.wait 0.59 ms (1 layers) · promo 143.4 MiB paced
[cache] step 157 M=1 routed 240 hit 220 cpu 20 streamed 0 · resident 3787 pending 5 / 3792 · dma.span 0.00 dma.wait - ms (0 layers) · promo 35.9 MiB paced
[cache] step 158 M=1 routed 240 hit 222 cpu 17 streamed 1 · resident 3785 pending 7 / 3792 · dma.span 0.71 dma.wait 0.58 ms (1 layers) · promo 53.8 MiB paced
[cache] step 159 M=1 routed 240 hit 218 cpu 22 streamed 0 · resident 3782 pending 10 / 3792 · dma.span 0.00 dma.wait - ms (0 layers) · promo 53.8 MiB paced
[cache] step 160 M=1 routed 240 hit 215 cpu 25 streamed 0 · resident 3779 pending 13 / 3792 · dma.span 0.00 dma.wait - ms (0 layers) · promo 71.7 MiB paced
[cache] step 161 M=1 routed 240 hit 219 cpu 19 streamed 2 · resident 3779 pending 13 / 3792 · dma.span 1.42 dma.wait 1.17 ms (2 layers) · promo 125.5 MiB paced
[cache] step 162 M=1 routed 240 hit 224 cpu 16 streamed 0 · resident 3784 pending 8 / 3792 · dma.span 0.00 dma.wait - ms (0 layers) · promo 107.6 MiB paced
[mtp] pos 181 draft 3.3 ms · no draft (conf0 2.12, single 19 ms)
[cache] step 164 M=1 routed 240 hit 203 cpu 36 streamed 1 · resident 3786 pending 6 / 3792 · dma.span 0.70 dma.wait 0.57 ms (1 layers) · promo 35.9 MiB paced
[cache] step 165 M=1 routed 240 hit 213 cpu 26 streamed 1 · resident 3783 pending 9 / 3792 · dma.span 0.71 dma.wait 0.58 ms (1 layers) · promo 107.6 MiB paced
[cache] step 166 M=1 routed 240 hit 218 cpu 22 streamed 0 · resident 3786 pending 6 / 3792 · dma.span 0.00 dma.wait - ms (0 layers) · promo 53.8 MiB paced
[cache] step 167 M=1 routed 240 hit 211 cpu 28 streamed 1 · resident 3783 pending 9 / 3792 · dma.span 0.70 dma.wait 0.56 ms (1 layers) · promo 53.8 MiB paced
[cache] step 168 M=1 routed 240 hit 219 cpu 20 streamed 1 · resident 3782 pending 10 / 3792 · dma.span 0.70 dma.wait 0.57 ms (1 layers) · promo 107.6 MiB paced
[cache] step 169 M=1 routed 240 hit 217 cpu 23 streamed 0 · resident 3783 pending 9 / 3792 · dma.span 0.00 dma.wait - ms (0 layers) · promo 71.7 MiB paced
[cache] step 170 M=1 routed 240 hit 207 cpu 32 streamed 1 · resident 3779 pending 13 / 3792 · dma.span 0.70 dma.wait 0.56 ms (1 layers) · promo 89.6 MiB paced
[cache] step 171 M=1 routed 240 hit 222 cpu 18 streamed 0 · resident 3777 pending 15 / 3792 · dma.span 0.00 dma.wait - ms (0 layers) · promo 125.5 MiB paced
[mtp] pos 189 draft 4.2 ms · no draft (conf0 2.46, single 19 ms)
[cache] step 173 M=1 routed 240 hit 217 cpu 23 streamed 0 · resident 3786 pending 6 / 3792 · dma.span 0.00 dma.wait - ms (0 layers) · promo 125.5 MiB paced
[cache] step 174 M=1 routed 240 hit 226 cpu 14 streamed 0 · resident 3784 pending 8 / 3792 · dma.span 0.00 dma.wait - ms (0 layers) · promo 89.6 MiB paced
[cache] step 175 M=1 routed 240 hit 190 cpu 49 streamed 1 · resident 3786 pending 6 / 3792 · dma.span 0.85 dma.wait 0.71 ms (1 layers) · promo 35.9 MiB paced
[cache] step 176 M=1 routed 240 hit 210 cpu 29 streamed 1 · resident 3784 pending 8 / 3792 · dma.span 0.70 dma.wait 0.57 ms (1 layers) · promo 53.8 MiB paced
[cache] step 177 M=1 routed 240 hit 215 cpu 25 streamed 0 · resident 3781 pending 11 / 3792 · dma.span 0.00 dma.wait - ms (0 layers) · promo 71.7 MiB paced
[cache] step 178 M=1 routed 240 hit 207 cpu 31 streamed 2 · resident 3781 pending 11 / 3792 · dma.span 1.41 dma.wait 1.14 ms (2 layers) · promo 125.5 MiB paced
[cache] step 179 M=1 routed 240 hit 167 cpu 63 streamed 10 · resident 3780 pending 12 / 3792 · dma.span 7.08 dma.wait 5.81 ms (10 layers) · promo 53.8 MiB paced
[cache] step 180 M=1 routed 240 hit 213 cpu 27 streamed 0 · resident 3776 pending 16 / 3792 · dma.span 0.00 dma.wait - ms (0 layers) · promo 125.5 MiB paced
[mtp] pos 197 draft 4.4 ms · no draft (conf0 0.70, single 20 ms)
[cache] step 182 M=1 routed 240 hit 211 cpu 28 streamed 1 · resident 3784 pending 8 / 3792 · dma.span 0.70 dma.wait 0.56 ms (1 layers) · promo 107.6 MiB paced
[cache] step 183 M=1 routed 240 hit 198 cpu 38 streamed 4 · resident 3777 pending 15 / 3792 · dma.span 2.84 dma.wait 2.35 ms (4 layers) · promo 143.4 MiB paced
[cache] step 184 M=1 routed 240 hit 200 cpu 39 streamed 1 · resident 3777 pending 15 / 3792 · dma.span 0.70 dma.wait 0.56 ms (1 layers) · promo 125.5 MiB paced
[cache] step 185 M=1 routed 240 hit 215 cpu 25 streamed 0 · resident 3779 pending 13 / 3792 · dma.span 0.00 dma.wait - ms (0 layers) · promo 125.5 MiB paced
[cache] step 186 M=1 routed 240 hit 187 cpu 50 streamed 3 · resident 3779 pending 13 / 3792 · dma.span 2.11 dma.wait 1.73 ms (3 layers) · promo 53.8 MiB paced
[cache] step 187 M=1 routed 240 hit 202 cpu 37 streamed 1 · resident 3778 pending 14 / 3792 · dma.span 0.71 dma.wait 0.58 ms (1 layers) · promo 143.4 MiB paced
[cache] step 188 M=1 routed 240 hit 214 cpu 26 streamed 0 · resident 3778 pending 14 / 3792 · dma.span 0.00 dma.wait - ms (0 layers) · promo 107.6 MiB paced
[cache] step 189 M=1 routed 240 hit 217 cpu 22 streamed 1 · resident 3778 pending 14 / 3792 · dma.span 0.70 dma.wait 0.57 ms (1 layers) · promo 143.4 MiB paced
[mtp] pos 205 draft 3.5 ms · no draft (conf0 0.56, single 21 ms)
[cache] step 191 M=1 routed 240 hit 218 cpu 21 streamed 1 · resident 3787 pending 5 / 3792 · dma.span 0.71 dma.wait 0.57 ms (1 layers) · promo 107.6 MiB paced
[decode-sync M=1] layer waits 80 · host wait 12.36 ms (spin)
[profile M=1] total 18.31 ms: embed 0.01 segA.win 0.28 moe.gpu_experts 5.05 moe.cpu_experts 1.68 moe 0.03 segA.engram 0.80 segA.index 2.09 segA.comp 7.15 head 1.07 mtp.sync 0.17 · dma.span 0.00 dma.wait - ms (0 layers) · promo 71.7 MiB paced
[early-route M=1] layers 2280 · host ahead of front end 2201 · absorbed 0 (resync 0 · missing 0 · untrusted 0)
[decode-host M=1] sync 0.32 · prep 0.03 · launch 0.45 · cpu 2.82 vs gpu 4.76 (cpu-bound layers 13/40) · tail 1.54 ms · next 0.15 · front 9.63 · post 0.17 · hprep 0.02 · gpu-idle 2.62 of 17.10 ms (cpu layers 13)
[decode-miss M=1] layers 0 · miss 0 · staged 0 · reuse 0 · copy 0 · cpu 0 (jobs 0) · pred 0 used 0 (precision 0.00 · recall 0.00) · prefetch issued 0 used 0 busy 0 · cpu-first
[cache] step 192 M=1 routed 240 hit 227 cpu 13 streamed 0 · resident 3783 pending 9 / 3792 · vram free 2714 MiB · dma.span 0.00 dma.wait - ms (0 layers) · promo 71.7 MiB paced
[cache] step 193 M=1 routed 240 hit 221 cpu 19 streamed 0 · resident 3783 pending 9 / 3792 · dma.span 0.00 dma.wait - ms (0 layers) · promo 71.7 MiB paced
[cache] step 194 M=1 routed 240 hit 224 cpu 16 streamed 0 · resident 3783 pending 9 / 3792 · dma.span 0.00 dma.wait - ms (0 layers) · promo 89.6 MiB paced
[cache] step 195 M=1 routed 240 hit 215 cpu 25 streamed 0 · resident 3783 pending 9 / 3792 · dma.span 0.00 dma.wait - ms (0 layers) · promo 71.7 MiB paced
[cache] step 196 M=1 routed 240 hit 219 cpu 21 streamed 0 · resident 3780 pending 12 / 3792 · dma.span 0.00 dma.wait - ms (0 layers) · promo 89.6 MiB paced
[cache] step 197 M=1 routed 240 hit 225 cpu 15 streamed 0 · resident 3782 pending 10 / 3792 · dma.span 0.00 dma.wait - ms (0 layers) · promo 125.5 MiB paced
[cache] step 198 M=1 routed 240 hit 219 cpu 20 streamed 1 · resident 3787 pending 5 / 3792 · dma.span 0.70 dma.wait 0.57 ms (1 layers) · promo 53.8 MiB paced
[mtp] pos 213 draft 3.5 ms · no draft (conf0 0.39, single 19 ms)
[cache] step 200 M=1 routed 240 hit 219 cpu 20 streamed 1 · resident 3787 pending 5 / 3792 · dma.span 0.70 dma.wait 0.58 ms (1 layers) · promo 35.9 MiB paced
[cache] step 201 M=1 routed 240 hit 227 cpu 13 streamed 0 · resident 3783 pending 9 / 3792 · dma.span 0.00 dma.wait - ms (0 layers) · promo 89.6 MiB paced
[cache] step 202 M=1 routed 240 hit 224 cpu 16 streamed 0 · resident 3782 pending 10 / 3792 · dma.span 0.00 dma.wait - ms (0 layers) · promo 71.7 MiB paced
[cache] step 203 M=1 routed 240 hit 207 cpu 31 streamed 2 · resident 3785 pending 7 / 3792 · dma.span 1.45 dma.wait 1.22 ms (2 layers) · promo 107.6 MiB paced
[cache] step 204 M=1 routed 240 hit 214 cpu 25 streamed 1 · resident 3789 pending 3 / 3792 · dma.span 0.72 dma.wait 0.61 ms (1 layers) · promo 17.9 MiB paced
[cache] step 205 M=1 routed 240 hit 212 cpu 27 streamed 1 · resident 3782 pending 10 / 3792 · dma.span 0.78 dma.wait 0.62 ms (1 layers) · promo 35.9 MiB paced
[cache] step 206 M=1 routed 240 hit 204 cpu 35 streamed 1 · resident 3779 pending 13 / 3792 · dma.span 0.72 dma.wait 0.60 ms (1 layers) · promo 143.4 MiB paced
[cache] step 207 M=1 routed 240 hit 218 cpu 21 streamed 1 · resident 3781 pending 11 / 3792 · dma.span 0.70 dma.wait 0.58 ms (1 layers) · promo 89.6 MiB paced
[mtp] pos 221 draft 3.5 ms · no draft (conf0 -0.12, single 19 ms)
[cache] step 209 M=1 routed 240 hit 230 cpu 10 streamed 0 · resident 3788 pending 4 / 3792 · dma.span 0.00 dma.wait - ms (0 layers) · promo 71.7 MiB paced
[cache] step 210 M=1 routed 240 hit 218 cpu 21 streamed 1 · resident 3786 pending 6 / 3792 · dma.span 0.73 dma.wait 0.61 ms (1 layers) · promo 53.8 MiB paced
[cache] step 211 M=1 routed 240 hit 224 cpu 16 streamed 0 · resident 3788 pending 4 / 3792 · dma.span 0.00 dma.wait - ms (0 layers) · promo 17.9 MiB paced
[cache] step 212 M=1 routed 240 hit 208 cpu 31 streamed 1 · resident 3787 pending 5 / 3792 · dma.span 1.02 dma.wait 0.87 ms (1 layers) · promo 35.9 MiB paced
[cache] step 213 M=1 routed 240 hit 217 cpu 23 streamed 0 · resident 3785 pending 7 / 3792 · dma.span 0.00 dma.wait - ms (0 layers) · promo 53.8 MiB paced
[cache] step 214 M=1 routed 240 hit 223 cpu 17 streamed 0 · resident 3785 pending 7 / 3792 · dma.span 0.00 dma.wait - ms (0 layers) · promo 71.7 MiB paced
[cache] step 215 M=1 routed 240 hit 232 cpu 8 streamed 0 · resident 3788 pending 4 / 3792 · dma.span 0.00 dma.wait - ms (0 layers) · promo 53.8 MiB paced
[cache] step 216 M=1 routed 240 hit 229 cpu 11 streamed 0 · resident 3787 pending 5 / 3792 · dma.span 0.00 dma.wait - ms (0 layers) · promo 17.9 MiB paced
[mtp] pos 229 draft 4.0 ms · no draft (conf0 -0.36, single 18 ms)
[cache] step 218 M=1 routed 240 hit 227 cpu 12 streamed 1 · resident 3788 pending 4 / 3792 · dma.span 0.70 dma.wait 0.57 ms (1 layers) · promo 71.7 MiB paced
[cache] step 219 M=1 routed 240 hit 228 cpu 12 streamed 0 · resident 3787 pending 5 / 3792 · dma.span 0.00 dma.wait - ms (0 layers) · promo 71.7 MiB paced
[cache] step 220 M=1 routed 240 hit 232 cpu 8 streamed 0 · resident 3789 pending 3 / 3792 · dma.span 0.00 dma.wait - ms (0 layers) · promo 17.9 MiB paced
[cache] step 221 M=1 routed 240 hit 228 cpu 12 streamed 0 · resident 3786 pending 6 / 3792 · dma.span 0.00 dma.wait - ms (0 layers) · promo 35.9 MiB paced
[cache] step 222 M=1 routed 240 hit 227 cpu 13 streamed 0 · resident 3783 pending 9 / 3792 · dma.span 0.00 dma.wait - ms (0 layers) · promo 71.7 MiB paced
[cache] step 223 M=1 routed 240 hit 219 cpu 20 streamed 1 · resident 3783 pending 9 / 3792 · dma.span 0.70 dma.wait 0.57 ms (1 layers) · promo 89.6 MiB paced
[cache] step 224 M=1 routed 240 hit 226 cpu 14 streamed 0 · resident 3785 pending 7 / 3792 · dma.span 0.00 dma.wait - ms (0 layers) · promo 71.7 MiB paced
[cache] step 225 M=1 routed 240 hit 225 cpu 15 streamed 0 · resident 3787 pending 5 / 3792 · dma.span 0.00 dma.wait - ms (0 layers) · promo 53.8 MiB paced
[mtp] pos 237 draft 3.6 ms · no draft (conf0 2.99, single 18 ms)
[cache] step 227 M=1 routed 240 hit 208 cpu 31 streamed 1 · resident 3791 pending 1 / 3792 · dma.span 0.98 dma.wait 0.85 ms (1 layers) · promo 35.9 MiB paced
[cache] step 228 M=1 routed 240 hit 225 cpu 15 streamed 0 · resident 3787 pending 5 / 3792 · dma.span 0.00 dma.wait - ms (0 layers) · promo 17.9 MiB paced
[cache] step 229 M=1 routed 240 hit 215 cpu 24 streamed 1 · resident 3786 pending 6 / 3792 · dma.span 0.70 dma.wait 0.58 ms (1 layers) · promo 71.7 MiB paced
[cache] step 230 M=1 routed 240 hit 211 cpu 28 streamed 1 · resident 3784 pending 8 / 3792 · dma.span 1.03 dma.wait 0.87 ms (1 layers) · promo 35.9 MiB paced
[cache] step 231 M=1 routed 240 hit 211 cpu 28 streamed 1 · resident 3781 pending 11 / 3792 · dma.span 0.70 dma.wait 0.57 ms (1 layers) · promo 107.6 MiB paced
[cache] step 232 M=1 routed 240 hit 216 cpu 24 streamed 0 · resident 3781 pending 11 / 3792 · dma.span 0.00 dma.wait - ms (0 layers) · promo 53.8 MiB paced
[cache] step 233 M=1 routed 240 hit 211 cpu 28 streamed 1 · resident 3782 pending 10 / 3792 · dma.span 0.70 dma.wait 0.56 ms (1 layers) · promo 107.6 MiB paced
[cache] step 234 M=1 routed 240 hit 210 cpu 29 streamed 1 · resident 3784 pending 8 / 3792 · dma.span 0.69 dma.wait 0.57 ms (1 layers) · promo 71.7 MiB paced
[mtp] pos 245 draft 4.0 ms · no draft (conf0 4.78, single 19 ms)
[cache] step 236 M=1 routed 240 hit 212 cpu 27 streamed 1 · resident 3786 pending 6 / 3792 · dma.span 0.70 dma.wait 0.57 ms (1 layers) · promo 71.7 MiB paced
[cache] step 237 M=1 routed 240 hit 218 cpu 22 streamed 0 · resident 3781 pending 11 / 3792 · dma.span 0.00 dma.wait - ms (0 layers) · promo 107.6 MiB paced
[cache] step 238 M=1 routed 240 hit 211 cpu 28 streamed 1 · resident 3783 pending 9 / 3792 · dma.span 0.70 dma.wait 0.58 ms (1 layers) · promo 89.6 MiB paced
[cache] step 239 M=1 routed 240 hit 221 cpu 19 streamed 0 · resident 3781 pending 11 / 3792 · dma.span 0.00 dma.wait - ms (0 layers) · promo 71.7 MiB paced
[cache] step 240 M=1 routed 240 hit 209 cpu 31 streamed 0 · resident 3779 pending 13 / 3792 · dma.span 0.00 dma.wait - ms (0 layers) · promo 89.6 MiB paced
[cache] step 241 M=1 routed 240 hit 225 cpu 15 streamed 0 · resident 3784 pending 8 / 3792 · dma.span 0.00 dma.wait - ms (0 layers) · promo 107.6 MiB paced
[cache] step 242 M=1 routed 240 hit 222 cpu 18 streamed 0 · resident 3789 pending 3 / 3792 · dma.span 0.00 dma.wait - ms (0 layers) · promo 35.9 MiB paced
[cache] step 243 M=1 routed 240 hit 222 cpu 18 streamed 0 · resident 3788 pending 4 / 3792 · dma.span 0.00 dma.wait - ms (0 layers) · promo 17.9 MiB paced
[mtp] pos 253 draft 3.8 ms · no draft (conf0 9.23, single 19 ms)
[cache] step 245 M=1 routed 240 hit 217 cpu 22 streamed 1 · resident 3791 pending 1 / 3792 · dma.span 0.70 dma.wait 0.57 ms (1 layers) · promo 53.8 MiB paced
[cache] step 246 M=1 routed 240 hit 224 cpu 16 streamed 0 · resident 3788 pending 4 / 3792 · dma.span 0.00 dma.wait - ms (0 layers) · promo 17.9 MiB paced
[cache] step 247 M=1 routed 240 hit 232 cpu 8 streamed 0 · resident 3788 pending 4 / 3792 · dma.span 0.00 dma.wait - ms (0 layers) · promo 53.8 MiB paced
[cache] step 248 M=1 routed 240 hit 223 cpu 17 streamed 0 · resident 3789 pending 3 / 3792 · dma.span 0.00 dma.wait - ms (0 layers) · promo 17.9 MiB paced
[cache] step 249 M=1 routed 240 hit 225 cpu 14 streamed 1 · resident 3789 pending 3 / 3792 · dma.span 0.70 dma.wait 0.56 ms (1 layers) · promo 35.9 MiB paced
[cache] step 250 M=1 routed 240 hit 221 cpu 19 streamed 0 · resident 3789 pending 3 / 3792 · dma.span 0.00 dma.wait - ms (0 layers) · promo 0.0 MiB paced
[cache] step 251 M=1 routed 240 hit 228 cpu 12 streamed 0 · resident 3788 pending 4 / 3792 · dma.span 0.00 dma.wait - ms (0 layers) · promo 35.9 MiB paced
[cache] step 252 M=1 routed 240 hit 226 cpu 13 streamed 1 · resident 3788 pending 4 / 3792 · dma.span 0.79 dma.wait 0.65 ms (1 layers) · promo 35.9 MiB paced
[mtp] pos 261 draft 4.4 ms · no draft (conf0 1.38, single 18 ms)
[cache] step 254 M=1 routed 240 hit 231 cpu 9 streamed 0 · resident 3791 pending 1 / 3792 · dma.span 0.00 dma.wait - ms (0 layers) · promo 35.9 MiB paced
[cache] step 255 M=1 routed 240 hit 219 cpu 21 streamed 0 · resident 3789 pending 3 / 3792 · dma.span 0.00 dma.wait - ms (0 layers) · promo 17.9 MiB paced
[decode-sync M=1] layer waits 80 · host wait 12.71 ms (spin)
[profile M=1] total 17.68 ms: embed 0.01 segA.win 0.24 moe.gpu_experts 4.74 moe.cpu_experts 1.51 moe 0.02 segA.engram 0.80 segA.index 2.11 segA.comp 7.06 head 1.04 mtp.sync 0.17 · dma.span 0.00 dma.wait - ms (0 layers) · promo 35.9 MiB paced
[early-route M=1] layers 2280 · host ahead of front end 2245 · absorbed 0 (resync 0 · missing 0 · untrusted 0)
[decode-host M=1] sync 0.38 · prep 0.03 · launch 0.47 · cpu 1.97 vs gpu 4.64 (cpu-bound layers 7/40) · tail 1.37 ms · next 0.07 · front 9.63 · post 0.11 · hprep 0.02 · gpu-idle 2.12 of 16.46 ms (cpu layers 7)
[decode-miss M=1] layers 0 · miss 0 · staged 0 · reuse 0 · copy 0 · cpu 0 (jobs 0) · pred 0 used 0 (precision 0.00 · recall 0.00) · prefetch issued 0 used 0 busy 0 · cpu-first
[cache] step 256 M=1 routed 240 hit 230 cpu 10 streamed 0 · resident 3788 pending 4 / 3792 · vram free 2714 MiB · dma.span 0.00 dma.wait - ms (0 layers) · promo 35.9 MiB paced
[cache] step 257 M=1 routed 240 hit 225 cpu 15 streamed 0 · resident 3788 pending 4 / 3792 · dma.span 0.00 dma.wait - ms (0 layers) · promo 35.9 MiB paced
[cache] step 258 M=1 routed 240 hit 228 cpu 12 streamed 0 · resident 3789 pending 3 / 3792 · dma.span 0.00 dma.wait - ms (0 layers) · promo 35.9 MiB paced
[cache] step 259 M=1 routed 240 hit 225 cpu 15 streamed 0 · resident 3790 pending 2 / 3792 · dma.span 0.00 dma.wait - ms (0 layers) · promo 17.9 MiB paced
[cache] step 260 M=1 routed 240 hit 229 cpu 11 streamed 0 · resident 3790 pending 2 / 3792 · dma.span 0.00 dma.wait - ms (0 layers) · promo 17.9 MiB paced
[cache] step 261 M=1 routed 240 hit 229 cpu 11 streamed 0 · resident 3787 pending 5 / 3792 · dma.span 0.00 dma.wait - ms (0 layers) · promo 17.9 MiB paced
[mtp] pos 269 draft 3.5 ms · no draft (conf0 2.81, single 18 ms)
[cache] step 263 M=1 routed 240 hit 209 cpu 31 streamed 0 · resident 3791 pending 1 / 3792 · dma.span 0.00 dma.wait - ms (0 layers) · promo 71.7 MiB paced
[cache] step 264 M=1 routed 240 hit 225 cpu 14 streamed 1 · resident 3786 pending 6 / 3792 · dma.span 0.71 dma.wait 0.57 ms (1 layers) · promo 17.9 MiB paced
[cache] step 265 M=1 routed 240 hit 222 cpu 18 streamed 0 · resident 3783 pending 9 / 3792 · dma.span 0.00 dma.wait - ms (0 layers) · promo 71.7 MiB paced
[cache] step 266 M=1 routed 240 hit 216 cpu 24 streamed 0 · resident 3786 pending 6 / 3792 · dma.span 0.00 dma.wait - ms (0 layers) · promo 71.7 MiB paced
[cache] step 267 M=1 routed 240 hit 221 cpu 18 streamed 1 · resident 3785 pending 7 / 3792 · dma.span 0.70 dma.wait 0.57 ms (1 layers) · promo 35.9 MiB paced
[cache] step 268 M=1 routed 240 hit 224 cpu 15 streamed 1 · resident 3785 pending 7 / 3792 · dma.span 0.81 dma.wait 0.65 ms (1 layers) · promo 89.6 MiB paced
[cache] step 269 M=1 routed 240 hit 179 cpu 57 streamed 4 · resident 3787 pending 5 / 3792 · dma.span 2.85 dma.wait 2.33 ms (4 layers) · promo 35.9 MiB paced
[cache] step 270 M=1 routed 240 hit 233 cpu 7 streamed 0 · resident 3788 pending 4 / 3792 · dma.span 0.00 dma.wait - ms (0 layers) · promo 53.8 MiB paced
[mtp] pos 277 draft 3.6 ms · no draft (conf0 5.97, single 18 ms)
[cache] step 272 M=1 routed 240 hit 213 cpu 26 streamed 1 · resident 3788 pending 4 / 3792 · dma.span 1.02 dma.wait 0.86 ms (1 layers) · promo 17.9 MiB paced
[cache] step 273 M=1 routed 240 hit 218 cpu 22 streamed 0 · resident 3784 pending 8 / 3792 · dma.span 0.00 dma.wait - ms (0 layers) · promo 53.8 MiB paced
[cache] step 274 M=1 routed 240 hit 227 cpu 13 streamed 0 · resident 3786 pending 6 / 3792 · dma.span 0.00 dma.wait - ms (0 layers) · promo 71.7 MiB paced
[cache] step 275 M=1 routed 240 hit 215 cpu 25 streamed 0 · resident 3786 pending 6 / 3792 · dma.span 0.00 dma.wait - ms (0 layers) · promo 35.9 MiB paced
[cache] step 276 M=1 routed 240 hit 215 cpu 24 streamed 1 · resident 3784 pending 8 / 3792 · dma.span 0.70 dma.wait 0.56 ms (1 layers) · promo 71.7 MiB paced
[cache] step 277 M=1 routed 240 hit 210 cpu 29 streamed 1 · resident 3786 pending 6 / 3792 · dma.span 0.69 dma.wait 0.56 ms (1 layers) · promo 71.7 MiB paced
[cache] step 278 M=1 routed 240 hit 213 cpu 27 streamed 0 · resident 3785 pending 7 / 3792 · dma.span 0.00 dma.wait - ms (0 layers) · promo 35.9 MiB paced
[cache] step 279 M=1 routed 240 hit 214 cpu 25 streamed 1 · resident 3783 pending 9 / 3792 · dma.span 0.70 dma.wait 0.58 ms (1 layers) · promo 89.6 MiB paced
[mtp] pos 285 draft 3.5 ms · no draft (conf0 0.61, single 19 ms)
[cache] step 281 M=1 routed 240 hit 209 cpu 30 streamed 1 · resident 3789 pending 3 / 3792 · dma.span 0.72 dma.wait 0.60 ms (1 layers) · promo 71.7 MiB paced
[cache] step 282 M=1 routed 240 hit 211 cpu 28 streamed 1 · resident 3787 pending 5 / 3792 · dma.span 0.70 dma.wait 0.57 ms (1 layers) · promo 35.9 MiB paced
[cache] step 283 M=1 routed 240 hit 218 cpu 22 streamed 0 · resident 3787 pending 5 / 3792 · dma.span 0.00 dma.wait - ms (0 layers) · promo 35.9 MiB paced
[cache] step 284 M=1 routed 240 hit 213 cpu 27 streamed 0 · resident 3784 pending 8 / 3792 · dma.span 0.00 dma.wait - ms (0 layers) · promo 53.8 MiB paced
[cache] step 285 M=1 routed 240 hit 213 cpu 26 streamed 1 · resident 3784 pending 8 / 3792 · dma.span 0.70 dma.wait 0.58 ms (1 layers) · promo 71.7 MiB paced
[cache] step 286 M=1 routed 240 hit 220 cpu 19 streamed 1 · resident 3785 pending 7 / 3792 · dma.span 0.70 dma.wait 0.57 ms (1 layers) · promo 53.8 MiB paced
[cache] step 287 M=1 routed 240 hit 233 cpu 7 streamed 0 · resident 3786 pending 6 / 3792 · dma.span 0.00 dma.wait - ms (0 layers) · promo 53.8 MiB paced
[cache] step 288 M=1 routed 240 hit 208 cpu 31 streamed 1 · resident 3786 pending 6 / 3792 · dma.span 0.71 dma.wait 0.60 ms (1 layers) · promo 35.9 MiB paced
[mtp] pos 293 draft 3.6 ms · no draft (conf0 -0.02, single 19 ms)
[cache] step 290 M=1 routed 240 hit 209 cpu 30 streamed 1 · resident 3789 pending 3 / 3792 · dma.span 0.71 dma.wait 0.60 ms (1 layers) · promo 53.8 MiB paced
[cache] step 291 M=1 routed 240 hit 215 cpu 24 streamed 1 · resident 3787 pending 5 / 3792 · dma.span 0.79 dma.wait 0.63 ms (1 layers) · promo 53.8 MiB paced
[cache] step 292 M=1 routed 240 hit 218 cpu 22 streamed 0 · resident 3784 pending 8 / 3792 · dma.span 0.00 dma.wait - ms (0 layers) · promo 35.9 MiB paced
[cache] step 293 M=1 routed 240 hit 210 cpu 30 streamed 0 · resident 3783 pending 9 / 3792 · dma.span 0.00 dma.wait - ms (0 layers) · promo 107.6 MiB paced
[cache] step 294 M=1 routed 240 hit 199 cpu 39 streamed 2 · resident 3787 pending 5 / 3792 · dma.span 1.48 dma.wait 1.21 ms (2 layers) · promo 35.9 MiB paced
[cache] step 295 M=1 routed 240 hit 199 cpu 38 streamed 3 · resident 3787 pending 5 / 3792 · dma.span 2.12 dma.wait 1.74 ms (3 layers) · promo 35.9 MiB paced
[cache] step 296 M=1 routed 240 hit 201 cpu 36 streamed 3 · resident 3787 pending 5 / 3792 · dma.span 2.15 dma.wait 1.77 ms (3 layers) · promo 53.8 MiB paced
[cache] step 297 M=1 routed 240 hit 192 cpu 47 streamed 1 · resident 3782 pending 10 / 3792 · dma.span 0.93 dma.wait 0.79 ms (1 layers) · promo 35.9 MiB paced
[mtp] pos 301 draft 3.7 ms · no draft (conf0 -0.27, single 20 ms)
[cache] step 299 M=1 routed 240 hit 217 cpu 23 streamed 0 · resident 3789 pending 3 / 3792 · dma.span 0.00 dma.wait - ms (0 layers) · promo 143.4 MiB paced
[cache] step 300 M=1 routed 240 hit 220 cpu 20 streamed 0 · resident 3781 pending 11 / 3792 · dma.span 0.00 dma.wait - ms (0 layers) · promo 53.8 MiB paced
[cache] step 301 M=1 routed 240 hit 218 cpu 22 streamed 0 · resident 3784 pending 8 / 3792 · dma.span 0.00 dma.wait - ms (0 layers) · promo 143.4 MiB paced
[cache] step 302 M=1 routed 240 hit 204 cpu 35 streamed 1 · resident 3792 pending 0 / 3792 · dma.span 0.71 dma.wait 0.59 ms (1 layers) · promo 0.0 MiB paced
[cache] step 303 M=1 routed 240 hit 211 cpu 29 streamed 0 · resident 3786 pending 6 / 3792 · dma.span 0.00 dma.wait - ms (0 layers) · promo 0.0 MiB paced
[cache] step 304 M=1 routed 240 hit 207 cpu 32 streamed 1 · resident 3783 pending 9 / 3792 · dma.span 0.70 dma.wait 0.57 ms (1 layers) · promo 107.6 MiB paced
[cache] step 305 M=1 routed 240 hit 206 cpu 34 streamed 0 · resident 3785 pending 7 / 3792 · dma.span 0.00 dma.wait - ms (0 layers) · promo 53.8 MiB paced
[cache] step 306 M=1 routed 240 hit 208 cpu 31 streamed 1 · resident 3782 pending 10 / 3792 · dma.span 0.71 dma.wait 0.57 ms (1 layers) · promo 71.7 MiB paced
[mtp] pos 309 draft 3.7 ms · no draft (conf0 0.15, single 20 ms)
[cache] step 308 M=1 routed 240 hit 207 cpu 33 streamed 0 · resident 3787 pending 5 / 3792 · dma.span 0.00 dma.wait - ms (0 layers) · promo 107.6 MiB paced
[cache] step 309 M=1 routed 240 hit 211 cpu 27 streamed 2 · resident 3781 pending 11 / 3792 · dma.span 1.40 dma.wait 1.14 ms (2 layers) · promo 71.7 MiB paced
[cache] step 310 M=1 routed 240 hit 205 cpu 35 streamed 0 · resident 3779 pending 13 / 3792 · dma.span 0.00 dma.wait - ms (0 layers) · promo 107.6 MiB paced
[cache] step 311 M=1 routed 240 hit 190 cpu 47 streamed 3 · resident 3783 pending 9 / 3792 · dma.span 2.11 dma.wait 1.73 ms (3 layers) · promo 107.6 MiB paced
[cache] step 312 M=1 routed 240 hit 213 cpu 26 streamed 1 · resident 3789 pending 3 / 3792 · dma.span 1.03 dma.wait 0.87 ms (1 layers) · promo 17.9 MiB paced
[cache] step 313 M=1 routed 240 hit 192 cpu 47 streamed 1 · resident 3783 pending 9 / 3792 · dma.span 0.70 dma.wait 0.56 ms (1 layers) · promo 17.9 MiB paced
[cache] step 314 M=1 routed 240 hit 191 cpu 47 streamed 2 · resident 3776 pending 16 / 3792 · dma.span 1.40 dma.wait 1.13 ms (2 layers) · promo 143.4 MiB paced
[cache] step 315 M=1 routed 240 hit 205 cpu 35 streamed 0 · resident 3776 pending 16 / 3792 · dma.span 0.00 dma.wait - ms (0 layers) · promo 143.4 MiB paced
[mtp] pos 317 draft 3.5 ms · no draft (conf0 3.17, single 21 ms)
[cache] step 317 M=1 routed 240 hit 221 cpu 19 streamed 0 · resident 3785 pending 7 / 3792 · dma.span 0.00 dma.wait - ms (0 layers) · promo 125.5 MiB paced
[cache] step 318 M=1 routed 240 hit 225 cpu 14 streamed 1 · resident 3785 pending 7 / 3792 · dma.span 0.71 dma.wait 0.58 ms (1 layers) · promo 125.5 MiB paced
[cache] step 319 M=1 routed 240 hit 209 cpu 30 streamed 1 · resident 3787 pending 5 / 3792 · dma.span 0.70 dma.wait 0.56 ms (1 layers) · promo 0.0 MiB paced
[decode-sync M=1] layer waits 80 · host wait 11.38 ms (spin)
[profile M=1] total 20.62 ms: embed 0.01 segA.win 0.24 moe.gpu_experts 4.88 moe.cpu_experts 3.75 moe 0.02 segA.engram 0.83 segA.index 2.20 segA.comp 7.45 head 1.08 mtp.sync 0.17 · dma.span 0.00 dma.wait - ms (0 layers) · promo 89.6 MiB paced
[early-route M=1] layers 2280 · host ahead of front end 2227 · absorbed 0 (resync 0 · missing 0 · untrusted 0)
[decode-host M=1] sync 0.37 · prep 0.04 · launch 0.45 · cpu 5.79 vs gpu 4.55 (cpu-bound layers 24/40) · tail 3.53 ms · next 0.19 · front 9.89 · post 0.25 · hprep 0.05 · gpu-idle 4.80 of 19.41 ms (cpu layers 24)
[decode-miss M=1] layers 0 · miss 0 · staged 0 · reuse 0 · copy 0 · cpu 0 (jobs 0) · pred 0 used 0 (precision 0.00 · recall 0.00) · prefetch issued 0 used 0 busy 0 · cpu-first
[cache] step 320 M=1 routed 240 hit 212 cpu 28 streamed 0 · resident 3781 pending 11 / 3792 · vram free 2714 MiB · dma.span 0.00 dma.wait - ms (0 layers) · promo 89.6 MiB paced
[cache] step 321 M=1 routed 240 hit 211 cpu 28 streamed 1 · resident 3782 pending 10 / 3792 · dma.span 0.69 dma.wait 0.56 ms (1 layers) · promo 107.6 MiB paced
[cache] step 322 M=1 routed 240 hit 207 cpu 33 streamed 0 · resident 3781 pending 11 / 3792 · dma.span 0.00 dma.wait - ms (0 layers) · promo 71.7 MiB paced
[cache] step 323 M=1 routed 240 hit 216 cpu 24 streamed 0 · resident 3780 pending 12 / 3792 · dma.span 0.00 dma.wait - ms (0 layers) · promo 125.5 MiB paced
[cache] step 324 M=1 routed 240 hit 214 cpu 25 streamed 1 · resident 3782 pending 10 / 3792 · dma.span 0.70 dma.wait 0.57 ms (1 layers) · promo 89.6 MiB paced
[mtp] pos 325 draft 3.7 ms · no draft (conf0 4.67, single 20 ms)
[cache] step 326 M=1 routed 240 hit 208 cpu 32 streamed 0 · resident 3785 pending 7 / 3792 · dma.span 0.00 dma.wait - ms (0 layers) · promo 71.7 MiB paced
[cache] step 327 M=1 routed 240 hit 191 cpu 45 streamed 4 · resident 3779 pending 13 / 3792 · dma.span 3.16 dma.wait 2.59 ms (4 layers) · promo 125.5 MiB paced
[cache] step 328 M=1 routed 240 hit 186 cpu 51 streamed 3 · resident 3778 pending 14 / 3792 · dma.span 2.12 dma.wait 1.73 ms (3 layers) · promo 71.7 MiB paced
[cache] step 329 M=1 routed 240 hit 217 cpu 22 streamed 1 · resident 3776 pending 16 / 3792 · dma.span 0.70 dma.wait 0.56 ms (1 layers) · promo 125.5 MiB paced
[cache] step 330 M=1 routed 240 hit 224 cpu 16 streamed 0 · resident 3782 pending 10 / 3792 · dma.span 0.00 dma.wait - ms (0 layers) · promo 125.5 MiB paced
[cache] step 331 M=1 routed 240 hit 216 cpu 24 streamed 0 · resident 3787 pending 5 / 3792 · dma.span 0.00 dma.wait - ms (0 layers) · promo 35.9 MiB paced
[cache] step 332 M=1 routed 240 hit 180 cpu 53 streamed 7 · resident 3788 pending 4 / 3792 · dma.span 5.18 dma.wait 4.28 ms (7 layers) · promo 53.8 MiB paced
[cache] step 333 M=1 routed 240 hit 209 cpu 31 streamed 0 · resident 3787 pending 5 / 3792 · dma.span 0.00 dma.wait - ms (0 layers) · promo 17.9 MiB paced
[mtp] pos 333 draft 3.9 ms · no draft (conf0 0.52, single 21 ms)
[cache] step 335 M=1 routed 240 hit 212 cpu 27 streamed 1 · resident 3787 pending 5 / 3792 · dma.span 0.70 dma.wait 0.57 ms (1 layers) · promo 71.7 MiB paced
[cache] step 336 M=1 routed 240 hit 218 cpu 22 streamed 0 · resident 3785 pending 7 / 3792 · dma.span 0.00 dma.wait - ms (0 layers) · promo 53.8 MiB paced
[cache] step 337 M=1 routed 240 hit 222 cpu 18 streamed 0 · resident 3787 pending 5 / 3792 · dma.span 0.00 dma.wait - ms (0 layers) · promo 35.9 MiB paced
[hived] 043a91907b02eb12: prefill 37 tok 608 ms · decode 300 tok 6448 ms (46.4 tok/s, batch 1) · hit 61379 cpu 9849 · resident 3787/3792 · mtp 0/0 in 0 steps · length
[hived] 84f4a4feb4b07254: prefill chunk 1 M 37 · 0→37/37 · upper on · tail rows 0 · hit 4898 streamed 320 cpu 2076 dma_rows 1906 · cpu wait 267 ms span 276 ms · 339 ms
[hived] 84f4a4feb4b07254: prefill total 37 rows in 1 chunks · hit 4898 streamed 320 cpu 2076 dma_rows 1906 · cpu wait 267 ms span 276 ms · 339 ms
[mtp] pos 37 draft 3.8 ms · no draft (conf0 0.14, single 20 ms)
[cache] step 340 M=1 routed 240 hit 174 cpu 61 streamed 5 · resident 3784 pending 8 / 3792 · dma.span 3.54 dma.wait 2.91 ms (5 layers) · promo 197.2 MiB paced
[cache] step 341 M=1 routed 240 hit 200 cpu 38 streamed 2 · resident 3776 pending 16 / 3792 · dma.span 1.42 dma.wait 1.17 ms (2 layers) · promo 143.4 MiB paced
[cache] step 342 M=1 routed 240 hit 221 cpu 19 streamed 0 · resident 3776 pending 16 / 3792 · dma.span 0.00 dma.wait - ms (0 layers) · promo 71.7 MiB paced
[cache] step 343 M=1 routed 240 hit 217 cpu 22 streamed 1 · resident 3776 pending 16 / 3792 · dma.span 0.71 dma.wait 0.60 ms (1 layers) · promo 107.6 MiB paced
[cache] step 344 M=1 routed 240 hit 216 cpu 22 streamed 2 · resident 3776 pending 16 / 3792 · dma.span 1.40 dma.wait 1.16 ms (2 layers) · promo 107.6 MiB paced
[cache] step 345 M=1 routed 240 hit 210 cpu 29 streamed 1 · resident 3776 pending 16 / 3792 · dma.span 0.70 dma.wait 0.57 ms (1 layers) · promo 125.5 MiB paced
[cache] step 346 M=1 routed 240 hit 196 cpu 41 streamed 3 · resident 3776 pending 16 / 3792 · dma.span 2.10 dma.wait 1.70 ms (3 layers) · promo 107.6 MiB paced
[cache] step 347 M=1 routed 240 hit 211 cpu 27 streamed 2 · resident 3776 pending 16 / 3792 · dma.span 1.44 dma.wait 1.21 ms (2 layers) · promo 71.7 MiB paced
[mtp] pos 45 draft 3.4 ms · no draft (conf0 5.06, single 20 ms)
[cache] step 349 M=1 routed 240 hit 223 cpu 17 streamed 0 · resident 3784 pending 8 / 3792 · dma.span 0.00 dma.wait - ms (0 layers) · promo 125.5 MiB paced
[cache] step 350 M=1 routed 240 hit 230 cpu 10 streamed 0 · resident 3776 pending 16 / 3792 · dma.span 0.00 dma.wait - ms (0 layers) · promo 125.5 MiB paced
[cache] step 351 M=1 routed 240 hit 229 cpu 11 streamed 0 · resident 3776 pending 16 / 3792 · dma.span 0.00 dma.wait - ms (0 layers) · promo 125.5 MiB paced
[cache] step 352 M=1 routed 240 hit 229 cpu 11 streamed 0 · resident 3776 pending 16 / 3792 · dma.span 0.00 dma.wait - ms (0 layers) · promo 71.7 MiB paced
[cache] step 353 M=1 routed 240 hit 229 cpu 11 streamed 0 · resident 3776 pending 16 / 3792 · dma.span 0.00 dma.wait - ms (0 layers) · promo 71.7 MiB paced
[cache] step 354 M=1 routed 240 hit 227 cpu 13 streamed 0 · resident 3776 pending 16 / 3792 · dma.span 0.00 dma.wait - ms (0 layers) · promo 125.5 MiB paced
[cache] step 355 M=1 routed 240 hit 227 cpu 13 streamed 0 · resident 3776 pending 16 / 3792 · dma.span 0.00 dma.wait - ms (0 layers) · promo 89.6 MiB paced
[cache] step 356 M=1 routed 240 hit 223 cpu 17 streamed 0 · resident 3776 pending 16 / 3792 · dma.span 0.00 dma.wait - ms (0 layers) · promo 143.4 MiB paced
[mtp] pos 53 draft 3.4 ms · no draft (conf0 0.69, single 19 ms)
[cache] step 358 M=1 routed 240 hit 223 cpu 17 streamed 0 · resident 3784 pending 8 / 3792 · dma.span 0.00 dma.wait - ms (0 layers) · promo 125.5 MiB paced
[cache] step 359 M=1 routed 240 hit 214 cpu 26 streamed 0 · resident 3776 pending 16 / 3792 · dma.span 0.00 dma.wait - ms (0 layers) · promo 143.4 MiB paced
[cache] step 360 M=1 routed 240 hit 230 cpu 10 streamed 0 · resident 3776 pending 16 / 3792 · dma.span 0.00 dma.wait - ms (0 layers) · promo 143.4 MiB paced
[cache] step 361 M=1 routed 240 hit 218 cpu 21 streamed 1 · resident 3776 pending 16 / 3792 · dma.span 0.70 dma.wait 0.58 ms (1 layers) · promo 107.6 MiB paced
[cache] step 362 M=1 routed 240 hit 224 cpu 16 streamed 0 · resident 3776 pending 16 / 3792 · dma.span 0.00 dma.wait - ms (0 layers) · promo 89.6 MiB paced
[cache] step 363 M=1 routed 240 hit 230 cpu 10 streamed 0 · resident 3776 pending 16 / 3792 · dma.span 0.00 dma.wait - ms (0 layers) · promo 143.4 MiB paced
[cache] step 364 M=1 routed 240 hit 226 cpu 14 streamed 0 · resident 3776 pending 16 / 3792 · dma.span 0.00 dma.wait - ms (0 layers) · promo 125.5 MiB paced
[cache] step 365 M=1 routed 240 hit 205 cpu 35 streamed 0 · resident 3776 pending 16 / 3792 · dma.span 0.00 dma.wait - ms (0 layers) · promo 143.4 MiB paced
[mtp] pos 61 draft 3.4 ms · no draft (conf0 -1.20, single 19 ms)
[cache] step 367 M=1 routed 240 hit 220 cpu 20 streamed 0 · resident 3784 pending 8 / 3792 · dma.span 0.00 dma.wait - ms (0 layers) · promo 125.5 MiB paced
[cache] step 368 M=1 routed 240 hit 226 cpu 14 streamed 0 · resident 3776 pending 16 / 3792 · dma.span 0.00 dma.wait - ms (0 layers) · promo 143.4 MiB paced
[cache] step 369 M=1 routed 240 hit 222 cpu 18 streamed 0 · resident 3776 pending 16 / 3792 · dma.span 0.00 dma.wait - ms (0 layers) · promo 125.5 MiB paced
[cache] step 370 M=1 routed 240 hit 215 cpu 25 streamed 0 · resident 3776 pending 16 / 3792 · dma.span 0.00 dma.wait - ms (0 layers) · promo 143.4 MiB paced
[cache] step 371 M=1 routed 240 hit 223 cpu 17 streamed 0 · resident 3776 pending 16 / 3792 · dma.span 0.00 dma.wait - ms (0 layers) · promo 125.5 MiB paced
[cache] step 372 M=1 routed 240 hit 222 cpu 18 streamed 0 · resident 3776 pending 16 / 3792 · dma.span 0.00 dma.wait - ms (0 layers) · promo 143.4 MiB paced
[cache] step 373 M=1 routed 240 hit 233 cpu 7 streamed 0 · resident 3776 pending 16 / 3792 · dma.span 0.00 dma.wait - ms (0 layers) · promo 125.5 MiB paced
[cache] step 374 M=1 routed 240 hit 225 cpu 15 streamed 0 · resident 3776 pending 16 / 3792 · dma.span 0.00 dma.wait - ms (0 layers) · promo 125.5 MiB paced
[mtp] pos 69 draft 3.4 ms · no draft (conf0 1.96, single 18 ms)
[cache] step 376 M=1 routed 240 hit 226 cpu 14 streamed 0 · resident 3784 pending 8 / 3792 · dma.span 0.00 dma.wait - ms (0 layers) · promo 143.4 MiB paced
[cache] step 377 M=1 routed 240 hit 227 cpu 13 streamed 0 · resident 3776 pending 16 / 3792 · dma.span 0.00 dma.wait - ms (0 layers) · promo 143.4 MiB paced
[cache] step 378 M=1 routed 240 hit 221 cpu 18 streamed 1 · resident 3776 pending 16 / 3792 · dma.span 0.70 dma.wait 0.57 ms (1 layers) · promo 143.4 MiB paced
[cache] step 379 M=1 routed 240 hit 217 cpu 23 streamed 0 · resident 3776 pending 16 / 3792 · dma.span 0.00 dma.wait - ms (0 layers) · promo 143.4 MiB paced
[cache] step 380 M=1 routed 240 hit 222 cpu 18 streamed 0 · resident 3776 pending 16 / 3792 · dma.span 0.00 dma.wait - ms (0 layers) · promo 143.4 MiB paced
[cache] step 381 M=1 routed 240 hit 218 cpu 22 streamed 0 · resident 3776 pending 16 / 3792 · dma.span 0.00 dma.wait - ms (0 layers) · promo 143.4 MiB paced
[cache] step 382 M=1 routed 240 hit 184 cpu 52 streamed 4 · resident 3776 pending 16 / 3792 · dma.span 2.82 dma.wait 2.30 ms (4 layers) · promo 143.4 MiB paced
[cache] step 383 M=1 routed 240 hit 220 cpu 20 streamed 0 · resident 3776 pending 16 / 3792 · dma.span 0.00 dma.wait - ms (0 layers) · promo 125.5 MiB paced
[profile M=5] total 4.29 ms: mtp.embed 0.05 hc.fused 0.10 mtp.attn 1.13 moe.router 0.09 moe.shared 0.17 moe.d2h 0.04 mtp.router 0.02 moe.gpu_experts 0.53 moe.cpu_experts 0.65 mtp.experts 0.04 mtp.head 1.47
[mtp] pos 77 draft 4.4 ms · no draft (conf0 -0.20, single 19 ms)
[cache] step 385 M=1 routed 240 hit 225 cpu 15 streamed 0 · resident 3784 pending 8 / 3792 · dma.span 0.00 dma.wait - ms (0 layers) · promo 125.5 MiB paced
[cache] step 386 M=1 routed 240 hit 220 cpu 19 streamed 1 · resident 3776 pending 16 / 3792 · dma.span 0.73 dma.wait 0.60 ms (1 layers) · promo 107.6 MiB paced
[cache] step 387 M=1 routed 240 hit 208 cpu 31 streamed 1 · resident 3776 pending 16 / 3792 · dma.span 0.70 dma.wait 0.59 ms (1 layers) · promo 125.5 MiB paced
[cache] step 388 M=1 routed 240 hit 178 cpu 58 streamed 4 · resident 3776 pending 16 / 3792 · dma.span 2.82 dma.wait 2.33 ms (4 layers) · promo 143.4 MiB paced
[cache] step 389 M=1 routed 240 hit 165 cpu 67 streamed 8 · resident 3776 pending 16 / 3792 · dma.span 5.67 dma.wait 4.69 ms (8 layers) · promo 125.5 MiB paced
[cache] step 390 M=1 routed 240 hit 181 cpu 54 streamed 5 · resident 3776 pending 16 / 3792 · dma.span 3.50 dma.wait 2.89 ms (5 layers) · promo 125.5 MiB paced
[cache] step 391 M=1 routed 240 hit 185 cpu 51 streamed 4 · resident 3776 pending 16 / 3792 · dma.span 2.82 dma.wait 2.30 ms (4 layers) · promo 143.4 MiB paced
[cache] step 392 M=1 routed 240 hit 187 cpu 51 streamed 2 · resident 3776 pending 16 / 3792 · dma.span 1.40 dma.wait 1.13 ms (2 layers) · promo 107.6 MiB paced
[mtp] pos 85 draft 3.9 ms · no draft (conf0 1.37, single 21 ms)
[cache] step 394 M=1 routed 240 hit 212 cpu 27 streamed 1 · resident 3784 pending 8 / 3792 · dma.span 0.73 dma.wait 0.60 ms (1 layers) · promo 125.5 MiB paced
[cache] step 395 M=1 routed 240 hit 210 cpu 28 streamed 2 · resident 3776 pending 16 / 3792 · dma.span 1.42 dma.wait 1.17 ms (2 layers) · promo 143.4 MiB paced
[cache] step 396 M=1 routed 240 hit 226 cpu 14 streamed 0 · resident 3776 pending 16 / 3792 · dma.span 0.00 dma.wait - ms (0 layers) · promo 143.4 MiB paced
[cache] step 397 M=1 routed 240 hit 224 cpu 16 streamed 0 · resident 3776 pending 16 / 3792 · dma.span 0.00 dma.wait - ms (0 layers) · promo 125.5 MiB paced
[cache] step 398 M=1 routed 240 hit 216 cpu 24 streamed 0 · resident 3776 pending 16 / 3792 · dma.span 0.00 dma.wait - ms (0 layers) · promo 125.5 MiB paced
[cache] step 399 M=1 routed 240 hit 233 cpu 7 streamed 0 · resident 3776 pending 16 / 3792 · dma.span 0.00 dma.wait - ms (0 layers) · promo 125.5 MiB paced
[cache] step 142 M=3 routed 720 hit 720 cpu 0 streamed 0 · resident 1128 pending 16 / 4488 · dma.span 0.00 dma.wait - ms (0 layers) · promo 35.9 MiB paced
[hived] a09f8749181b3b61: prefill 18 tok 202 ms · decode 2 tok 629 ms (1.6 tok/s, batch 4) · hit 240 cpu 0 · resident 1128/4488 · mtp 0/0 in 0 steps · stop
[hived] a09f8749181b3b61~1: prefill 18 tok 594 ms · decode 2 tok 20 ms (50.2 tok/s, batch 3) · hit 240 cpu 0 · resident 1128/4488 · mtp 0/0 in 0 steps · stop
[hived] a09f8749181b3b61~2: prefill 18 tok 594 ms · decode 2 tok 20 ms (49.4 tok/s, batch 2) · hit 240 cpu 0 · resident 1128/4488 · mtp 0/0 in 0 steps · stop
[hived] a09f8749181b3b61~3: prefill 18 tok 594 ms · decode 2 tok 21 ms (48.6 tok/s, batch 1) · hit 240 cpu 0 · resident 1128/4488 · mtp 0/0 in 0 steps · stop
[hived] a09f8749181b3b61: reuse 0/18 via reset (session tokens 0 · common with live 18)
[hived] a09f8749181b3b61: prefill chunk 1 M 18 · 0→18/18 · upper on · tail rows 0 · hit 3331 streamed 210 cpu 743 dma_rows 246 · cpu wait 132 ms span 139 ms · 199 ms
[hived] a09f8749181b3b61: prefill total 18 rows in 1 chunks · hit 3331 streamed 210 cpu 743 dma_rows 246 · cpu wait 132 ms span 139 ms · 200 ms
[cache] step 144 M=1 routed 240 hit 240 cpu 0 streamed 0 · resident 1144 pending 16 / 4488 · dma.span 0.00 dma.wait - ms (0 layers) · promo 107.6 MiB paced
[hived] a09f8749181b3b61~1: reuse 0/18 via reset (session tokens 0 · common with live 18)
[hived] a09f8749181b3b61~2: reuse 0/18 via reset (session tokens 0 · common with live 18)
[hived] a09f8749181b3b61~3: reuse 0/18 via reset (session tokens 0 · common with live 18)
[hived] a09f8749181b3b61~1: prefill chunk 1 M 18 · 0→18/18 · upper on · tail rows 0 · hit 3363 streamed 197 cpu 732 dma_rows 225 · cpu wait 131 ms span 138 ms · 190 ms
[hived] a09f8749181b3b61~2: prefill chunk 1 M 18 · 0→18/18 · upper on · tail rows 0 · hit 3379 streamed 199 cpu 722 dma_rows 219 · cpu wait 129 ms span 136 ms · 190 ms
[hived] a09f8749181b3b61~3: prefill chunk 1 M 18 · 0→18/18 · upper on · tail rows 0 · hit 3395 streamed 196 cpu 716 dma_rows 209 · cpu wait 128 ms span 135 ms · 188 ms
[hived] a09f8749181b3b61~1: prefill total 18 rows in 1 chunks · hit 3363 streamed 197 cpu 732 dma_rows 225 · cpu wait 131 ms span 138 ms · 569 ms
[hived] a09f8749181b3b61~2: prefill total 18 rows in 1 chunks · hit 3379 streamed 199 cpu 722 dma_rows 219 · cpu wait 129 ms span 136 ms · 569 ms
[hived] a09f8749181b3b61~3: prefill total 18 rows in 1 chunks · hit 3395 streamed 196 cpu 716 dma_rows 209 · cpu wait 128 ms span 135 ms · 569 ms
[cache] step 148 M=3 routed 720 hit 720 cpu 0 streamed 0 · resident 1176 pending 16 / 4488 · dma.span 0.00 dma.wait - ms (0 layers) · promo 107.6 MiB paced
[hived] a09f8749181b3b61: prefill 18 tok 200 ms · decode 2 tok 604 ms (1.7 tok/s, batch 4) · hit 240 cpu 0 · resident 1176/4488 · mtp 0/0 in 0 steps · stop
[hived] a09f8749181b3b61~1: prefill 18 tok 569 ms · decode 2 tok 20 ms (49.6 tok/s, batch 3) · hit 240 cpu 0 · resident 1176/4488 · mtp 0/0 in 0 steps · stop
[hived] a09f8749181b3b61~2: prefill 18 tok 569 ms · decode 2 tok 21 ms (48.8 tok/s, batch 2) · hit 240 cpu 0 · resident 1176/4488 · mtp 0/0 in 0 steps · stop
[hived] a09f8749181b3b61~3: prefill 18 tok 569 ms · decode 2 tok 21 ms (48.0 tok/s, batch 1) · hit 240 cpu 0 · resident 1176/4488 · mtp 0/0 in 0 steps · stop
[hived] a09f8749181b3b61: reuse 0/18 via reset (session tokens 0 · common with live 18)
[hived] a09f8749181b3b61: prefill chunk 1 M 18 · 0→18/18 · upper on · tail rows 0 · hit 3426 streamed 199 cpu 695 dma_rows 199 · cpu wait 125 ms span 132 ms · 188 ms
[hived] a09f8749181b3b61: prefill total 18 rows in 1 chunks · hit 3426 streamed 199 cpu 695 dma_rows 199 · cpu wait 125 ms span 132 ms · 189 ms
[cache] step 150 M=1 routed 240 hit 240 cpu 0 streamed 0 · resident 1192 pending 16 / 4488 · dma.span 0.00 dma.wait - ms (0 layers) · promo 268.9 MiB paced
[hived] a09f8749181b3b61~1: reuse 0/18 via reset (session tokens 0 · common with live 18)
[hived] a09f8749181b3b61~2: reuse 0/18 via reset (session tokens 0 · common with live 18)
[hived] a09f8749181b3b61~3: reuse 0/18 via reset (session tokens 0 · common with live 18)
[hived] a09f8749181b3b61~1: prefill chunk 1 M 18 · 0→18/18 · upper on · tail rows 0 · hit 3442 streamed 190 cpu 688 dma_rows 190 · cpu wait 123 ms span 131 ms · 183 ms
[hived] a09f8749181b3b61~2: prefill chunk 1 M 18 · 0→18/18 · upper on · tail rows 0 · hit 3450 streamed 186 cpu 684 dma_rows 186 · cpu wait 123 ms span 130 ms · 180 ms
[hived] a09f8749181b3b61~3: prefill chunk 1 M 18 · 0→18/18 · upper on · tail rows 0 · hit 3458 streamed 178 cpu 684 dma_rows 178 · cpu wait 122 ms span 129 ms · 178 ms
[hived] a09f8749181b3b61~1: prefill total 18 rows in 1 chunks · hit 3442 streamed 190 cpu 688 dma_rows 190 · cpu wait 123 ms span 131 ms · 542 ms
[hived] a09f8749181b3b61~2: prefill total 18 rows in 1 chunks · hit 3450 streamed 186 cpu 684 dma_rows 186 · cpu wait 123 ms span 130 ms · 542 ms
[hived] a09f8749181b3b61~3: prefill total 18 rows in 1 chunks · hit 3458 streamed 178 cpu 684 dma_rows 178 · cpu wait 122 ms span 129 ms · 541 ms
[cache] step 154 M=3 routed 720 hit 720 cpu 0 streamed 0 · resident 1224 pending 16 / 4488 · dma.span 0.00 dma.wait - ms (0 layers) · promo 573.8 MiB paced
[hived] a09f8749181b3b61: prefill 18 tok 189 ms · decode 2 tok 576 ms (1.7 tok/s, batch 4) · hit 240 cpu 0 · resident 1224/4488 · mtp 0/0 in 0 steps · stop
[hived] a09f8749181b3b61~1: prefill 18 tok 542 ms · decode 2 tok 20 ms (50.1 tok/s, batch 3) · hit 240 cpu 0 · resident 1224/4488 · mtp 0/0 in 0 steps · stop
[hived] a09f8749181b3b61~2: prefill 18 tok 542 ms · decode 2 tok 20 ms (49.2 tok/s, batch 2) · hit 240 cpu 0 · resident 1224/4488 · mtp 0/0 in 0 steps · stop
[hived] a09f8749181b3b61~3: prefill 18 tok 542 ms · decode 2 tok 21 ms (48.5 tok/s, batch 1) · hit 240 cpu 0 · resident 1224/4488 · mtp 0/0 in 0 steps · stop
[hived] a09f8749181b3b61: reuse 0/18 via reset (session tokens 0 · common with live 18)
[hived] a09f8749181b3b61: prefill chunk 1 M 18 · 0→18/18 · upper on · tail rows 0 · hit 3474 streamed 181 cpu 665 dma_rows 181 · cpu wait 119 ms span 126 ms · 178 ms
[hived] a09f8749181b3b61: prefill total 18 rows in 1 chunks · hit 3474 streamed 181 cpu 665 dma_rows 181 · cpu wait 119 ms span 126 ms · 179 ms
[cache] step 156 M=1 routed 240 hit 240 cpu 0 streamed 0 · resident 1240 pending 16 / 4488 · dma.span 0.00 dma.wait - ms (0 layers) · promo 286.9 MiB paced
[hived] a09f8749181b3b61~2: reuse 0/18 via reset (session tokens 0 · common with live 18)
[hived] a09f8749181b3b61~1: reuse 0/18 via reset (session tokens 0 · common with live 18)
[hived] a09f8749181b3b61~3: reuse 0/18 via reset (session tokens 0 · common with live 18)
[hived] a09f8749181b3b61~2: prefill chunk 1 M 18 · 0→18/18 · upper on · tail rows 0 · hit 3490 streamed 177 cpu 653 dma_rows 177 · cpu wait 117 ms span 124 ms · 177 ms
[hived] a09f8749181b3b61~1: prefill chunk 1 M 18 · 0→18/18 · upper on · tail rows 0 · hit 3498 streamed 178 cpu 644 dma_rows 178 · cpu wait 116 ms span 122 ms · 178 ms
[hived] a09f8749181b3b61~3: prefill chunk 1 M 18 · 0→18/18 · upper on · tail rows 0 · hit 3506 streamed 170 cpu 644 dma_rows 170 · cpu wait 115 ms span 122 ms · 173 ms
[hived] a09f8749181b3b61~2: prefill total 18 rows in 1 chunks · hit 3490 streamed 177 cpu 653 dma_rows 177 · cpu wait 117 ms span 124 ms · 530 ms
[hived] a09f8749181b3b61~1: prefill total 18 rows in 1 chunks · hit 3498 streamed 178 cpu 644 dma_rows 178 · cpu wait 116 ms span 122 ms · 530 ms
[hived] a09f8749181b3b61~3: prefill total 18 rows in 1 chunks · hit 3506 streamed 170 cpu 644 dma_rows 170 · cpu wait 115 ms span 122 ms · 530 ms
[cache] step 160 M=3 routed 720 hit 720 cpu 0 streamed 0 · resident 1272 pending 16 / 4488 · dma.span 0.00 dma.wait - ms (0 layers) · promo 573.8 MiB paced
[hived] a09f8749181b3b61: prefill 18 tok 179 ms · decode 2 tok 565 ms (1.8 tok/s, batch 4) · hit 240 cpu 0 · resident 1272/4488 · mtp 0/0 in 0 steps · stop
[hived] a09f8749181b3b61~2: prefill 18 tok 530 ms · decode 2 tok 20 ms (50.1 tok/s, batch 3) · hit 240 cpu 0 · resident 1272/4488 · mtp 0/0 in 0 steps · stop
[hived] a09f8749181b3b61~1: prefill 18 tok 530 ms · decode 2 tok 20 ms (49.4 tok/s, batch 2) · hit 240 cpu 0 · resident 1272/4488 · mtp 0/0 in 0 steps · stop
[hived] a09f8749181b3b61~3: prefill 18 tok 530 ms · decode 2 tok 21 ms (48.6 tok/s, batch 1) · hit 240 cpu 0 · resident 1272/4488 · mtp 0/0 in 0 steps · stop
[hived] a09f8749181b3b61: reuse 0/18 via reset (session tokens 0 · common with live 18)
[hived] a09f8749181b3b61: prefill chunk 1 M 18 · 0→18/18 · upper on · tail rows 0 · hit 3522 streamed 171 cpu 627 dma_rows 171 · cpu wait 113 ms span 119 ms · 174 ms
[hived] a09f8749181b3b61: prefill total 18 rows in 1 chunks · hit 3522 streamed 171 cpu 627 dma_rows 171 · cpu wait 113 ms span 119 ms · 175 ms
[cache] step 162 M=1 routed 240 hit 240 cpu 0 streamed 0 · resident 1288 pending 16 / 4488 · dma.span 0.00 dma.wait - ms (0 layers) · promo 286.9 MiB paced
[hived] a09f8749181b3b61~1: reuse 0/18 via reset (session tokens 0 · common with live 18)
[hived] a09f8749181b3b61~2: reuse 0/18 via reset (session tokens 0 · common with live 18)
[hived] a09f8749181b3b61~3: reuse 0/18 via reset (session tokens 0 · common with live 18)
[hived] a09f8749181b3b61~1: prefill chunk 1 M 18 · 0→18/18 · upper on · tail rows 0 · hit 3538 streamed 164 cpu 618 dma_rows 164 · cpu wait 111 ms span 117 ms · 172 ms
[hived] a09f8749181b3b61~2: prefill chunk 1 M 18 · 0→18/18 · upper on · tail rows 0 · hit 3546 streamed 164 cpu 610 dma_rows 164 · cpu wait 109 ms span 116 ms · 172 ms
[hived] a09f8749181b3b61~3: prefill chunk 1 M 18 · 0→18/18 · upper on · tail rows 0 · hit 3554 streamed 162 cpu 604 dma_rows 162 · cpu wait 108 ms span 115 ms · 170 ms
[hived] a09f8749181b3b61~1: prefill total 18 rows in 1 chunks · hit 3538 streamed 164 cpu 618 dma_rows 164 · cpu wait 111 ms span 117 ms · 516 ms
[hived] a09f8749181b3b61~2: prefill total 18 rows in 1 chunks · hit 3546 streamed 164 cpu 610 dma_rows 164 · cpu wait 109 ms span 116 ms · 516 ms
[hived] a09f8749181b3b61~3: prefill total 18 rows in 1 chunks · hit 3554 streamed 162 cpu 604 dma_rows 162 · cpu wait 108 ms span 115 ms · 515 ms
[cache] step 166 M=3 routed 720 hit 720 cpu 0 streamed 0 · resident 1320 pending 16 / 4488 · dma.span 0.00 dma.wait - ms (0 layers) · promo 573.8 MiB paced
[hived] a09f8749181b3b61: prefill 18 tok 175 ms · decode 2 tok 550 ms (1.8 tok/s, batch 4) · hit 240 cpu 0 · resident 1320/4488 · mtp 0/0 in 0 steps · stop
[hived] a09f8749181b3b61~1: prefill 18 tok 516 ms · decode 2 tok 20 ms (50.0 tok/s, batch 3) · hit 240 cpu 0 · resident 1320/4488 · mtp 0/0 in 0 steps · stop
[hived] a09f8749181b3b61~2: prefill 18 tok 516 ms · decode 2 tok 20 ms (49.2 tok/s, batch 2) · hit 240 cpu 0 · resident 1320/4488 · mtp 0/0 in 0 steps · stop
[hived] a09f8749181b3b61~3: prefill 18 tok 515 ms · decode 2 tok 21 ms (48.4 tok/s, batch 1) · hit 240 cpu 0 · resident 1320/4488 · mtp 0/0 in 0 steps · stop
[hived] a09f8749181b3b61: reuse 0/18 via reset (session tokens 0 · common with live 18)
[hived] a09f8749181b3b61~1: reuse 0/18 via reset (session tokens 0 · common with live 18)
[hived] a09f8749181b3b61: prefill chunk 1 M 18 · 0→18/18 · upper on · tail rows 0 · hit 3570 streamed 157 cpu 593 dma_rows 157 · cpu wait 106 ms span 112 ms · 169 ms
[hived] a09f8749181b3b61~1: prefill chunk 1 M 18 · 0→18/18 · upper on · tail rows 0 · hit 3578 streamed 161 cpu 581 dma_rows 161 · cpu wait 104 ms span 111 ms · 171 ms
[hived] a09f8749181b3b61: prefill total 18 rows in 1 chunks · hit 3570 streamed 157 cpu 593 dma_rows 157 · cpu wait 106 ms span 112 ms · 340 ms
[hived] a09f8749181b3b61~1: prefill total 18 rows in 1 chunks · hit 3578 streamed 161 cpu 581 dma_rows 161 · cpu wait 104 ms span 111 ms · 340 ms
[cache] step 169 M=2 routed 480 hit 480 cpu 0 streamed 0 · resident 1344 pending 16 / 4488 · dma.span 0.00 dma.wait - ms (0 layers) · promo 430.3 MiB paced
[hived] a09f8749181b3b61~2: reuse 0/18 via reset (session tokens 0 · common with live 18)
[hived] a09f8749181b3b61~3: reuse 0/18 via reset (session tokens 0 · common with live 18)
[hived] a09f8749181b3b61~2: prefill chunk 1 M 18 · 0→18/18 · upper on · tail rows 0 · hit 3594 streamed 155 cpu 571 dma_rows 155 · cpu wait 102 ms span 108 ms · 167 ms
[hived] a09f8749181b3b61~3: prefill chunk 1 M 18 · 0→18/18 · upper on · tail rows 0 · hit 3602 streamed 157 cpu 561 dma_rows 157 · cpu wait 101 ms span 107 ms · 169 ms
[hived] a09f8749181b3b61~2: prefill total 18 rows in 1 chunks · hit 3594 streamed 155 cpu 571 dma_rows 155 · cpu wait 102 ms span 108 ms · 338 ms
[hived] a09f8749181b3b61~3: prefill total 18 rows in 1 chunks · hit 3602 streamed 157 cpu 561 dma_rows 157 · cpu wait 101 ms span 107 ms · 337 ms
[cache] step 172 M=2 routed 480 hit 480 cpu 0 streamed 0 · resident 1368 pending 16 / 4488 · dma.span 0.00 dma.wait - ms (0 layers) · promo 430.3 MiB paced
[hived] a09f8749181b3b61: prefill 18 tok 340 ms · decode 2 tok 373 ms (2.7 tok/s, batch 4) · hit 240 cpu 0 · resident 1368/4488 · mtp 0/0 in 0 steps · stop
[hived] a09f8749181b3b61~1: prefill 18 tok 340 ms · decode 2 tok 373 ms (2.7 tok/s, batch 3) · hit 240 cpu 0 · resident 1368/4488 · mtp 0/0 in 0 steps · stop
[hived] a09f8749181b3b61~2: prefill 18 tok 338 ms · decode 2 tok 18 ms (54.6 tok/s, batch 2) · hit 240 cpu 0 · resident 1368/4488 · mtp 0/0 in 0 steps · stop
[hived] a09f8749181b3b61~3: prefill 18 tok 337 ms · decode 2 tok 19 ms (53.6 tok/s, batch 1) · hit 240 cpu 0 · resident 1368/4488 · mtp 0/0 in 0 steps · stop
[hived] a09f8749181b3b61: reuse 0/18 via reset (session tokens 0 · common with live 18)
[hived] a09f8749181b3b61: prefill chunk 1 M 18 · 0→18/18 · upper on · tail rows 0 · hit 3618 streamed 150 cpu 552 dma_rows 150 · cpu wait 99 ms span 105 ms · 167 ms
[hived] a09f8749181b3b61: prefill total 18 rows in 1 chunks · hit 3618 streamed 150 cpu 552 dma_rows 150 · cpu wait 99 ms span 105 ms · 167 ms
[cache] step 174 M=1 routed 240 hit 240 cpu 0 streamed 0 · resident 1384 pending 16 / 4488 · dma.span 0.00 dma.wait - ms (0 layers) · promo 286.9 MiB paced
[hived] a09f8749181b3b61~1: reuse 0/18 via reset (session tokens 0 · common with live 18)
[hived] a09f8749181b3b61~2: reuse 0/18 via reset (session tokens 0 · common with live 18)
[hived] a09f8749181b3b61~3: reuse 0/18 via reset (session tokens 0 · common with live 18)
[hived] a09f8749181b3b61~1: prefill chunk 1 M 18 · 0→18/18 · upper on · tail rows 0 · hit 3634 streamed 147 cpu 539 dma_rows 147 · cpu wait 97 ms span 102 ms · 165 ms
[hived] a09f8749181b3b61~2: prefill chunk 1 M 18 · 0→18/18 · upper on · tail rows 0 · hit 3642 streamed 144 cpu 534 dma_rows 144 · cpu wait 96 ms span 101 ms · 163 ms
[hived] a09f8749181b3b61~3: prefill chunk 1 M 18 · 0→18/18 · upper on · tail rows 0 · hit 3650 streamed 141 cpu 529 dma_rows 141 · cpu wait 95 ms span 100 ms · 162 ms
[hived] a09f8749181b3b61~1: prefill total 18 rows in 1 chunks · hit 3634 streamed 147 cpu 539 dma_rows 147 · cpu wait 97 ms span 102 ms · 492 ms
[hived] a09f8749181b3b61~2: prefill total 18 rows in 1 chunks · hit 3642 streamed 144 cpu 534 dma_rows 144 · cpu wait 96 ms span 101 ms · 492 ms
[hived] a09f8749181b3b61~3: prefill total 18 rows in 1 chunks · hit 3650 streamed 141 cpu 529 dma_rows 141 · cpu wait 95 ms span 100 ms · 492 ms
[cache] step 178 M=3 routed 720 hit 720 cpu 0 streamed 0 · resident 1416 pending 16 / 4488 · dma.span 0.00 dma.wait - ms (0 layers) · promo 573.8 MiB paced
[hived] a09f8749181b3b61: prefill 18 tok 167 ms · decode 2 tok 526 ms (1.9 tok/s, batch 4) · hit 240 cpu 0 · resident 1416/4488 · mtp 0/0 in 0 steps · stop
[hived] a09f8749181b3b61~1: prefill 18 tok 492 ms · decode 2 tok 20 ms (50.1 tok/s, batch 3) · hit 240 cpu 0 · resident 1416/4488 · mtp 0/0 in 0 steps · stop
[hived] a09f8749181b3b61~2: prefill 18 tok 492 ms · decode 2 tok 20 ms (49.3 tok/s, batch 2) · hit 240 cpu 0 · resident 1416/4488 · mtp 0/0 in 0 steps · stop
[hived] a09f8749181b3b61~3: prefill 18 tok 492 ms · decode 2 tok 21 ms (48.5 tok/s, batch 1) · hit 240 cpu 0 · resident 1416/4488 · mtp 0/0 in 0 steps · stop
[hived] a09f8749181b3b61: reuse 0/18 via reset (session tokens 0 · common with live 18)
[hived] a09f8749181b3b61: prefill chunk 1 M 18 · 0→18/18 · upper on · tail rows 0 · hit 3666 streamed 140 cpu 514 dma_rows 140 · cpu wait 92 ms span 98 ms · 161 ms
[hived] a09f8749181b3b61: prefill total 18 rows in 1 chunks · hit 3666 streamed 140 cpu 514 dma_rows 140 · cpu wait 92 ms span 98 ms · 161 ms
[cache] step 180 M=1 routed 240 hit 240 cpu 0 streamed 0 · resident 1432 pending 16 / 4488 · dma.span 0.00 dma.wait - ms (0 layers) · promo 286.9 MiB paced
[hived] a09f8749181b3b61~1: reuse 0/18 via reset (session tokens 0 · common with live 18)
[hived] a09f8749181b3b61~2: reuse 0/18 via reset (session tokens 0 · common with live 18)
[hived] a09f8749181b3b61~3: reuse 0/18 via reset (session tokens 0 · common with live 18)
[hived] a09f8749181b3b61~1: prefill chunk 1 M 18 · 0→18/18 · upper on · tail rows 0 · hit 3682 streamed 135 cpu 503 dma_rows 135 · cpu wait 90 ms span 95 ms · 159 ms
[hived] a09f8749181b3b61~2: prefill chunk 1 M 18 · 0→18/18 · upper on · tail rows 0 · hit 3690 streamed 132 cpu 498 dma_rows 132 · cpu wait 89 ms span 94 ms · 158 ms
[hived] a09f8749181b3b61~3: prefill chunk 1 M 18 · 0→18/18 · upper on · tail rows 0 · hit 3698 streamed 136 cpu 486 dma_rows 136 · cpu wait 88 ms span 92 ms · 161 ms
[hived] a09f8749181b3b61~1: prefill total 18 rows in 1 chunks · hit 3682 streamed 135 cpu 503 dma_rows 135 · cpu wait 90 ms span 95 ms · 480 ms
[hived] a09f8749181b3b61~2: prefill total 18 rows in 1 chunks · hit 3690 streamed 132 cpu 498 dma_rows 132 · cpu wait 89 ms span 94 ms · 480 ms
[hived] a09f8749181b3b61~3: prefill total 18 rows in 1 chunks · hit 3698 streamed 136 cpu 486 dma_rows 136 · cpu wait 88 ms span 92 ms · 479 ms
[cache] step 184 M=3 routed 720 hit 720 cpu 0 streamed 0 · resident 1464 pending 16 / 4488 · dma.span 0.00 dma.wait - ms (0 layers) · promo 573.8 MiB paced
[hived] a09f8749181b3b61: prefill 18 tok 168 ms · decode 2 tok 514 ms (1.9 tok/s, batch 4) · hit 240 cpu 0 · resident 1464/4488 · mtp 0/0 in 0 steps · stop
[hived] a09f8749181b3b61~1: prefill 18 tok 480 ms · decode 2 tok 20 ms (50.1 tok/s, batch 3) · hit 240 cpu 0 · resident 1464/4488 · mtp 0/0 in 0 steps · stop
[hived] a09f8749181b3b61~2: prefill 18 tok 480 ms · decode 2 tok 20 ms (49.3 tok/s, batch 2) · hit 240 cpu 0 · resident 1464/4488 · mtp 0/0 in 0 steps · stop
[hived] a09f8749181b3b61~3: prefill 18 tok 479 ms · decode 2 tok 21 ms (48.4 tok/s, batch 1) · hit 240 cpu 0 · resident 1464/4488 · mtp 0/0 in 0 steps · stop
[hived] a09f8749181b3b61: reuse 0/18 via reset (session tokens 0 · common with live 18)
[hived] a09f8749181b3b61: prefill chunk 1 M 18 · 0→18/18 · upper on · tail rows 0 · hit 3714 streamed 127 cpu 479 dma_rows 127 · cpu wait 85 ms span 91 ms · 157 ms
[hived] a09f8749181b3b61: prefill total 18 rows in 1 chunks · hit 3714 streamed 127 cpu 479 dma_rows 127 · cpu wait 85 ms span 91 ms · 157 ms
[cache] step 186 M=1 routed 240 hit 240 cpu 0 streamed 0 · resident 1480 pending 16 / 4488 · dma.span 0.00 dma.wait - ms (0 layers) · promo 286.9 MiB paced
[hived] a09f8749181b3b61~1: reuse 0/18 via reset (session tokens 0 · common with live 18)
[hived] a09f8749181b3b61~2: reuse 0/18 via reset (session tokens 0 · common with live 18)
[hived] a09f8749181b3b61~3: reuse 0/18 via reset (session tokens 0 · common with live 18)
[hived] a09f8749181b3b61~1: prefill chunk 1 M 18 · 0→18/18 · upper on · tail rows 0 · hit 3730 streamed 128 cpu 462 dma_rows 128 · cpu wait 83 ms span 88 ms · 157 ms
[hived] a09f8749181b3b61~2: prefill chunk 1 M 18 · 0→18/18 · upper on · tail rows 0 · hit 3738 streamed 126 cpu 456 dma_rows 126 · cpu wait 82 ms span 87 ms · 156 ms
[hived] a09f8749181b3b61~3: prefill chunk 1 M 18 · 0→18/18 · upper on · tail rows 0 · hit 3746 streamed 125 cpu 449 dma_rows 125 · cpu wait 81 ms span 85 ms · 155 ms
[hived] a09f8749181b3b61~1: prefill total 18 rows in 1 chunks · hit 3730 streamed 128 cpu 462 dma_rows 128 · cpu wait 83 ms span 88 ms · 470 ms
[hived] a09f8749181b3b61~2: prefill total 18 rows in 1 chunks · hit 3738 streamed 126 cpu 456 dma_rows 126 · cpu wait 82 ms span 87 ms · 470 ms
[hived] a09f8749181b3b61~3: prefill total 18 rows in 1 chunks · hit 3746 streamed 125 cpu 449 dma_rows 125 · cpu wait 81 ms span 85 ms · 469 ms
[cache] step 190 M=3 routed 720 hit 720 cpu 0 streamed 0 · resident 1512 pending 16 / 4488 · dma.span 0.00 dma.wait - ms (0 layers) · promo 573.8 MiB paced
[hived] a09f8749181b3b61: prefill 18 tok 157 ms · decode 2 tok 505 ms (2.0 tok/s, batch 4) · hit 240 cpu 0 · resident 1512/4488 · mtp 0/0 in 0 steps · stop
[hived] a09f8749181b3b61~1: prefill 18 tok 470 ms · decode 2 tok 20 ms (49.5 tok/s, batch 3) · hit 240 cpu 0 · resident 1512/4488 · mtp 0/0 in 0 steps · stop
[hived] a09f8749181b3b61~2: prefill 18 tok 470 ms · decode 2 tok 21 ms (48.7 tok/s, batch 2) · hit 240 cpu 0 · resident 1512/4488 · mtp 0/0 in 0 steps · stop
[hived] a09f8749181b3b61~3: prefill 18 tok 469 ms · decode 2 tok 21 ms (47.9 tok/s, batch 1) · hit 240 cpu 0 · resident 1512/4488 · mtp 0/0 in 0 steps · stop
[snapshot] pos 22 d2h_bytes 5287696 host_bytes 5291808 async 1 delta 0
[snapshot] pos 22 d2h_bytes 5287696 host_bytes 5291808 async 1 delta 0
[snapshot] pos 22 d2h_bytes 5287696 host_bytes 5291808 async 1 delta 0
[snapshot] pos 22 d2h_bytes 5287696 host_bytes 5291808 async 1 delta 0
[hived] 80e4a498d43fc217: prefill chunk 1 M 14 · 0→14/14 · upper on · tail rows 0 · hit 2234 streamed 174 cpu 672 dma_rows 454 · cpu wait 114 ms span 121 ms · 174 ms
[decode-sync M=14] layer waits 40 · host wait 34.02 ms (spin)
[profile M=14] total 173.71 ms: embed 0.09 hc.flat+gemm 5.52 hc.sinkhorn 1.56 hc.pre+norm 0.66 hc_attn 0.02 attn.q 5.06 attn.kv 2.87 attn.compress 1.13 attn.sparse 3.41 attn.wo 6.71 attention 0.01 hc_ffn 0.02 moe.router 1.54 moe.shared 6.61 moe.d2h 0.25 moe.router+shared 0.01 moe.sync 0.54 moe.gpu_experts 130.46 moe.cpu_experts 6.26 moe 0.04 head 0.93
[hived] 80e4a498d43fc217~1: prefill chunk 1 M 14 · 0→14/14 · upper on · tail rows 0 · hit 2238 streamed 173 cpu 668 dma_rows 454 · cpu wait 113 ms span 120 ms · 174 ms
[hived] 80e4a498d43fc217~2: prefill chunk 1 M 14 · 0→14/14 · upper on · tail rows 0 · hit 2269 streamed 172 cpu 659 dma_rows 432 · cpu wait 112 ms span 119 ms · 174 ms
[hived] 80e4a498d43fc217~3: prefill chunk 1 M 14 · 0→14/14 · upper on · tail rows 0 · hit 2318 streamed 172 cpu 647 dma_rows 395 · cpu wait 111 ms span 118 ms · 173 ms
[hived] 80e4a498d43fc217: prefill total 14 rows in 1 chunks · hit 2234 streamed 174 cpu 672 dma_rows 454 · cpu wait 114 ms span 121 ms · 710 ms
[hived] 80e4a498d43fc217~1: prefill total 14 rows in 1 chunks · hit 2238 streamed 173 cpu 668 dma_rows 454 · cpu wait 113 ms span 120 ms · 706 ms
[hived] 80e4a498d43fc217~2: prefill total 14 rows in 1 chunks · hit 2269 streamed 172 cpu 659 dma_rows 432 · cpu wait 112 ms span 119 ms · 701 ms
[hived] 80e4a498d43fc217~3: prefill total 14 rows in 1 chunks · hit 2318 streamed 172 cpu 647 dma_rows 395 · cpu wait 111 ms span 118 ms · 697 ms
[cache] step 195 M=4 routed 960 hit 588 cpu 312 streamed 15 · resident 1552 pending 16 / 4488 · dma.span 10.35 dma.wait 9.72 ms (14 layers) · promo 448.2 MiB paced
[hived] 80e4a498d43fc217: prefill 14 tok 710 ms · decode 2 tok 50 ms (19.9 tok/s, batch 4) · hit 147 cpu 78 · resident 1552/4488 · mtp 0/0 in 0 steps · stop
[hived] 80e4a498d43fc217~1: prefill 14 tok 706 ms · decode 2 tok 51 ms (19.7 tok/s, batch 3) · hit 147 cpu 78 · resident 1552/4488 · mtp 0/0 in 0 steps · stop
[hived] 80e4a498d43fc217~2: prefill 14 tok 701 ms · decode 2 tok 51 ms (19.6 tok/s, batch 2) · hit 147 cpu 78 · resident 1552/4488 · mtp 0/0 in 0 steps · stop
[hived] 80e4a498d43fc217~3: prefill 14 tok 697 ms · decode 2 tok 51 ms (19.4 tok/s, batch 1) · hit 147 cpu 78 · resident 1552/4488 · mtp 0/0 in 0 steps · stop
[hived] 80e4a498d43fc217: reuse 0/14 via reset (session tokens 0 · common with live 14)
[hived] 80e4a498d43fc217: prefill chunk 1 M 14 · 0→14/14 · upper on · tail rows 0 · hit 2385 streamed 163 cpu 635 dma_rows 340 · cpu wait 109 ms span 116 ms · 167 ms
[hived] 80e4a498d43fc217: prefill total 14 rows in 1 chunks · hit 2385 streamed 163 cpu 635 dma_rows 340 · cpu wait 109 ms span 116 ms · 168 ms
[cache] step 197 M=1 routed 240 hit 154 cpu 72 streamed 14 · resident 1568 pending 16 / 4488 · dma.span 9.81 dma.wait 7.50 ms (14 layers) · promo 179.3 MiB paced
[hived] 80e4a498d43fc217~1: reuse 0/14 via reset (session tokens 0 · common with live 14)
[hived] 80e4a498d43fc217~2: reuse 0/14 via reset (session tokens 0 · common with live 14)
[hived] 80e4a498d43fc217~3: reuse 0/14 via reset (session tokens 0 · common with live 14)
[hived] 80e4a498d43fc217~1: prefill chunk 1 M 14 · 0→14/14 · upper on · tail rows 0 · hit 2422 streamed 164 cpu 609 dma_rows 329 · cpu wait 106 ms span 113 ms · 168 ms
[hived] 80e4a498d43fc217~2: prefill chunk 1 M 14 · 0→14/14 · upper on · tail rows 0 · hit 2437 streamed 161 cpu 604 dma_rows 319 · cpu wait 105 ms span 112 ms · 166 ms
[hived] 80e4a498d43fc217~3: prefill chunk 1 M 14 · 0→14/14 · upper on · tail rows 0 · hit 2453 streamed 158 cpu 596 dma_rows 311 · cpu wait 104 ms span 111 ms · 165 ms
[hived] 80e4a498d43fc217~1: prefill total 14 rows in 1 chunks · hit 2422 streamed 164 cpu 609 dma_rows 329 · cpu wait 106 ms span 113 ms · 500 ms
[hived] 80e4a498d43fc217~2: prefill total 14 rows in 1 chunks · hit 2437 streamed 161 cpu 604 dma_rows 319 · cpu wait 105 ms span 112 ms · 500 ms
[hived] 80e4a498d43fc217~3: prefill total 14 rows in 1 chunks · hit 2453 streamed 158 cpu 596 dma_rows 311 · cpu wait 104 ms span 111 ms · 500 ms
[cache] step 201 M=3 routed 720 hit 519 cpu 180 streamed 7 · resident 1600 pending 16 / 4488 · dma.span 4.85 dma.wait 4.50 ms (7 layers) · promo 502.0 MiB paced
[hived] 80e4a498d43fc217: prefill 14 tok 168 ms · decode 2 tok 563 ms (1.8 tok/s, batch 4) · hit 154 cpu 72 · resident 1600/4488 · mtp 0/0 in 0 steps · stop
[hived] 80e4a498d43fc217~1: prefill 14 tok 500 ms · decode 2 tok 34 ms (29.4 tok/s, batch 3) · hit 173 cpu 60 · resident 1600/4488 · mtp 0/0 in 0 steps · stop
[hived] 80e4a498d43fc217~2: prefill 14 tok 500 ms · decode 2 tok 34 ms (29.1 tok/s, batch 2) · hit 173 cpu 60 · resident 1600/4488 · mtp 0/0 in 0 steps · stop
[hived] 80e4a498d43fc217~3: prefill 14 tok 500 ms · decode 2 tok 35 ms (28.8 tok/s, batch 1) · hit 173 cpu 60 · resident 1600/4488 · mtp 0/0 in 0 steps · stop
[hived] 80e4a498d43fc217: reuse 0/14 via reset (session tokens 0 · common with live 14)
[hived] 80e4a498d43fc217: prefill chunk 1 M 14 · 0→14/14 · upper on · tail rows 0 · hit 2501 streamed 152 cpu 580 dma_rows 279 · cpu wait 102 ms span 108 ms · 161 ms
[hived] 80e4a498d43fc217: prefill total 14 rows in 1 chunks · hit 2501 streamed 152 cpu 580 dma_rows 279 · cpu wait 102 ms span 108 ms · 161 ms
[cache] step 203 M=1 routed 240 hit 171 cpu 62 streamed 7 · resident 1616 pending 16 / 4488 · dma.span 4.91 dma.wait 3.74 ms (7 layers) · promo 107.6 MiB paced
[hived] 80e4a498d43fc217~1: reuse 0/14 via reset (session tokens 0 · common with live 14)
[hived] 80e4a498d43fc217~2: reuse 0/14 via reset (session tokens 0 · common with live 14)
[hived] 80e4a498d43fc217~3: reuse 0/14 via reset (session tokens 0 · common with live 14)
[hived] 80e4a498d43fc217~1: prefill chunk 1 M 14 · 0→14/14 · upper on · tail rows 0 · hit 2531 streamed 154 cpu 566 dma_rows 263 · cpu wait 100 ms span 107 ms · 162 ms
[hived] 80e4a498d43fc217~2: prefill chunk 1 M 14 · 0→14/14 · upper on · tail rows 0 · hit 2526 streamed 154 cpu 569 dma_rows 265 · cpu wait 100 ms span 107 ms · 162 ms
[hived] 80e4a498d43fc217~3: prefill chunk 1 M 14 · 0→14/14 · upper on · tail rows 0 · hit 2526 streamed 154 cpu 569 dma_rows 265 · cpu wait 100 ms span 107 ms · 162 ms
[hived] 80e4a498d43fc217~1: prefill total 14 rows in 1 chunks · hit 2531 streamed 154 cpu 566 dma_rows 263 · cpu wait 100 ms span 107 ms · 488 ms
[hived] 80e4a498d43fc217~2: prefill total 14 rows in 1 chunks · hit 2526 streamed 154 cpu 569 dma_rows 265 · cpu wait 100 ms span 107 ms · 488 ms
[hived] 80e4a498d43fc217~3: prefill total 14 rows in 1 chunks · hit 2526 streamed 154 cpu 569 dma_rows 265 · cpu wait 100 ms span 107 ms · 488 ms
[cache] step 207 M=3 routed 720 hit 611 cpu 94 streamed 5 · resident 1648 pending 16 / 4488 · dma.span 3.48 dma.wait 3.22 ms (5 layers) · promo 537.9 MiB paced
[hived] 80e4a498d43fc217: prefill 14 tok 161 ms · decode 2 tok 543 ms (1.8 tok/s, batch 4) · hit 171 cpu 62 · resident 1648/4488 · mtp 0/0 in 0 steps · stop
[hived] 80e4a498d43fc217~1: prefill 14 tok 488 ms · decode 2 tok 29 ms (34.7 tok/s, batch 3) · hit 203 cpu 32 · resident 1648/4488 · mtp 0/0 in 0 steps · stop
[hived] 80e4a498d43fc217~2: prefill 14 tok 488 ms · decode 2 tok 29 ms (34.3 tok/s, batch 2) · hit 204 cpu 31 · resident 1648/4488 · mtp 0/0 in 0 steps · stop
[hived] 80e4a498d43fc217~3: prefill 14 tok 488 ms · decode 2 tok 30 ms (33.9 tok/s, batch 1) · hit 204 cpu 31 · resident 1648/4488 · mtp 0/0 in 0 steps · stop
[hived] 80e4a498d43fc217: reuse 0/14 via reset (session tokens 0 · common with live 14)
[hived] 80e4a498d43fc217: prefill chunk 1 M 14 · 0→14/14 · upper on · tail rows 0 · hit 2535 streamed 153 cpu 565 dma_rows 260 · cpu wait 99 ms span 107 ms · 161 ms
[hived] 80e4a498d43fc217: prefill total 14 rows in 1 chunks · hit 2535 streamed 153 cpu 565 dma_rows 260 · cpu wait 99 ms span 107 ms · 161 ms
[cache] step 209 M=1 routed 240 hit 215 cpu 23 streamed 2 · resident 1664 pending 16 / 4488 · dma.span 1.39 dma.wait 1.05 ms (2 layers) · promo 268.9 MiB paced
[hived] 80e4a498d43fc217~1: reuse 0/14 via reset (session tokens 0 · common with live 14)
[hived] 80e4a498d43fc217~2: reuse 0/14 via reset (session tokens 0 · common with live 14)
[hived] 80e4a498d43fc217~3: reuse 0/14 via reset (session tokens 0 · common with live 14)
[hived] 80e4a498d43fc217~1: prefill chunk 1 M 14 · 0→14/14 · upper on · tail rows 0 · hit 2535 streamed 151 cpu 567 dma_rows 258 · cpu wait 100 ms span 107 ms · 160 ms
[hived] 80e4a498d43fc217~2: prefill chunk 1 M 14 · 0→14/14 · upper on · tail rows 0 · hit 2535 streamed 153 cpu 565 dma_rows 260 · cpu wait 100 ms span 107 ms · 161 ms
[hived] 80e4a498d43fc217~3: prefill chunk 1 M 14 · 0→14/14 · upper on · tail rows 0 · hit 2538 streamed 154 cpu 564 dma_rows 258 · cpu wait 99 ms span 106 ms · 162 ms
[hived] 80e4a498d43fc217~1: prefill total 14 rows in 1 chunks · hit 2535 streamed 151 cpu 567 dma_rows 258 · cpu wait 100 ms span 107 ms · 484 ms
[hived] 80e4a498d43fc217~2: prefill total 14 rows in 1 chunks · hit 2535 streamed 153 cpu 565 dma_rows 260 · cpu wait 100 ms span 107 ms · 484 ms
[hived] 80e4a498d43fc217~3: prefill total 14 rows in 1 chunks · hit 2538 streamed 154 cpu 564 dma_rows 258 · cpu wait 99 ms span 106 ms · 484 ms
[cache] step 213 M=3 routed 720 hit 713 cpu 7 streamed 0 · resident 1696 pending 16 / 4488 · dma.span 0.00 dma.wait - ms (0 layers) · promo 555.8 MiB paced
[hived] 80e4a498d43fc217: prefill 14 tok 161 ms · decode 2 tok 524 ms (1.9 tok/s, batch 4) · hit 215 cpu 23 · resident 1696/4488 · mtp 0/0 in 0 steps · stop
[hived] 80e4a498d43fc217~1: prefill 14 tok 484 ms · decode 2 tok 21 ms (47.8 tok/s, batch 3) · hit 238 cpu 2 · resident 1696/4488 · mtp 0/0 in 0 steps · stop
[hived] 80e4a498d43fc217~2: prefill 14 tok 484 ms · decode 2 tok 21 ms (46.9 tok/s, batch 2) · hit 238 cpu 2 · resident 1696/4488 · mtp 0/0 in 0 steps · stop
[hived] 80e4a498d43fc217~3: prefill 14 tok 484 ms · decode 2 tok 22 ms (46.1 tok/s, batch 1) · hit 237 cpu 3 · resident 1696/4488 · mtp 0/0 in 0 steps · stop
[hived] 80e4a498d43fc217: reuse 0/14 via reset (session tokens 0 · common with live 14)
[hived] 80e4a498d43fc217: prefill chunk 1 M 14 · 0→14/14 · upper on · tail rows 0 · hit 2570 streamed 149 cpu 552 dma_rows 238 · cpu wait 97 ms span 104 ms · 160 ms
[hived] 80e4a498d43fc217: prefill total 14 rows in 1 chunks · hit 2570 streamed 149 cpu 552 dma_rows 238 · cpu wait 97 ms span 104 ms · 160 ms
[cache] step 215 M=1 routed 240 hit 238 cpu 2 streamed 0 · resident 1712 pending 16 / 4488 · dma.span 0.00 dma.wait - ms (0 layers) · promo 286.9 MiB paced
[hived] 80e4a498d43fc217~1: reuse 0/14 via reset (session tokens 0 · common with live 14)
[hived] 80e4a498d43fc217~2: reuse 0/14 via reset (session tokens 0 · common with live 14)
[hived] 80e4a498d43fc217~3: reuse 0/14 via reset (session tokens 0 · common with live 14)
[hived] 80e4a498d43fc217~1: prefill chunk 1 M 14 · 0→14/14 · upper on · tail rows 0 · hit 2602 streamed 143 cpu 541 dma_rows 217 · cpu wait 95 ms span 101 ms · 156 ms
[hived] 80e4a498d43fc217~2: prefill chunk 1 M 14 · 0→14/14 · upper on · tail rows 0 · hit 2618 streamed 141 cpu 535 dma_rows 207 · cpu wait 94 ms span 100 ms · 154 ms
[hived] 80e4a498d43fc217~3: prefill chunk 1 M 14 · 0→14/14 · upper on · tail rows 0 · hit 2634 streamed 141 cpu 527 dma_rows 199 · cpu wait 93 ms span 99 ms · 154 ms
[hived] 80e4a498d43fc217~1: prefill total 14 rows in 1 chunks · hit 2602 streamed 143 cpu 541 dma_rows 217 · cpu wait 95 ms span 101 ms · 465 ms
[hived] 80e4a498d43fc217~2: prefill total 14 rows in 1 chunks · hit 2618 streamed 141 cpu 535 dma_rows 207 · cpu wait 94 ms span 100 ms · 465 ms
[hived] 80e4a498d43fc217~3: prefill total 14 rows in 1 chunks · hit 2634 streamed 141 cpu 527 dma_rows 199 · cpu wait 93 ms span 99 ms · 465 ms
[cache] step 219 M=3 routed 720 hit 711 cpu 9 streamed 0 · resident 1744 pending 16 / 4488 · dma.span 0.00 dma.wait - ms (0 layers) · promo 107.6 MiB paced
[hived] 80e4a498d43fc217: prefill 14 tok 160 ms · decode 2 tok 501 ms (2.0 tok/s, batch 4) · hit 238 cpu 2 · resident 1744/4488 · mtp 0/0 in 0 steps · stop
[hived] 80e4a498d43fc217~1: prefill 14 tok 465 ms · decode 2 tok 21 ms (48.4 tok/s, batch 3) · hit 237 cpu 3 · resident 1744/4488 · mtp 0/0 in 0 steps · stop
[hived] 80e4a498d43fc217~2: prefill 14 tok 465 ms · decode 2 tok 21 ms (47.6 tok/s, batch 2) · hit 237 cpu 3 · resident 1744/4488 · mtp 0/0 in 0 steps · stop
[hived] 80e4a498d43fc217~3: prefill 14 tok 465 ms · decode 2 tok 21 ms (46.8 tok/s, batch 1) · hit 237 cpu 3 · resident 1744/4488 · mtp 0/0 in 0 steps · stop
[hived] 80e4a498d43fc217: reuse 0/14 via reset (session tokens 0 · common with live 14)
[hived] 80e4a498d43fc217: prefill chunk 1 M 14 · 0→14/14 · upper on · tail rows 0 · hit 2666 streamed 137 cpu 513 dma_rows 181 · cpu wait 91 ms span 97 ms · 150 ms
[hived] 80e4a498d43fc217: prefill total 14 rows in 1 chunks · hit 2666 streamed 137 cpu 513 dma_rows 181 · cpu wait 91 ms span 97 ms · 151 ms
[cache] step 221 M=1 routed 240 hit 239 cpu 1 streamed 0 · resident 1760 pending 16 / 4488 · dma.span 0.00 dma.wait - ms (0 layers) · promo 53.8 MiB paced
[hived] 80e4a498d43fc217~1: reuse 0/14 via reset (session tokens 0 · common with live 14)
[hived] 80e4a498d43fc217~2: reuse 0/14 via reset (session tokens 0 · common with live 14)
[hived] 80e4a498d43fc217~3: reuse 0/14 via reset (session tokens 0 · common with live 14)
[hived] 80e4a498d43fc217~1: prefill chunk 1 M 14 · 0→14/14 · upper on · tail rows 0 · hit 2692 streamed 135 cpu 502 dma_rows 166 · cpu wait 89 ms span 94 ms · 149 ms
[hived] 80e4a498d43fc217~2: prefill chunk 1 M 14 · 0→14/14 · upper on · tail rows 0 · hit 2708 streamed 136 cpu 493 dma_rows 159 · cpu wait 86 ms span 93 ms · 149 ms
[hived] 80e4a498d43fc217~3: prefill chunk 1 M 14 · 0→14/14 · upper on · tail rows 0 · hit 2724 streamed 135 cpu 484 dma_rows 152 · cpu wait 86 ms span 92 ms · 148 ms
[hived] 80e4a498d43fc217~1: prefill total 14 rows in 1 chunks · hit 2692 streamed 135 cpu 502 dma_rows 166 · cpu wait 89 ms span 94 ms · 448 ms
[hived] 80e4a498d43fc217~2: prefill total 14 rows in 1 chunks · hit 2708 streamed 136 cpu 493 dma_rows 159 · cpu wait 86 ms span 93 ms · 448 ms
[hived] 80e4a498d43fc217~3: prefill total 14 rows in 1 chunks · hit 2724 streamed 135 cpu 484 dma_rows 152 · cpu wait 86 ms span 92 ms · 448 ms
[cache] step 225 M=3 routed 720 hit 720 cpu 0 streamed 0 · resident 1792 pending 16 / 4488 · dma.span 0.00 dma.wait - ms (0 layers) · promo 35.9 MiB paced
[hived] 80e4a498d43fc217: prefill 14 tok 151 ms · decode 2 tok 483 ms (2.1 tok/s, batch 4) · hit 239 cpu 1 · resident 1792/4488 · mtp 0/0 in 0 steps · stop
[hived] 80e4a498d43fc217~1: prefill 14 tok 448 ms · decode 2 tok 20 ms (50.3 tok/s, batch 3) · hit 240 cpu 0 · resident 1792/4488 · mtp 0/0 in 0 steps · stop
[hived] 80e4a498d43fc217~2: prefill 14 tok 448 ms · decode 2 tok 20 ms (49.5 tok/s, batch 2) · hit 240 cpu 0 · resident 1792/4488 · mtp 0/0 in 0 steps · stop
[hived] 80e4a498d43fc217~3: prefill 14 tok 448 ms · decode 2 tok 21 ms (48.6 tok/s, batch 1) · hit 240 cpu 0 · resident 1792/4488 · mtp 0/0 in 0 steps · stop
[hived] 80e4a498d43fc217: reuse 0/14 via reset (session tokens 0 · common with live 14)
[hived] 80e4a498d43fc217: prefill chunk 1 M 14 · 0→14/14 · upper on · tail rows 0 · hit 2756 streamed 131 cpu 472 dma_rows 132 · cpu wait 83 ms span 90 ms · 145 ms
[hived] 80e4a498d43fc217: prefill total 14 rows in 1 chunks · hit 2756 streamed 131 cpu 472 dma_rows 132 · cpu wait 83 ms span 90 ms · 146 ms
[cache] step 227 M=1 routed 240 hit 239 cpu 1 streamed 0 · resident 1808 pending 16 / 4488 · dma.span 0.00 dma.wait - ms (0 layers) · promo 268.9 MiB paced
[hived] 80e4a498d43fc217~1: reuse 0/14 via reset (session tokens 0 · common with live 14)
[hived] 80e4a498d43fc217~2: reuse 0/14 via reset (session tokens 0 · common with live 14)
[hived] 80e4a498d43fc217~3: reuse 0/14 via reset (session tokens 0 · common with live 14)
[hived] 80e4a498d43fc217~1: prefill chunk 1 M 14 · 0→14/14 · upper on · tail rows 0 · hit 2771 streamed 130 cpu 459 dma_rows 130 · cpu wait 81 ms span 87 ms · 146 ms
[hived] 80e4a498d43fc217~2: prefill chunk 1 M 14 · 0→14/14 · upper on · tail rows 0 · hit 2778 streamed 130 cpu 452 dma_rows 130 · cpu wait 80 ms span 86 ms · 146 ms
[hived] 80e4a498d43fc217~3: prefill chunk 1 M 14 · 0→14/14 · upper on · tail rows 0 · hit 2786 streamed 127 cpu 447 dma_rows 127 · cpu wait 79 ms span 85 ms · 145 ms
[hived] 80e4a498d43fc217~1: prefill total 14 rows in 1 chunks · hit 2771 streamed 130 cpu 459 dma_rows 130 · cpu wait 81 ms span 87 ms · 440 ms
[hived] 80e4a498d43fc217~2: prefill total 14 rows in 1 chunks · hit 2778 streamed 130 cpu 452 dma_rows 130 · cpu wait 80 ms span 86 ms · 440 ms
[hived] 80e4a498d43fc217~3: prefill total 14 rows in 1 chunks · hit 2786 streamed 127 cpu 447 dma_rows 127 · cpu wait 79 ms span 85 ms · 439 ms
[cache] step 231 M=3 routed 720 hit 720 cpu 0 streamed 0 · resident 1840 pending 16 / 4488 · dma.span 0.00 dma.wait - ms (0 layers) · promo 573.8 MiB paced
[hived] 80e4a498d43fc217: prefill 14 tok 146 ms · decode 2 tok 474 ms (2.1 tok/s, batch 4) · hit 239 cpu 1 · resident 1840/4488 · mtp 0/0 in 0 steps · stop
[hived] 80e4a498d43fc217~1: prefill 14 tok 440 ms · decode 2 tok 20 ms (50.0 tok/s, batch 3) · hit 240 cpu 0 · resident 1840/4488 · mtp 0/0 in 0 steps · stop
[hived] 80e4a498d43fc217~2: prefill 14 tok 440 ms · decode 2 tok 20 ms (49.0 tok/s, batch 2) · hit 240 cpu 0 · resident 1840/4488 · mtp 0/0 in 0 steps · stop
[hived] 80e4a498d43fc217~3: prefill 14 tok 439 ms · decode 2 tok 21 ms (48.1 tok/s, batch 1) · hit 240 cpu 0 · resident 1840/4488 · mtp 0/0 in 0 steps · stop
[hived] 80e4a498d43fc217: reuse 0/14 via reset (session tokens 0 · common with live 14)
[hived] 80e4a498d43fc217: prefill chunk 1 M 14 · 0→14/14 · upper on · tail rows 0 · hit 2802 streamed 124 cpu 434 dma_rows 124 · cpu wait 77 ms span 83 ms · 146 ms
[hived] 80e4a498d43fc217: prefill total 14 rows in 1 chunks · hit 2802 streamed 124 cpu 434 dma_rows 124 · cpu wait 77 ms span 83 ms · 146 ms
[cache] step 233 M=1 routed 240 hit 240 cpu 0 streamed 0 · resident 1856 pending 16 / 4488 · dma.span 0.00 dma.wait - ms (0 layers) · promo 286.9 MiB paced
[hived] 80e4a498d43fc217~1: reuse 0/14 via reset (session tokens 0 · common with live 14)
[hived] 80e4a498d43fc217~2: reuse 0/14 via reset (session tokens 0 · common with live 14)
[hived] 80e4a498d43fc217~3: reuse 0/14 via reset (session tokens 0 · common with live 14)
[hived] 80e4a498d43fc217~1: prefill chunk 1 M 14 · 0→14/14 · upper on · tail rows 0 · hit 2818 streamed 122 cpu 420 dma_rows 122 · cpu wait 74 ms span 80 ms · 145 ms
[hived] 80e4a498d43fc217~2: prefill chunk 1 M 14 · 0→14/14 · upper on · tail rows 0 · hit 2826 streamed 122 cpu 412 dma_rows 122 · cpu wait 73 ms span 78 ms · 145 ms
[hived] 80e4a498d43fc217~3: prefill chunk 1 M 14 · 0→14/14 · upper on · tail rows 0 · hit 2834 streamed 120 cpu 406 dma_rows 120 · cpu wait 72 ms span 77 ms · 145 ms
[hived] 80e4a498d43fc217~1: prefill total 14 rows in 1 chunks · hit 2818 streamed 122 cpu 420 dma_rows 122 · cpu wait 74 ms span 80 ms · 437 ms
[hived] 80e4a498d43fc217~2: prefill total 14 rows in 1 chunks · hit 2826 streamed 122 cpu 412 dma_rows 122 · cpu wait 73 ms span 78 ms · 437 ms
[hived] 80e4a498d43fc217~3: prefill total 14 rows in 1 chunks · hit 2834 streamed 120 cpu 406 dma_rows 120 · cpu wait 72 ms span 77 ms · 437 ms
[cache] step 237 M=3 routed 720 hit 720 cpu 0 streamed 0 · resident 1888 pending 16 / 4488 · dma.span 0.00 dma.wait - ms (0 layers) · promo 573.8 MiB paced
[hived] 80e4a498d43fc217: prefill 14 tok 146 ms · decode 2 tok 472 ms (2.1 tok/s, batch 4) · hit 240 cpu 0 · resident 1888/4488 · mtp 0/0 in 0 steps · stop
[hived] 80e4a498d43fc217~1: prefill 14 tok 437 ms · decode 2 tok 20 ms (50.1 tok/s, batch 3) · hit 240 cpu 0 · resident 1888/4488 · mtp 0/0 in 0 steps · stop
[hived] 80e4a498d43fc217~2: prefill 14 tok 437 ms · decode 2 tok 20 ms (49.2 tok/s, batch 2) · hit 240 cpu 0 · resident 1888/4488 · mtp 0/0 in 0 steps · stop
[hived] 80e4a498d43fc217~3: prefill 14 tok 437 ms · decode 2 tok 21 ms (48.3 tok/s, batch 1) · hit 240 cpu 0 · resident 1888/4488 · mtp 0/0 in 0 steps · stop
[hived] 80e4a498d43fc217: reuse 0/14 via reset (session tokens 0 · common with live 14)
[hived] 80e4a498d43fc217: prefill chunk 1 M 14 · 0→14/14 · upper on · tail rows 0 · hit 2850 streamed 115 cpu 395 dma_rows 115 · cpu wait 70 ms span 75 ms · 145 ms
[hived] 80e4a498d43fc217: prefill total 14 rows in 1 chunks · hit 2850 streamed 115 cpu 395 dma_rows 115 · cpu wait 70 ms span 75 ms · 145 ms
[cache] step 239 M=1 routed 240 hit 240 cpu 0 streamed 0 · resident 1904 pending 16 / 4488 · dma.span 0.00 dma.wait - ms (0 layers) · promo 286.9 MiB paced
[hived] 80e4a498d43fc217~1: reuse 0/14 via reset (session tokens 0 · common with live 14)
[hived] 80e4a498d43fc217~2: reuse 0/14 via reset (session tokens 0 · common with live 14)
[hived] 80e4a498d43fc217~3: reuse 0/14 via reset (session tokens 0 · common with live 14)
[hived] 80e4a498d43fc217~1: prefill chunk 1 M 14 · 0→14/14 · upper on · tail rows 0 · hit 2866 streamed 113 cpu 381 dma_rows 113 · cpu wait 68 ms span 72 ms · 144 ms
[hived] 80e4a498d43fc217~2: prefill chunk 1 M 14 · 0→14/14 · upper on · tail rows 0 · hit 2874 streamed 111 cpu 375 dma_rows 111 · cpu wait 67 ms span 71 ms · 144 ms
[hived] 80e4a498d43fc217~3: prefill chunk 1 M 14 · 0→14/14 · upper on · tail rows 0 · hit 2882 streamed 110 cpu 368 dma_rows 110 · cpu wait 65 ms span 70 ms · 143 ms
[hived] 80e4a498d43fc217~1: prefill total 14 rows in 1 chunks · hit 2866 streamed 113 cpu 381 dma_rows 113 · cpu wait 68 ms span 72 ms · 433 ms
[hived] 80e4a498d43fc217~2: prefill total 14 rows in 1 chunks · hit 2874 streamed 111 cpu 375 dma_rows 111 · cpu wait 67 ms span 71 ms · 433 ms
[hived] 80e4a498d43fc217~3: prefill total 14 rows in 1 chunks · hit 2882 streamed 110 cpu 368 dma_rows 110 · cpu wait 65 ms span 70 ms · 433 ms
[cache] step 243 M=3 routed 720 hit 720 cpu 0 streamed 0 · resident 1936 pending 16 / 4488 · dma.span 0.00 dma.wait - ms (0 layers) · promo 573.8 MiB paced
[hived] 80e4a498d43fc217: prefill 14 tok 145 ms · decode 2 tok 468 ms (2.1 tok/s, batch 4) · hit 240 cpu 0 · resident 1936/4488 · mtp 0/0 in 0 steps · stop
[hived] 80e4a498d43fc217~1: prefill 14 tok 433 ms · decode 2 tok 20 ms (48.8 tok/s, batch 3) · hit 240 cpu 0 · resident 1936/4488 · mtp 0/0 in 0 steps · stop
[hived] 80e4a498d43fc217~2: prefill 14 tok 433 ms · decode 2 tok 21 ms (48.0 tok/s, batch 2) · hit 240 cpu 0 · resident 1936/4488 · mtp 0/0 in 0 steps · stop
[hived] 80e4a498d43fc217~3: prefill 14 tok 433 ms · decode 2 tok 21 ms (47.1 tok/s, batch 1) · hit 240 cpu 0 · resident 1936/4488 · mtp 0/0 in 0 steps · stop
[hived] 80e4a498d43fc217: reuse 0/14 via reset (session tokens 0 · common with live 14)
[hived] 80e4a498d43fc217: prefill chunk 1 M 14 · 0→14/14 · upper on · tail rows 0 · hit 2898 streamed 104 cpu 358 dma_rows 104 · cpu wait 64 ms span 68 ms · 141 ms
[hived] 80e4a498d43fc217: prefill total 14 rows in 1 chunks · hit 2898 streamed 104 cpu 358 dma_rows 104 · cpu wait 64 ms span 68 ms · 142 ms
[cache] step 245 M=1 routed 240 hit 240 cpu 0 streamed 0 · resident 1952 pending 16 / 4488 · dma.span 0.00 dma.wait - ms (0 layers) · promo 286.9 MiB paced
[hived] 80e4a498d43fc217~1: reuse 0/14 via reset (session tokens 0 · common with live 14)
[hived] 80e4a498d43fc217~2: reuse 0/14 via reset (session tokens 0 · common with live 14)
[hived] 80e4a498d43fc217~3: reuse 0/14 via reset (session tokens 0 · common with live 14)
[hived] 80e4a498d43fc217~1: prefill chunk 1 M 14 · 0→14/14 · upper on · tail rows 0 · hit 2914 streamed 100 cpu 346 dma_rows 100 · cpu wait 62 ms span 66 ms · 140 ms
[hived] 80e4a498d43fc217~2: prefill chunk 1 M 14 · 0→14/14 · upper on · tail rows 0 · hit 2922 streamed 100 cpu 338 dma_rows 100 · cpu wait 60 ms span 64 ms · 140 ms
[hived] 80e4a498d43fc217~3: prefill chunk 1 M 14 · 0→14/14 · upper on · tail rows 0 · hit 2930 streamed 98 cpu 332 dma_rows 98 · cpu wait 59 ms span 63 ms · 138 ms
[hived] 80e4a498d43fc217~1: prefill total 14 rows in 1 chunks · hit 2914 streamed 100 cpu 346 dma_rows 100 · cpu wait 62 ms span 66 ms · 420 ms
[hived] 80e4a498d43fc217~2: prefill total 14 rows in 1 chunks · hit 2922 streamed 100 cpu 338 dma_rows 100 · cpu wait 60 ms span 64 ms · 419 ms
[hived] 80e4a498d43fc217~3: prefill total 14 rows in 1 chunks · hit 2930 streamed 98 cpu 332 dma_rows 98 · cpu wait 59 ms span 63 ms · 419 ms
[cache] step 249 M=3 routed 720 hit 720 cpu 0 streamed 0 · resident 1984 pending 16 / 4488 · dma.span 0.00 dma.wait - ms (0 layers) · promo 573.8 MiB paced
[hived] 80e4a498d43fc217: prefill 14 tok 142 ms · decode 2 tok 454 ms (2.2 tok/s, batch 4) · hit 240 cpu 0 · resident 1984/4488 · mtp 0/0 in 0 steps · stop
[hived] 80e4a498d43fc217~1: prefill 14 tok 420 ms · decode 2 tok 20 ms (50.0 tok/s, batch 3) · hit 240 cpu 0 · resident 1984/4488 · mtp 0/0 in 0 steps · stop
[hived] 80e4a498d43fc217~2: prefill 14 tok 419 ms · decode 2 tok 20 ms (49.1 tok/s, batch 2) · hit 240 cpu 0 · resident 1984/4488 · mtp 0/0 in 0 steps · stop
[hived] 80e4a498d43fc217~3: prefill 14 tok 419 ms · decode 2 tok 21 ms (48.2 tok/s, batch 1) · hit 240 cpu 0 · resident 1984/4488 · mtp 0/0 in 0 steps · stop
[hived] 80e4a498d43fc217: reuse 0/14 via reset (session tokens 0 · common with live 14)
[hived] 80e4a498d43fc217: prefill chunk 1 M 14 · 0→14/14 · upper on · tail rows 0 · hit 2946 streamed 94 cpu 320 dma_rows 94 · cpu wait 57 ms span 61 ms · 137 ms
[hived] 80e4a498d43fc217: prefill total 14 rows in 1 chunks · hit 2946 streamed 94 cpu 320 dma_rows 94 · cpu wait 57 ms span 61 ms · 138 ms
[cache] step 251 M=1 routed 240 hit 240 cpu 0 streamed 0 · resident 2000 pending 16 / 4488 · dma.span 0.00 dma.wait - ms (0 layers) · promo 233.1 MiB paced
[hived] 80e4a498d43fc217~1: reuse 0/14 via reset (session tokens 0 · common with live 14)
[hived] 80e4a498d43fc217~2: reuse 0/14 via reset (session tokens 0 · common with live 14)
[hived] 80e4a498d43fc217~3: reuse 0/14 via reset (session tokens 0 · common with live 14)
[hived] 80e4a498d43fc217~1: prefill chunk 1 M 14 · 0→14/14 · upper on · tail rows 0 · hit 2962 streamed 90 cpu 308 dma_rows 90 · cpu wait 55 ms span 59 ms · 136 ms
[hived] 80e4a498d43fc217~2: prefill chunk 1 M 14 · 0→14/14 · upper on · tail rows 0 · hit 2970 streamed 89 cpu 301 dma_rows 89 · cpu wait 54 ms span 57 ms · 135 ms
[hived] 80e4a498d43fc217~3: prefill chunk 1 M 14 · 0→14/14 · upper on · tail rows 0 · hit 2978 streamed 86 cpu 296 dma_rows 86 · cpu wait 53 ms span 56 ms · 134 ms
[hived] 80e4a498d43fc217~1: prefill total 14 rows in 1 chunks · hit 2962 streamed 90 cpu 308 dma_rows 90 · cpu wait 55 ms span 59 ms · 406 ms
[hived] 80e4a498d43fc217~2: prefill total 14 rows in 1 chunks · hit 2970 streamed 89 cpu 301 dma_rows 89 · cpu wait 54 ms span 57 ms · 406 ms
[hived] 80e4a498d43fc217~3: prefill total 14 rows in 1 chunks · hit 2978 streamed 86 cpu 296 dma_rows 86 · cpu wait 53 ms span 56 ms · 406 ms
[cache] step 255 M=3 routed 720 hit 720 cpu 0 streamed 0 · resident 2032 pending 16 / 4488 · dma.span 0.00 dma.wait - ms (0 layers) · promo 520.0 MiB paced
[hived] 80e4a498d43fc217: prefill 14 tok 138 ms · decode 2 tok 440 ms (2.3 tok/s, batch 4) · hit 240 cpu 0 · resident 2032/4488 · mtp 0/0 in 0 steps · stop
[hived] 80e4a498d43fc217~1: prefill 14 tok 406 ms · decode 2 tok 20 ms (50.1 tok/s, batch 3) · hit 240 cpu 0 · resident 2032/4488 · mtp 0/0 in 0 steps · stop
[hived] 80e4a498d43fc217~2: prefill 14 tok 406 ms · decode 2 tok 20 ms (49.2 tok/s, batch 2) · hit 240 cpu 0 · resident 2032/4488 · mtp 0/0 in 0 steps · stop
[hived] 80e4a498d43fc217~3: prefill 14 tok 406 ms · decode 2 tok 21 ms (48.3 tok/s, batch 1) · hit 240 cpu 0 · resident 2032/4488 · mtp 0/0 in 0 steps · stop
[hived] 80e4a498d43fc217: reuse 0/14 via reset (session tokens 0 · common with live 14)
[decode-sync M=14] layer waits 40 · host wait 62.37 ms (spin)
[profile M=14] total 131.90 ms: embed 0.09 hc.flat+gemm 5.52 hc.sinkhorn 1.53 hc.pre+norm 0.66 hc_attn 0.02 attn.q 5.11 attn.kv 2.87 attn.compress 1.14 attn.sparse 3.47 attn.wo 6.70 attention 0.01 hc_ffn 0.02 moe.router 1.56 moe.shared 6.64 moe.d2h 0.26 moe.router+shared 0.01 moe.sync 0.33 moe.gpu_experts 91.21 moe.cpu_experts 3.76 moe 0.04 head 0.93
[hived] 80e4a498d43fc217: prefill chunk 1 M 14 · 0→14/14 · upper on · tail rows 0 · hit 2994 streamed 81 cpu 285 dma_rows 81 · cpu wait 51 ms span 54 ms · 132 ms
[hived] 80e4a498d43fc217: prefill total 14 rows in 1 chunks · hit 2994 streamed 81 cpu 285 dma_rows 81 · cpu wait 51 ms span 54 ms · 133 ms
[cache] step 257 M=1 routed 240 hit 240 cpu 0 streamed 0 · resident 2048 pending 16 / 4488 · dma.span 0.00 dma.wait - ms (0 layers) · promo 233.1 MiB paced
[hived] 80e4a498d43fc217~1: reuse 0/14 via reset (session tokens 0 · common with live 14)
[hived] 80e4a498d43fc217~2: reuse 0/14 via reset (session tokens 0 · common with live 14)
[hived] 80e4a498d43fc217~3: reuse 0/14 via reset (session tokens 0 · common with live 14)
[hived] 80e4a498d43fc217~1: prefill chunk 1 M 14 · 0→14/14 · upper on · tail rows 0 · hit 3010 streamed 76 cpu 274 dma_rows 76 · cpu wait 49 ms span 52 ms · 129 ms
[hived] 80e4a498d43fc217~2: prefill chunk 1 M 14 · 0→14/14 · upper on · tail rows 0 · hit 3018 streamed 79 cpu 263 dma_rows 79 · cpu wait 47 ms span 50 ms · 130 ms
[hived] 80e4a498d43fc217~3: prefill chunk 1 M 14 · 0→14/14 · upper on · tail rows 0 · hit 3026 streamed 76 cpu 258 dma_rows 76 · cpu wait 46 ms span 49 ms · 129 ms
[hived] 80e4a498d43fc217~1: prefill total 14 rows in 1 chunks · hit 3010 streamed 76 cpu 274 dma_rows 76 · cpu wait 49 ms span 52 ms · 389 ms
[hived] 80e4a498d43fc217~2: prefill total 14 rows in 1 chunks · hit 3018 streamed 79 cpu 263 dma_rows 79 · cpu wait 47 ms span 50 ms · 389 ms
[hived] 80e4a498d43fc217~3: prefill total 14 rows in 1 chunks · hit 3026 streamed 76 cpu 258 dma_rows 76 · cpu wait 46 ms span 49 ms · 389 ms
[cache] step 261 M=3 routed 720 hit 720 cpu 0 streamed 0 · resident 2080 pending 16 / 4488 · dma.span 0.00 dma.wait - ms (0 layers) · promo 537.9 MiB paced
[hived] 80e4a498d43fc217: prefill 14 tok 133 ms · decode 2 tok 425 ms (2.4 tok/s, batch 4) · hit 240 cpu 0 · resident 2080/4488 · mtp 0/0 in 0 steps · stop
[hived] 80e4a498d43fc217~1: prefill 14 tok 389 ms · decode 2 tok 21 ms (48.5 tok/s, batch 3) · hit 240 cpu 0 · resident 2080/4488 · mtp 0/0 in 0 steps · stop
[hived] 80e4a498d43fc217~2: prefill 14 tok 389 ms · decode 2 tok 21 ms (47.6 tok/s, batch 2) · hit 240 cpu 0 · resident 2080/4488 · mtp 0/0 in 0 steps · stop
[hived] 80e4a498d43fc217~3: prefill 14 tok 389 ms · decode 2 tok 21 ms (46.7 tok/s, batch 1) · hit 240 cpu 0 · resident 2080/4488 · mtp 0/0 in 0 steps · stop
[hived] 80e4a498d43fc217: reuse 0/14 via reset (session tokens 0 · common with live 14)
[hived] 80e4a498d43fc217: prefill chunk 1 M 14 · 0→14/14 · upper on · tail rows 0 · hit 3042 streamed 72 cpu 246 dma_rows 72 · cpu wait 44 ms span 47 ms · 127 ms
[hived] 80e4a498d43fc217: prefill total 14 rows in 1 chunks · hit 3042 streamed 72 cpu 246 dma_rows 72 · cpu wait 44 ms span 47 ms · 127 ms
[cache] step 263 M=1 routed 240 hit 240 cpu 0 streamed 0 · resident 2096 pending 16 / 4488 · dma.span 0.00 dma.wait - ms (0 layers) · promo 233.1 MiB paced
[hived] 80e4a498d43fc217~1: reuse 0/14 via reset (session tokens 0 · common with live 14)
[hived] 80e4a498d43fc217~2: reuse 0/14 via reset (session tokens 0 · common with live 14)
[hived] 80e4a498d43fc217~3: reuse 0/14 via reset (session tokens 0 · common with live 14)
[hived] 80e4a498d43fc217~1: prefill chunk 1 M 14 · 0→14/14 · upper on · tail rows 0 · hit 3058 streamed 69 cpu 233 dma_rows 69 · cpu wait 42 ms span 44 ms · 125 ms
[hived] 80e4a498d43fc217~2: prefill chunk 1 M 14 · 0→14/14 · upper on · tail rows 0 · hit 3066 streamed 67 cpu 227 dma_rows 67 · cpu wait 41 ms span 43 ms · 125 ms
[hived] 80e4a498d43fc217~3: prefill chunk 1 M 14 · 0→14/14 · upper on · tail rows 0 · hit 3074 streamed 61 cpu 225 dma_rows 61 · cpu wait 40 ms span 43 ms · 123 ms
[hived] 80e4a498d43fc217~1: prefill total 14 rows in 1 chunks · hit 3058 streamed 69 cpu 233 dma_rows 69 · cpu wait 42 ms span 44 ms · 374 ms
[hived] 80e4a498d43fc217~2: prefill total 14 rows in 1 chunks · hit 3066 streamed 67 cpu 227 dma_rows 67 · cpu wait 41 ms span 43 ms · 374 ms
[hived] 80e4a498d43fc217~3: prefill total 14 rows in 1 chunks · hit 3074 streamed 61 cpu 225 dma_rows 61 · cpu wait 40 ms span 43 ms · 374 ms
[cache] step 267 M=3 routed 720 hit 720 cpu 0 streamed 0 · resident 2128 pending 16 / 4488 · dma.span 0.00 dma.wait - ms (0 layers) · promo 466.2 MiB paced
[hived] 80e4a498d43fc217: prefill 14 tok 127 ms · decode 2 tok 409 ms (2.4 tok/s, batch 4) · hit 240 cpu 0 · resident 2128/4488 · mtp 0/0 in 0 steps · stop
[hived] 80e4a498d43fc217~1: prefill 14 tok 374 ms · decode 2 tok 20 ms (50.2 tok/s, batch 3) · hit 240 cpu 0 · resident 2128/4488 · mtp 0/0 in 0 steps · stop
[hived] 80e4a498d43fc217~2: prefill 14 tok 374 ms · decode 2 tok 20 ms (49.3 tok/s, batch 2) · hit 240 cpu 0 · resident 2128/4488 · mtp 0/0 in 0 steps · stop
[hived] 80e4a498d43fc217~3: prefill 14 tok 374 ms · decode 2 tok 21 ms (48.4 tok/s, batch 1) · hit 240 cpu 0 · resident 2128/4488 · mtp 0/0 in 0 steps · stop
[hived] 80e4a498d43fc217: reuse 0/14 via reset (session tokens 0 · common with live 14)
[hived] 80e4a498d43fc217: prefill chunk 1 M 14 · 0→14/14 · upper on · tail rows 0 · hit 3090 streamed 61 cpu 209 dma_rows 61 · cpu wait 37 ms span 40 ms · 123 ms
[hived] 80e4a498d43fc217: prefill total 14 rows in 1 chunks · hit 3090 streamed 61 cpu 209 dma_rows 61 · cpu wait 37 ms span 40 ms · 123 ms
[cache] step 269 M=1 routed 240 hit 240 cpu 0 streamed 0 · resident 2144 pending 16 / 4488 · dma.span 0.00 dma.wait - ms (0 layers) · promo 251.0 MiB paced
[hived] 80e4a498d43fc217~1: reuse 0/14 via reset (session tokens 0 · common with live 14)
[hived] 80e4a498d43fc217~2: reuse 0/14 via reset (session tokens 0 · common with live 14)
[hived] 80e4a498d43fc217~3: reuse 0/14 via reset (session tokens 0 · common with live 14)
[hived] 80e4a498d43fc217~1: prefill chunk 1 M 14 · 0→14/14 · upper on · tail rows 0 · hit 3106 streamed 58 cpu 196 dma_rows 58 · cpu wait 35 ms span 37 ms · 122 ms
[hived] 80e4a498d43fc217~2: prefill chunk 1 M 14 · 0→14/14 · upper on · tail rows 0 · hit 3114 streamed 57 cpu 189 dma_rows 57 · cpu wait 34 ms span 36 ms · 121 ms
[hived] 80e4a498d43fc217~3: prefill chunk 1 M 14 · 0→14/14 · upper on · tail rows 0 · hit 3122 streamed 52 cpu 186 dma_rows 52 · cpu wait 33 ms span 35 ms · 119 ms
[hived] 80e4a498d43fc217~1: prefill total 14 rows in 1 chunks · hit 3106 streamed 58 cpu 196 dma_rows 58 · cpu wait 35 ms span 37 ms · 365 ms
[hived] 80e4a498d43fc217~2: prefill total 14 rows in 1 chunks · hit 3114 streamed 57 cpu 189 dma_rows 57 · cpu wait 34 ms span 36 ms · 364 ms
[hived] 80e4a498d43fc217~3: prefill total 14 rows in 1 chunks · hit 3122 streamed 52 cpu 186 dma_rows 52 · cpu wait 33 ms span 35 ms · 364 ms
[cache] step 273 M=3 routed 720 hit 720 cpu 0 streamed 0 · resident 2176 pending 16 / 4488 · dma.span 0.00 dma.wait - ms (0 layers) · promo 555.8 MiB paced
[hived] 80e4a498d43fc217: prefill 14 tok 123 ms · decode 2 tok 399 ms (2.5 tok/s, batch 4) · hit 240 cpu 0 · resident 2176/4488 · mtp 0/0 in 0 steps · stop
[snapshot] pos 18 d2h_bytes 5707952 host_bytes 5712184 async 1 delta 0
[hived] af185b8941dfeb8a: prefill chunk 1 M 22 · 0→22/22 · upper on · tail rows 0 · hit 2814 streamed 296 cpu 1358 dma_rows 1108 · cpu wait 202 ms span 211 ms · 270 ms
[hived] 8e24003132c6b630: prefill chunk 1 M 22 · 0→22/22 · upper on · tail rows 0 · hit 2937 streamed 292 cpu 1241 dma_rows 1102 · cpu wait 187 ms span 196 ms · 262 ms
[hived] 0666cabff7c9103c: prefill chunk 1 M 22 · 0→22/22 · upper on · tail rows 0 · hit 3006 streamed 280 cpu 1247 dma_rows 1027 · cpu wait 188 ms span 197 ms · 258 ms
[hived] 5e9cea0c3f8f2947: prefill chunk 1 M 22 · 0→22/22 · upper on · tail rows 0 · hit 3057 streamed 280 cpu 1247 dma_rows 976 · cpu wait 189 ms span 198 ms · 258 ms
[hived] af185b8941dfeb8a: prefill total 22 rows in 1 chunks · hit 2814 streamed 296 cpu 1358 dma_rows 1108 · cpu wait 202 ms span 211 ms · 1066 ms
[hived] 8e24003132c6b630: prefill total 22 rows in 1 chunks · hit 2937 streamed 292 cpu 1241 dma_rows 1102 · cpu wait 187 ms span 196 ms · 1060 ms
[hived] 0666cabff7c9103c: prefill total 22 rows in 1 chunks · hit 3006 streamed 280 cpu 1247 dma_rows 1027 · cpu wait 188 ms span 197 ms · 1055 ms
[hived] 5e9cea0c3f8f2947: prefill total 22 rows in 1 chunks · hit 3057 streamed 280 cpu 1247 dma_rows 976 · cpu wait 189 ms span 198 ms · 1051 ms
[cache] step 1598 M=4 routed 960 hit 743 cpu 182 streamed 12 · resident 4430 pending 16 / 4446 · dma.span 8.48 dma.wait 7.18 ms (12 layers) · promo 502.0 MiB paced
[profile M=5] total 3.63 ms: mtp.embed 0.04 hc.fused 0.06 mtp.attn 0.98 moe.router 0.04 moe.shared 0.14 moe.d2h 0.01 mtp.router 0.00 moe.gpu_experts 0.38 moe.cpu_experts 0.59 mtp.experts 0.00 mtp.head 1.38
[mtp] batch S 4 rows 5 · accepted [0/0,0/0,1/1,0/0] · expect 4.55 tok / 40.2 ms (T(S) 36.4) · got 5 tok / 47.5 ms · draft 14.5 ms · net -13.3 ms
[mtp] batch S 4 draft 16.8 ms · no draft (T(S) 36.4 · T(S+1) 47.5 ms · skip 32)
[cache] step 1608 M=4 routed 960 hit 805 cpu 124 streamed 16 · resident 4438 pending 8 / 4446 · dma.span 11.47 dma.wait 9.17 ms (16 layers) · promo 125.5 MiB paced
[cache] step 1609 M=4 routed 960 hit 780 cpu 142 streamed 19 · resident 4430 pending 16 / 4446 · dma.span 13.56 dma.wait 10.96 ms (19 layers) · promo 71.7 MiB paced
[cache] step 1610 M=4 routed 960 hit 764 cpu 149 streamed 23 · resident 4430 pending 16 / 4446 · dma.span 16.35 dma.wait 13.33 ms (22 layers) · promo 125.5 MiB paced
[cache] step 1611 M=4 routed 960 hit 734 cpu 162 streamed 26 · resident 4430 pending 16 / 4446 · dma.span 18.42 dma.wait 14.99 ms (26 layers) · promo 17.9 MiB paced
[cache] step 1612 M=4 routed 960 hit 755 cpu 154 streamed 25 · resident 4430 pending 16 / 4446 · dma.span 17.68 dma.wait 14.27 ms (23 layers) · promo 71.7 MiB paced
[cache] step 1613 M=4 routed 960 hit 806 cpu 121 streamed 17 · resident 4430 pending 16 / 4446 · dma.span 12.00 dma.wait 9.94 ms (14 layers) · promo 53.8 MiB paced
[cache] step 1614 M=4 routed 960 hit 779 cpu 139 streamed 24 · resident 4430 pending 16 / 4446 · dma.span 16.91 dma.wait 13.29 ms (22 layers) · promo 71.7 MiB paced
[cache] step 1615 M=4 routed 960 hit 759 cpu 145 streamed 25 · resident 4430 pending 16 / 4446 · dma.span 17.83 dma.wait 14.47 ms (25 layers) · promo 17.9 MiB paced
[cache] step 1616 M=4 routed 960 hit 786 cpu 142 streamed 17 · resident 4430 pending 16 / 4446 · dma.span 11.98 dma.wait 9.55 ms (16 layers) · promo 89.6 MiB paced
[cache] step 1617 M=4 routed 960 hit 840 cpu 103 streamed 13 · resident 4430 pending 16 / 4446 · dma.span 9.31 dma.wait 7.47 ms (12 layers) · promo 17.9 MiB paced
[cache] step 1618 M=4 routed 960 hit 883 cpu 69 streamed 7 · resident 4430 pending 16 / 4446 · dma.span 4.97 dma.wait 3.74 ms (7 layers) · promo 89.6 MiB paced
[cache] step 1619 M=4 routed 960 hit 812 cpu 119 streamed 23 · resident 4430 pending 16 / 4446 · dma.span 16.27 dma.wait 12.21 ms (23 layers) · promo 107.6 MiB paced
[cache] step 1620 M=4 routed 960 hit 831 cpu 108 streamed 18 · resident 4430 pending 16 / 4446 · dma.span 12.74 dma.wait 9.66 ms (17 layers) · promo 89.6 MiB paced
[cache] step 1621 M=4 routed 960 hit 838 cpu 101 streamed 19 · resident 4430 pending 16 / 4446 · dma.span 13.49 dma.wait 10.13 ms (18 layers) · promo 89.6 MiB paced
[cache] step 1622 M=4 routed 960 hit 829 cpu 114 streamed 17 · resident 4430 pending 16 / 4446 · dma.span 12.10 dma.wait 8.97 ms (17 layers) · promo 143.4 MiB paced
[cache] step 1623 M=4 routed 960 hit 856 cpu 90 streamed 13 · resident 4430 pending 16 / 4446 · dma.span 9.31 dma.wait 7.18 ms (12 layers) · promo 107.6 MiB paced
[cache] step 1624 M=4 routed 960 hit 845 cpu 101 streamed 13 · resident 4430 pending 16 / 4446 · dma.span 9.27 dma.wait 7.00 ms (13 layers) · promo 107.6 MiB paced
[cache] step 1625 M=4 routed 960 hit 785 cpu 136 streamed 32 · resident 4430 pending 16 / 4446 · dma.span 22.58 dma.wait 17.62 ms (28 layers) · promo 125.5 MiB paced
[cache] step 1626 M=4 routed 960 hit 845 cpu 96 streamed 16 · resident 4430 pending 16 / 4446 · dma.span 11.34 dma.wait 8.65 ms (15 layers) · promo 89.6 MiB paced
[cache] step 1627 M=4 routed 960 hit 841 cpu 100 streamed 15 · resident 4430 pending 16 / 4446 · dma.span 10.69 dma.wait 8.08 ms (15 layers) · promo 89.6 MiB paced
[cache] step 1628 M=4 routed 960 hit 812 cpu 120 streamed 24 · resident 4430 pending 16 / 4446 · dma.span 17.09 dma.wait 13.27 ms (21 layers) · promo 89.6 MiB paced
[cache] step 1629 M=4 routed 960 hit 842 cpu 99 streamed 17 · resident 4430 pending 16 / 4446 · dma.span 12.01 dma.wait 8.93 ms (17 layers) · promo 89.6 MiB paced
[cache] step 1630 M=4 routed 960 hit 830 cpu 111 streamed 18 · resident 4430 pending 16 / 4446 · dma.span 12.76 dma.wait 9.15 ms (18 layers) · promo 107.6 MiB paced
[cache] step 1631 M=4 routed 960 hit 845 cpu 100 streamed 15 · resident 4430 pending 16 / 4446 · dma.span 10.66 dma.wait 8.22 ms (13 layers) · promo 89.6 MiB paced
[cache] step 1632 M=4 routed 960 hit 860 cpu 88 streamed 11 · resident 4430 pending 16 / 4446 · dma.span 7.85 dma.wait 5.77 ms (11 layers) · promo 89.6 MiB paced
[cache] step 1633 M=4 routed 960 hit 852 cpu 93 streamed 12 · resident 4430 pending 16 / 4446 · dma.span 8.58 dma.wait 6.32 ms (12 layers) · promo 143.4 MiB paced
[cache] step 1634 M=4 routed 960 hit 881 cpu 72 streamed 7 · resident 4430 pending 16 / 4446 · dma.span 4.99 dma.wait 3.66 ms (7 layers) · promo 125.5 MiB paced
[cache] step 1635 M=4 routed 960 hit 882 cpu 71 streamed 7 · resident 4430 pending 16 / 4446 · dma.span 4.95 dma.wait 3.87 ms (6 layers) · promo 125.5 MiB paced
[cache] step 1636 M=4 routed 960 hit 879 cpu 71 streamed 9 · resident 4430 pending 16 / 4446 · dma.span 6.47 dma.wait 4.73 ms (9 layers) · promo 89.6 MiB paced
[cache] step 1637 M=4 routed 960 hit 861 cpu 86 streamed 13 · resident 4430 pending 16 / 4446 · dma.span 9.24 dma.wait 7.08 ms (12 layers) · promo 125.5 MiB paced
[cache] step 1638 M=4 routed 960 hit 874 cpu 76 streamed 9 · resident 4430 pending 16 / 4446 · dma.span 6.40 dma.wait 4.72 ms (9 layers) · promo 107.6 MiB paced
[cache] step 1639 M=4 routed 960 hit 879 cpu 73 streamed 8 · resident 4430 pending 16 / 4446 · dma.span 5.67 dma.wait 4.20 ms (8 layers) · promo 107.6 MiB paced
[cache] step 1640 M=4 routed 960 hit 882 cpu 70 streamed 8 · resident 4430 pending 16 / 4446 · dma.span 5.72 dma.wait 4.20 ms (8 layers) · promo 143.4 MiB paced
[mtp] batch S 4 draft 15.6 ms · no draft (T(S) 33.5 · T(S+1) 47.5 ms · skip 32)
[cache] step 1645 M=4 routed 960 hit 902 cpu 55 streamed 3 · resident 4438 pending 8 / 4446 · dma.span 2.19 dma.wait 1.62 ms (3 layers) · promo 143.4 MiB paced
[cache] step 1646 M=4 routed 960 hit 871 cpu 79 streamed 10 · resident 4430 pending 16 / 4446 · dma.span 7.13 dma.wait 5.38 ms (10 layers) · promo 143.4 MiB paced
[cache] step 1647 M=4 routed 960 hit 865 cpu 83 streamed 12 · resident 4430 pending 16 / 4446 · dma.span 8.50 dma.wait 6.14 ms (12 layers) · promo 125.5 MiB paced
[cache] step 1648 M=4 routed 960 hit 886 cpu 68 streamed 5 · resident 4430 pending 16 / 4446 · dma.span 3.63 dma.wait 2.71 ms (5 layers) · promo 107.6 MiB paced
[cache] step 1649 M=4 routed 960 hit 867 cpu 85 streamed 8 · resident 4430 pending 16 / 4446 · dma.span 5.72 dma.wait 4.14 ms (8 layers) · promo 107.6 MiB paced
[cache] step 1650 M=4 routed 960 hit 887 cpu 67 streamed 6 · resident 4430 pending 16 / 4446 · dma.span 4.29 dma.wait 3.12 ms (6 layers) · promo 125.5 MiB paced
[cache] step 1651 M=4 routed 960 hit 850 cpu 95 streamed 15 · resident 4430 pending 16 / 4446 · dma.span 10.65 dma.wait 7.82 ms (15 layers) · promo 125.5 MiB paced
[cache] step 1652 M=4 routed 960 hit 896 cpu 59 streamed 5 · resident 4430 pending 16 / 4446 · dma.span 3.56 dma.wait 2.66 ms (5 layers) · promo 125.5 MiB paced
[cache] step 1653 M=4 routed 960 hit 898 cpu 56 streamed 5 · resident 4430 pending 16 / 4446 · dma.span 3.57 dma.wait 2.65 ms (5 layers) · promo 89.6 MiB paced
[cache] step 1654 M=4 routed 960 hit 886 cpu 67 streamed 6 · resident 4430 pending 16 / 4446 · dma.span 4.33 dma.wait 3.16 ms (6 layers) · promo 143.4 MiB paced
[cache] step 1655 M=4 routed 960 hit 901 cpu 54 streamed 5 · resident 4430 pending 16 / 4446 · dma.span 3.57 dma.wait 2.73 ms (5 layers) · promo 107.6 MiB paced
[cache] step 1656 M=4 routed 960 hit 853 cpu 95 streamed 12 · resident 4430 pending 16 / 4446 · dma.span 8.52 dma.wait 6.45 ms (12 layers) · promo 143.4 MiB paced
[cache] step 1657 M=4 routed 960 hit 895 cpu 60 streamed 5 · resident 4430 pending 16 / 4446 · dma.span 3.56 dma.wait 2.69 ms (5 layers) · promo 107.6 MiB paced
[cache] step 1658 M=4 routed 960 hit 907 cpu 50 streamed 3 · resident 4430 pending 16 / 4446 · dma.span 2.18 dma.wait 1.62 ms (3 layers) · promo 107.6 MiB paced
[cache] step 1659 M=4 routed 960 hit 868 cpu 83 streamed 9 · resident 4430 pending 16 / 4446 · dma.span 6.39 dma.wait 4.87 ms (9 layers) · promo 107.6 MiB paced
[cache] step 1660 M=4 routed 960 hit 842 cpu 103 streamed 15 · resident 4430 pending 16 / 4446 · dma.span 10.66 dma.wait 7.80 ms (15 layers) · promo 143.4 MiB paced
[cache] step 1661 M=4 routed 960 hit 873 cpu 77 streamed 10 · resident 4430 pending 16 / 4446 · dma.span 7.16 dma.wait 5.59 ms (9 layers) · promo 125.5 MiB paced
[cache] step 1662 M=4 routed 960 hit 872 cpu 78 streamed 10 · resident 4430 pending 16 / 4446 · dma.span 7.07 dma.wait 5.16 ms (10 layers) · promo 107.6 MiB paced
[cache] step 1663 M=4 routed 960 hit 890 cpu 64 streamed 4 · resident 4430 pending 16 / 4446 · dma.span 2.86 dma.wait 2.21 ms (4 layers) · promo 71.7 MiB paced
[decode-sync M=4] layer waits 40 · host wait 15.27 ms (spin)
[profile M=4] total 34.14 ms: embed 0.01 segA.win 0.30 moe.gpu_experts 17.09 moe.cpu_experts 3.25 moe 0.03 segA.engram 1.04 segA.index 2.66 segA.comp 8.20 head 1.37 mtp.sync 0.20 · dma.span 7.82 dma.wait 5.58 ms (11 layers) · promo 89.6 MiB paced
[decode-host M=4] sync 0.33 · prep 1.81 · launch 1.53 · cpu 15.57 vs gpu 15.25 (cpu-bound layers 22/40) · tail 2.66 ms · next 0.11 · front 11.74 · post 0.53 · hprep 0.18 · gpu-idle 5.14 of 32.55 ms (cpu layers 37)
[decode-miss M=4] layers 0 · miss 0 · staged 0 · reuse 0 · copy 0 · cpu 0 (jobs 4774) · pred 0 used 0 (precision 0.00 · recall 0.00) · prefetch issued 0 used 0 busy 0 · cpu-first
[cache] step 1664 M=4 routed 960 hit 869 cpu 80 streamed 11 · resident 4430 pending 16 / 4446 · vram free 2414 MiB · dma.span 7.82 dma.wait 5.58 ms (11 layers) · promo 89.6 MiB paced
[cache] step 1665 M=4 routed 960 hit 865 cpu 82 streamed 11 · resident 4430 pending 16 / 4446 · dma.span 7.84 dma.wait 5.71 ms (11 layers) · promo 107.6 MiB paced
[cache] step 1666 M=4 routed 960 hit 873 cpu 77 streamed 10 · resident 4430 pending 16 / 4446 · dma.span 7.10 dma.wait 5.09 ms (10 layers) · promo 125.5 MiB paced
[cache] step 1667 M=4 routed 960 hit 839 cpu 104 streamed 16 · resident 4430 pending 16 / 4446 · dma.span 11.37 dma.wait 8.13 ms (16 layers) · promo 125.5 MiB paced
[cache] step 1668 M=4 routed 960 hit 889 cpu 66 streamed 5 · resident 4430 pending 16 / 4446 · dma.span 3.55 dma.wait 2.58 ms (5 layers) · promo 89.6 MiB paced
[cache] step 1669 M=4 routed 960 hit 903 cpu 52 streamed 5 · resident 4430 pending 16 / 4446 · dma.span 3.60 dma.wait 2.68 ms (5 layers) · promo 143.4 MiB paced
[cache] step 1670 M=4 routed 960 hit 882 cpu 68 streamed 9 · resident 4430 pending 16 / 4446 · dma.span 6.43 dma.wait 4.67 ms (9 layers) · promo 143.4 MiB paced
[cache] step 1671 M=4 routed 960 hit 875 cpu 76 streamed 9 · resident 4430 pending 16 / 4446 · dma.span 6.40 dma.wait 4.63 ms (9 layers) · promo 107.6 MiB paced
[cache] step 1672 M=4 routed 960 hit 883 cpu 71 streamed 6 · resident 4430 pending 16 / 4446 · dma.span 4.31 dma.wait 3.12 ms (6 layers) · promo 107.6 MiB paced
[cache] step 1673 M=4 routed 960 hit 882 cpu 69 streamed 8 · resident 4430 pending 16 / 4446 · dma.span 5.77 dma.wait 4.09 ms (8 layers) · promo 107.6 MiB paced
[cache] step 1674 M=4 routed 960 hit 891 cpu 63 streamed 6 · resident 4430 pending 16 / 4446 · dma.span 4.29 dma.wait 3.04 ms (6 layers) · promo 107.6 MiB paced
[cache] step 1675 M=4 routed 960 hit 882 cpu 72 streamed 6 · resident 4430 pending 16 / 4446 · dma.span 4.28 dma.wait 3.13 ms (6 layers) · promo 107.6 MiB paced
[cache] step 1676 M=4 routed 960 hit 896 cpu 58 streamed 6 · resident 4430 pending 16 / 4446 · dma.span 4.29 dma.wait 3.03 ms (6 layers) · promo 107.6 MiB paced
[cache] step 1677 M=4 routed 960 hit 862 cpu 85 streamed 13 · resident 4430 pending 16 / 4446 · dma.span 9.20 dma.wait 6.44 ms (13 layers) · promo 143.4 MiB paced
[mtp] batch S 4 draft 14.1 ms · no draft (T(S) 32.1 · T(S+1) 47.5 ms · skip 32)
[cache] step 1682 M=4 routed 960 hit 890 cpu 64 streamed 6 · resident 4438 pending 8 / 4446 · dma.span 4.31 dma.wait 3.14 ms (6 layers) · promo 71.7 MiB paced
[cache] step 1683 M=4 routed 960 hit 866 cpu 84 streamed 10 · resident 4430 pending 16 / 4446 · dma.span 7.13 dma.wait 5.26 ms (10 layers) · promo 143.4 MiB paced
[cache] step 1684 M=4 routed 960 hit 876 cpu 77 streamed 7 · resident 4430 pending 16 / 4446 · dma.span 4.99 dma.wait 3.54 ms (7 layers) · promo 89.6 MiB paced
[cache] step 1685 M=4 routed 960 hit 878 cpu 74 streamed 8 · resident 4430 pending 16 / 4446 · dma.span 5.72 dma.wait 4.18 ms (8 layers) · promo 107.6 MiB paced
[cache] step 1686 M=4 routed 960 hit 840 cpu 105 streamed 15 · resident 4430 pending 16 / 4446 · dma.span 10.60 dma.wait 7.57 ms (15 layers) · promo 125.5 MiB paced
[cache] step 1687 M=4 routed 960 hit 883 cpu 69 streamed 7 · resident 4430 pending 16 / 4446 · dma.span 5.04 dma.wait 3.64 ms (7 layers) · promo 143.4 MiB paced
[cache] step 1688 M=4 routed 960 hit 841 cpu 103 streamed 15 · resident 4430 pending 16 / 4446 · dma.span 10.66 dma.wait 7.66 ms (15 layers) · promo 107.6 MiB paced
[cache] step 1689 M=4 routed 960 hit 868 cpu 82 streamed 9 · resident 4430 pending 16 / 4446 · dma.span 6.44 dma.wait 4.57 ms (9 layers) · promo 107.6 MiB paced
[cache] step 1690 M=4 routed 960 hit 846 cpu 98 streamed 14 · resident 4430 pending 16 / 4446 · dma.span 9.95 dma.wait 7.41 ms (13 layers) · promo 125.5 MiB paced
[cache] step 1691 M=4 routed 960 hit 860 cpu 88 streamed 12 · resident 4430 pending 16 / 4446 · dma.span 8.50 dma.wait 6.09 ms (12 layers) · promo 89.6 MiB paced
[cache] step 1692 M=4 routed 960 hit 868 cpu 82 streamed 10 · resident 4430 pending 16 / 4446 · dma.span 7.09 dma.wait 5.47 ms (9 layers) · promo 125.5 MiB paced
[cache] step 1693 M=4 routed 960 hit 785 cpu 142 streamed 29 · resident 4430 pending 16 / 4446 · dma.span 20.55 dma.wait 15.12 ms (28 layers) · promo 107.6 MiB paced
[cache] step 1694 M=4 routed 960 hit 757 cpu 158 streamed 35 · resident 4430 pending 16 / 4446 · dma.span 24.70 dma.wait 18.59 ms (33 layers) · promo 107.6 MiB paced
[cache] step 1695 M=4 routed 960 hit 737 cpu 174 streamed 40 · resident 4430 pending 16 / 4446 · dma.span 28.45 dma.wait 22.58 ms (33 layers) · promo 53.8 MiB paced
[cache] step 1696 M=4 routed 960 hit 798 cpu 131 streamed 27 · resident 4430 pending 16 / 4446 · dma.span 19.19 dma.wait 14.02 ms (27 layers) · promo 89.6 MiB paced
[cache] step 1697 M=4 routed 960 hit 846 cpu 98 streamed 15 · resident 4430 pending 16 / 4446 · dma.span 10.62 dma.wait 7.60 ms (15 layers) · promo 71.7 MiB paced
[cache] step 1698 M=4 routed 960 hit 871 cpu 81 streamed 7 · resident 4430 pending 16 / 4446 · dma.span 4.98 dma.wait 3.55 ms (7 layers) · promo 107.6 MiB paced
[cache] step 1699 M=4 routed 960 hit 870 cpu 80 streamed 9 · resident 4430 pending 16 / 4446 · dma.span 6.43 dma.wait 4.62 ms (9 layers) · promo 89.6 MiB paced
[cache] step 1700 M=4 routed 960 hit 905 cpu 52 streamed 3 · resident 4430 pending 16 / 4446 · dma.span 2.16 dma.wait 1.57 ms (3 layers) · promo 107.6 MiB paced
[cache] step 1701 M=4 routed 960 hit 890 cpu 65 streamed 5 · resident 4430 pending 16 / 4446 · dma.span 3.58 dma.wait 2.54 ms (5 layers) · promo 143.4 MiB paced
[cache] step 1702 M=4 routed 960 hit 899 cpu 57 streamed 4 · resident 4430 pending 16 / 4446 · dma.span 2.89 dma.wait 2.14 ms (4 layers) · promo 107.6 MiB paced
[cache] step 1703 M=4 routed 960 hit 870 cpu 81 streamed 9 · resident 4430 pending 16 / 4446 · dma.span 6.39 dma.wait 4.57 ms (9 layers) · promo 71.7 MiB paced
[cache] step 1704 M=4 routed 960 hit 862 cpu 84 streamed 13 · resident 4430 pending 16 / 4446 · dma.span 9.25 dma.wait 6.74 ms (13 layers) · promo 143.4 MiB paced
[cache] step 1705 M=4 routed 960 hit 866 cpu 83 streamed 11 · resident 4430 pending 16 / 4446 · dma.span 7.79 dma.wait 5.46 ms (11 layers) · promo 107.6 MiB paced
[cache] step 1706 M=4 routed 960 hit 851 cpu 97 streamed 12 · resident 4430 pending 16 / 4446 · dma.span 8.54 dma.wait 6.16 ms (12 layers) · promo 107.6 MiB paced
[cache] step 1707 M=4 routed 960 hit 861 cpu 89 streamed 10 · resident 4430 pending 16 / 4446 · dma.span 7.12 dma.wait 5.41 ms (9 layers) · promo 143.4 MiB paced
[cache] step 1708 M=4 routed 960 hit 881 cpu 73 streamed 6 · resident 4430 pending 16 / 4446 · dma.span 4.25 dma.wait 3.05 ms (6 layers) · promo 143.4 MiB paced
[cache] step 1709 M=4 routed 960 hit 857 cpu 90 streamed 13 · resident 4430 pending 16 / 4446 · dma.span 9.17 dma.wait 6.74 ms (12 layers) · promo 125.5 MiB paced
[cache] step 1710 M=4 routed 960 hit 837 cpu 106 streamed 17 · resident 4430 pending 16 / 4446 · dma.span 12.05 dma.wait 8.70 ms (17 layers) · promo 107.6 MiB paced
[cache] step 1711 M=4 routed 960 hit 869 cpu 81 streamed 9 · resident 4430 pending 16 / 4446 · dma.span 6.42 dma.wait 4.66 ms (9 layers) · promo 89.6 MiB paced
[cache] step 1712 M=4 routed 960 hit 876 cpu 76 streamed 8 · resident 4430 pending 16 / 4446 · dma.span 5.70 dma.wait 4.08 ms (8 layers) · promo 89.6 MiB paced
[cache] step 1713 M=4 routed 960 hit 891 cpu 65 streamed 4 · resident 4430 pending 16 / 4446 · dma.span 2.89 dma.wait 2.12 ms (4 layers) · promo 125.5 MiB paced
[cache] step 1714 M=4 routed 960 hit 877 cpu 75 streamed 8 · resident 4430 pending 16 / 4446 · dma.span 5.76 dma.wait 4.11 ms (8 layers) · promo 143.4 MiB paced
[mtp] batch S 4 draft 14.8 ms · no draft (T(S) 33.3 · T(S+1) 47.5 ms · skip 32)
[cache] step 1719 M=4 routed 960 hit 898 cpu 58 streamed 4 · resident 4438 pending 8 / 4446 · dma.span 2.86 dma.wait 2.27 ms (3 layers) · promo 107.6 MiB paced
[cache] step 1720 M=4 routed 960 hit 856 cpu 90 streamed 14 · resident 4430 pending 16 / 4446 · dma.span 9.98 dma.wait 7.54 ms (13 layers) · promo 125.5 MiB paced
[cache] step 1721 M=4 routed 960 hit 896 cpu 59 streamed 5 · resident 4430 pending 16 / 4446 · dma.span 3.58 dma.wait 2.57 ms (5 layers) · promo 89.6 MiB paced
[cache] step 1722 M=4 routed 960 hit 892 cpu 60 streamed 8 · resident 4430 pending 16 / 4446 · dma.span 5.72 dma.wait 4.04 ms (8 layers) · promo 89.6 MiB paced
[cache] step 1723 M=4 routed 960 hit 882 cpu 73 streamed 5 · resident 4430 pending 16 / 4446 · dma.span 3.55 dma.wait 2.70 ms (5 layers) · promo 125.5 MiB paced
[cache] step 1724 M=4 routed 960 hit 895 cpu 58 streamed 7 · resident 4430 pending 16 / 4446 · dma.span 5.00 dma.wait 3.65 ms (7 layers) · promo 125.5 MiB paced
[cache] step 1725 M=4 routed 960 hit 903 cpu 52 streamed 5 · resident 4430 pending 16 / 4446 · dma.span 3.56 dma.wait 2.61 ms (5 layers) · promo 107.6 MiB paced
[cache] step 1726 M=4 routed 960 hit 913 cpu 46 streamed 1 · resident 4430 pending 16 / 4446 · dma.span 0.73 dma.wait 0.53 ms (1 layers) · promo 125.5 MiB paced
[cache] step 1727 M=4 routed 960 hit 884 cpu 71 streamed 5 · resident 4430 pending 16 / 4446 · dma.span 3.63 dma.wait 2.60 ms (5 layers) · promo 143.4 MiB paced
[decode-sync M=4] layer waits 40 · host wait 15.41 ms (spin)
[profile M=4] total 33.31 ms: embed 0.01 segA.win 0.30 moe.gpu_experts 15.42 moe.cpu_experts 3.90 moe 0.03 segA.engram 0.95 segA.index 2.71 segA.comp 8.44 head 1.36 mtp.sync 0.19 · dma.span 5.00 dma.wait 3.56 ms (7 layers) · promo 125.5 MiB paced
[decode-host M=4] sync 0.25 · prep 1.72 · launch 1.28 · cpu 14.49 vs gpu 13.68 (cpu-bound layers 28/40) · tail 3.31 ms · next 0.13 · front 12.01 · post 0.75 · hprep 0.18 · gpu-idle 5.62 of 31.74 ms (cpu layers 35)
[decode-miss M=4] layers 0 · miss 0 · staged 0 · reuse 0 · copy 0 · cpu 0 (jobs 4503) · pred 0 used 0 (precision 0.00 · recall 0.00) · prefetch issued 0 used 0 busy 0 · cpu-first
[cache] step 1728 M=4 routed 960 hit 877 cpu 76 streamed 7 · resident 4430 pending 16 / 4446 · vram free 2414 MiB · dma.span 5.00 dma.wait 3.56 ms (7 layers) · promo 125.5 MiB paced
[cache] step 1729 M=4 routed 960 hit 870 cpu 80 streamed 10 · resident 4430 pending 16 / 4446 · dma.span 7.10 dma.wait 5.03 ms (10 layers) · promo 125.5 MiB paced
[cache] step 1730 M=4 routed 960 hit 854 cpu 93 streamed 13 · resident 4430 pending 16 / 4446 · dma.span 9.22 dma.wait 6.50 ms (13 layers) · promo 143.4 MiB paced
[cache] step 1731 M=4 routed 960 hit 869 cpu 80 streamed 11 · resident 4430 pending 16 / 4446 · dma.span 7.85 dma.wait 5.60 ms (11 layers) · promo 89.6 MiB paced
[cache] step 1732 M=4 routed 960 hit 835 cpu 105 streamed 19 · resident 4430 pending 16 / 4446 · dma.span 13.47 dma.wait 9.63 ms (19 layers) · promo 143.4 MiB paced
[cache] step 1733 M=4 routed 960 hit 901 cpu 56 streamed 3 · resident 4430 pending 16 / 4446 · dma.span 2.17 dma.wait 1.59 ms (3 layers) · promo 107.6 MiB paced
[cache] step 1734 M=4 routed 960 hit 898 cpu 58 streamed 3 · resident 4430 pending 16 / 4446 · dma.span 2.12 dma.wait 1.57 ms (3 layers) · promo 107.6 MiB paced
[cache] step 1735 M=4 routed 960 hit 884 cpu 69 streamed 7 · resident 4430 pending 16 / 4446 · dma.span 5.02 dma.wait 3.63 ms (7 layers) · promo 125.5 MiB paced
[cache] step 1736 M=4 routed 960 hit 892 cpu 62 streamed 6 · resident 4430 pending 16 / 4446 · dma.span 4.29 dma.wait 3.01 ms (6 layers) · promo 143.4 MiB paced
[cache] step 1737 M=4 routed 960 hit 865 cpu 84 streamed 11 · resident 4430 pending 16 / 4446 · dma.span 7.83 dma.wait 5.64 ms (11 layers) · promo 89.6 MiB paced
[cache] step 1738 M=4 routed 960 hit 882 cpu 67 streamed 9 · resident 4430 pending 16 / 4446 · dma.span 6.46 dma.wait 4.73 ms (9 layers) · promo 143.4 MiB paced
[cache] step 1739 M=4 routed 960 hit 908 cpu 48 streamed 3 · resident 4430 pending 16 / 4446 · dma.span 2.13 dma.wait 1.57 ms (3 layers) · promo 71.7 MiB paced
[cache] step 1740 M=4 routed 960 hit 841 cpu 104 streamed 15 · resident 4430 pending 16 / 4446 · dma.span 10.63 dma.wait 7.54 ms (15 layers) · promo 53.8 MiB paced
[cache] step 1741 M=4 routed 960 hit 889 cpu 66 streamed 5 · resident 4430 pending 16 / 4446 · dma.span 3.58 dma.wait 2.54 ms (5 layers) · promo 125.5 MiB paced
[cache] step 1742 M=4 routed 960 hit 884 cpu 69 streamed 7 · resident 4430 pending 16 / 4446 · dma.span 4.99 dma.wait 3.61 ms (7 layers) · promo 143.4 MiB paced
[cache] step 1743 M=4 routed 960 hit 898 cpu 57 streamed 5 · resident 4430 pending 16 / 4446 · dma.span 3.59 dma.wait 2.64 ms (5 layers) · promo 107.6 MiB paced
[cache] step 1744 M=4 routed 960 hit 899 cpu 57 streamed 4 · resident 4430 pending 16 / 4446 · dma.span 2.89 dma.wait 2.16 ms (4 layers) · promo 107.6 MiB paced
[cache] step 1745 M=4 routed 960 hit 897 cpu 57 streamed 6 · resident 4430 pending 16 / 4446 · dma.span 4.23 dma.wait 3.07 ms (6 layers) · promo 143.4 MiB paced
[cache] step 1746 M=4 routed 960 hit 909 cpu 48 streamed 3 · resident 4430 pending 16 / 4446 · dma.span 2.17 dma.wait 1.49 ms (3 layers) · promo 107.6 MiB paced
[cache] step 1747 M=4 routed 960 hit 903 cpu 53 streamed 3 · resident 4430 pending 16 / 4446 · dma.span 2.13 dma.wait 1.54 ms (3 layers) · promo 107.6 MiB paced
[cache] step 1748 M=4 routed 960 hit 885 cpu 67 streamed 8 · resident 4430 pending 16 / 4446 · dma.span 5.65 dma.wait 3.99 ms (8 layers) · promo 125.5 MiB paced
[cache] step 1749 M=4 routed 960 hit 880 cpu 71 streamed 9 · resident 4430 pending 16 / 4446 · dma.span 6.41 dma.wait 4.68 ms (9 layers) · promo 107.6 MiB paced
[cache] step 1750 M=4 routed 960 hit 903 cpu 52 streamed 5 · resident 4430 pending 16 / 4446 · dma.span 3.59 dma.wait 2.61 ms (5 layers) · promo 107.6 MiB paced
[cache] step 1751 M=4 routed 960 hit 892 cpu 61 streamed 7 · resident 4430 pending 16 / 4446 · dma.span 5.00 dma.wait 3.66 ms (7 layers) · promo 125.5 MiB paced
[mtp] batch S 4 draft 15.1 ms · no draft (T(S) 30.3 · T(S+1) 47.5 ms · skip 32)
[cache] step 1756 M=4 routed 960 hit 855 cpu 89 streamed 14 · resident 4438 pending 8 / 4446 · dma.span 9.91 dma.wait 7.06 ms (14 layers) · promo 125.5 MiB paced
[cache] step 1757 M=4 routed 960 hit 872 cpu 78 streamed 9 · resident 4430 pending 16 / 4446 · dma.span 6.38 dma.wait 4.58 ms (9 layers) · promo 125.5 MiB paced
[cache] step 1758 M=4 routed 960 hit 857 cpu 91 streamed 11 · resident 4430 pending 16 / 4446 · dma.span 7.79 dma.wait 5.76 ms (11 layers) · promo 125.5 MiB paced
[cache] step 1759 M=4 routed 960 hit 863 cpu 86 streamed 11 · resident 4430 pending 16 / 4446 · dma.span 7.85 dma.wait 5.67 ms (11 layers) · promo 107.6 MiB paced
[cache] step 1760 M=4 routed 960 hit 812 cpu 123 streamed 23 · resident 4430 pending 16 / 4446 · dma.span 16.26 dma.wait 12.94 ms (18 layers) · promo 107.6 MiB paced
[cache] step 1761 M=4 routed 960 hit 832 cpu 111 streamed 17 · resident 4430 pending 16 / 4446 · dma.span 12.04 dma.wait 8.56 ms (17 layers) · promo 89.6 MiB paced
[cache] step 1762 M=4 routed 960 hit 876 cpu 77 streamed 7 · resident 4430 pending 16 / 4446 · dma.span 5.03 dma.wait 3.59 ms (7 layers) · promo 125.5 MiB paced
[cache] step 1763 M=4 routed 960 hit 882 cpu 71 streamed 7 · resident 4430 pending 16 / 4446 · dma.span 4.98 dma.wait 3.55 ms (7 layers) · promo 107.6 MiB paced
[cache] step 1764 M=4 routed 960 hit 878 cpu 72 streamed 9 · resident 4430 pending 16 / 4446 · dma.span 6.48 dma.wait 4.74 ms (9 layers) · promo 71.7 MiB paced
[cache] step 1765 M=4 routed 960 hit 881 cpu 71 streamed 8 · resident 4430 pending 16 / 4446 · dma.span 5.73 dma.wait 4.21 ms (8 layers) · promo 107.6 MiB paced
[cache] step 1766 M=4 routed 960 hit 878 cpu 74 streamed 8 · resident 4430 pending 16 / 4446 · dma.span 5.68 dma.wait 4.06 ms (8 layers) · promo 107.6 MiB paced
[cache] step 1767 M=4 routed 960 hit 883 cpu 67 streamed 10 · resident 4430 pending 16 / 4446 · dma.span 7.15 dma.wait 5.42 ms (9 layers) · promo 89.6 MiB paced
[cache] step 1768 M=4 routed 960 hit 893 cpu 59 streamed 8 · resident 4430 pending 16 / 4446 · dma.span 5.70 dma.wait 4.11 ms (8 layers) · promo 89.6 MiB paced
[cache] step 1769 M=4 routed 960 hit 888 cpu 67 streamed 5 · resident 4430 pending 16 / 4446 · dma.span 3.58 dma.wait 2.59 ms (5 layers) · promo 143.4 MiB paced
[cache] step 1770 M=4 routed 960 hit 867 cpu 84 streamed 7 · resident 4430 pending 16 / 4446 · dma.span 5.04 dma.wait 3.64 ms (7 layers) · promo 107.6 MiB paced
[cache] step 1771 M=4 routed 960 hit 885 cpu 69 streamed 6 · resident 4430 pending 16 / 4446 · dma.span 4.27 dma.wait 3.14 ms (6 layers) · promo 143.4 MiB paced
[cache] step 1772 M=4 routed 960 hit 912 cpu 45 streamed 3 · resident 4430 pending 16 / 4446 · dma.span 2.16 dma.wait 1.58 ms (3 layers) · promo 125.5 MiB paced
[cache] step 1773 M=4 routed 960 hit 895 cpu 61 streamed 4 · resident 4430 pending 16 / 4446 · dma.span 2.87 dma.wait 2.04 ms (4 layers) · promo 125.5 MiB paced
[cache] step 1774 M=4 routed 960 hit 908 cpu 48 streamed 4 · resident 4430 pending 16 / 4446 · dma.span 2.85 dma.wait 2.09 ms (4 layers) · promo 107.6 MiB paced
[cache] step 1775 M=4 routed 960 hit 890 cpu 65 streamed 5 · resident 4430 pending 16 / 4446 · dma.span 3.65 dma.wait 2.67 ms (5 layers) · promo 125.5 MiB paced
[cache] step 1776 M=4 routed 960 hit 868 cpu 80 streamed 11 · resident 4430 pending 16 / 4446 · dma.span 7.89 dma.wait 5.57 ms (11 layers) · promo 89.6 MiB paced
[cache] step 1777 M=4 routed 960 hit 881 cpu 71 streamed 8 · resident 4430 pending 16 / 4446 · dma.span 5.73 dma.wait 4.14 ms (8 layers) · promo 143.4 MiB paced
[cache] step 1778 M=4 routed 960 hit 886 cpu 69 streamed 5 · resident 4430 pending 16 / 4446 · dma.span 3.58 dma.wait 2.67 ms (5 layers) · promo 125.5 MiB paced
[cache] step 1779 M=4 routed 960 hit 866 cpu 83 streamed 10 · resident 4430 pending 16 / 4446 · dma.span 7.11 dma.wait 5.15 ms (10 layers) · promo 107.6 MiB paced
[cache] step 1780 M=4 routed 960 hit 911 cpu 47 streamed 2 · resident 4430 pending 16 / 4446 · dma.span 1.45 dma.wait 1.03 ms (2 layers) · promo 71.7 MiB paced
[cache] step 1781 M=4 routed 960 hit 900 cpu 57 streamed 3 · resident 4430 pending 16 / 4446 · dma.span 2.15 dma.wait 1.58 ms (3 layers) · promo 125.5 MiB paced
[cache] step 1782 M=4 routed 960 hit 903 cpu 54 streamed 3 · resident 4430 pending 16 / 4446 · dma.span 2.16 dma.wait 1.58 ms (3 layers) · promo 143.4 MiB paced
[cache] step 1783 M=4 routed 960 hit 887 cpu 68 streamed 5 · resident 4430 pending 16 / 4446 · dma.span 3.53 dma.wait 2.52 ms (5 layers) · promo 107.6 MiB paced
[cache] step 1784 M=4 routed 960 hit 912 cpu 44 streamed 4 · resident 4430 pending 16 / 4446 · dma.span 2.89 dma.wait 2.03 ms (4 layers) · promo 107.6 MiB paced
[cache] step 1785 M=4 routed 960 hit 902 cpu 55 streamed 3 · resident 4430 pending 16 / 4446 · dma.span 2.17 dma.wait 1.55 ms (3 layers) · promo 143.4 MiB paced
[cache] step 1786 M=4 routed 960 hit 890 cpu 65 streamed 5 · resident 4430 pending 16 / 4446 · dma.span 3.64 dma.wait 2.59 ms (5 layers) · promo 125.5 MiB paced
[cache] step 1787 M=4 routed 960 hit 910 cpu 47 streamed 3 · resident 4430 pending 16 / 4446 · dma.span 2.15 dma.wait 1.47 ms (3 layers) · promo 125.5 MiB paced
[cache] step 1788 M=4 routed 960 hit 910 cpu 47 streamed 3 · resident 4430 pending 16 / 4446 · dma.span 2.16 dma.wait 1.57 ms (3 layers) · promo 125.5 MiB paced
[profile M=5] total 3.11 ms: mtp.embed 0.05 hc.fused 0.06 mtp.attn 0.99 moe.router 0.04 moe.shared 0.14 moe.d2h 0.01 mtp.router 0.00 moe.gpu_experts 0.37 moe.cpu_experts 0.07 mtp.experts 0.00 mtp.head 1.38
[mtp] batch S 4 draft 15.3 ms · no draft (T(S) 29.3 · T(S+1) 47.5 ms · skip 32)
[cache] step 1793 M=4 routed 960 hit 891 cpu 64 streamed 5 · resident 4438 pending 8 / 4446 · dma.span 3.55 dma.wait 2.50 ms (5 layers) · promo 125.5 MiB paced
[cache] step 1794 M=4 routed 960 hit 894 cpu 60 streamed 6 · resident 4430 pending 16 / 4446 · dma.span 4.30 dma.wait 3.25 ms (6 layers) · promo 143.4 MiB paced
[cache] step 1795 M=4 routed 960 hit 917 cpu 40 streamed 3 · resident 4430 pending 16 / 4446 · dma.span 2.14 dma.wait 1.54 ms (3 layers) · promo 125.5 MiB paced
[cache] step 1796 M=4 routed 960 hit 900 cpu 54 streamed 6 · resident 4430 pending 16 / 4446 · dma.span 4.32 dma.wait 3.14 ms (6 layers) · promo 107.6 MiB paced
[cache] step 1797 M=4 routed 960 hit 888 cpu 66 streamed 6 · resident 4430 pending 16 / 4446 · dma.span 4.32 dma.wait 3.09 ms (6 layers) · promo 107.6 MiB paced
[cache] step 1798 M=4 routed 960 hit 910 cpu 46 streamed 4 · resident 4430 pending 16 / 4446 · dma.span 2.88 dma.wait 2.07 ms (4 layers) · promo 143.4 MiB paced
[cache] step 1799 M=4 routed 960 hit 900 cpu 56 streamed 4 · resident 4430 pending 16 / 4446 · dma.span 2.85 dma.wait 2.08 ms (4 layers) · promo 107.6 MiB paced
[cache] step 1800 M=4 routed 960 hit 884 cpu 67 streamed 9 · resident 4430 pending 16 / 4446 · dma.span 6.46 dma.wait 4.53 ms (9 layers) · promo 143.4 MiB paced
[cache] step 1801 M=4 routed 960 hit 875 cpu 77 streamed 8 · resident 4430 pending 16 / 4446 · dma.span 5.79 dma.wait 4.14 ms (8 layers) · promo 89.6 MiB paced
[cache] step 1802 M=4 routed 960 hit 881 cpu 71 streamed 8 · resident 4430 pending 16 / 4446 · dma.span 5.73 dma.wait 4.08 ms (8 layers) · promo 107.6 MiB paced
[cache] step 1803 M=4 routed 960 hit 912 cpu 44 streamed 4 · resident 4430 pending 16 / 4446 · dma.span 2.88 dma.wait 2.10 ms (4 layers) · promo 107.6 MiB paced
[cache] step 1804 M=4 routed 960 hit 890 cpu 64 streamed 6 · resident 4430 pending 16 / 4446 · dma.span 4.29 dma.wait 3.08 ms (6 layers) · promo 107.6 MiB paced
[cache] step 1805 M=4 routed 960 hit 894 cpu 61 streamed 5 · resident 4430 pending 16 / 4446 · dma.span 3.63 dma.wait 2.55 ms (5 layers) · promo 89.6 MiB paced
[cache] step 1806 M=4 routed 960 hit 874 cpu 77 streamed 9 · resident 4430 pending 16 / 4446 · dma.span 6.42 dma.wait 4.62 ms (9 layers) · promo 107.6 MiB paced
[cache] step 1807 M=4 routed 960 hit 878 cpu 74 streamed 7 · resident 4430 pending 16 / 4446 · dma.span 4.99 dma.wait 3.57 ms (7 layers) · promo 125.5 MiB paced
[cache] step 1808 M=4 routed 960 hit 899 cpu 57 streamed 4 · resident 4430 pending 16 / 4446 · dma.span 2.84 dma.wait 2.04 ms (4 layers) · promo 125.5 MiB paced
[cache] step 1809 M=4 routed 960 hit 890 cpu 64 streamed 6 · resident 4430 pending 16 / 4446 · dma.span 4.34 dma.wait 3.05 ms (6 layers) · promo 143.4 MiB paced
[cache] step 1810 M=4 routed 960 hit 909 cpu 50 streamed 1 · resident 4430 pending 16 / 4446 · dma.span 0.76 dma.wait 0.60 ms (1 layers) · promo 107.6 MiB paced
[cache] step 1811 M=4 routed 960 hit 856 cpu 91 streamed 12 · resident 4430 pending 16 / 4446 · dma.span 8.63 dma.wait 6.29 ms (12 layers) · promo 107.6 MiB paced
[cache] step 1812 M=4 routed 960 hit 895 cpu 59 streamed 6 · resident 4430 pending 16 / 4446 · dma.span 4.27 dma.wait 3.15 ms (6 layers) · promo 107.6 MiB paced
[cache] step 1813 M=4 routed 960 hit 870 cpu 80 streamed 10 · resident 4430 pending 16 / 4446 · dma.span 7.10 dma.wait 5.09 ms (10 layers) · promo 125.5 MiB paced
[cache] step 1814 M=4 routed 960 hit 894 cpu 60 streamed 6 · resident 4430 pending 16 / 4446 · dma.span 4.27 dma.wait 3.16 ms (6 layers) · promo 125.5 MiB paced
[cache] step 1815 M=4 routed 960 hit 906 cpu 51 streamed 3 · resident 4430 pending 16 / 4446 · dma.span 2.17 dma.wait 1.57 ms (3 layers) · promo 143.4 MiB paced
[cache] step 1816 M=4 routed 960 hit 856 cpu 89 streamed 13 · resident 4430 pending 16 / 4446 · dma.span 9.29 dma.wait 6.68 ms (13 layers) · promo 107.6 MiB paced
[cache] step 1817 M=4 routed 960 hit 901 cpu 56 streamed 3 · resident 4430 pending 16 / 4446 · dma.span 2.11 dma.wait 1.45 ms (3 layers) · promo 107.6 MiB paced
[cache] step 1818 M=4 routed 960 hit 877 cpu 73 streamed 10 · resident 4430 pending 16 / 4446 · dma.span 7.16 dma.wait 5.05 ms (10 layers) · promo 125.5 MiB paced
[cache] step 1819 M=4 routed 960 hit 884 cpu 68 streamed 8 · resident 4430 pending 16 / 4446 · dma.span 5.73 dma.wait 4.00 ms (8 layers) · promo 143.4 MiB paced
[cache] step 1820 M=4 routed 960 hit 893 cpu 61 streamed 6 · resident 4430 pending 16 / 4446 · dma.span 4.29 dma.wait 2.97 ms (6 layers) · promo 143.4 MiB paced
[cache] step 1821 M=4 routed 960 hit 873 cpu 77 streamed 10 · resident 4430 pending 16 / 4446 · dma.span 7.11 dma.wait 5.04 ms (10 layers) · promo 125.5 MiB paced
[cache] step 1822 M=4 routed 960 hit 903 cpu 54 streamed 3 · resident 4430 pending 16 / 4446 · dma.span 2.16 dma.wait 1.47 ms (3 layers) · promo 143.4 MiB paced
[cache] step 1823 M=4 routed 960 hit 863 cpu 87 streamed 10 · resident 4430 pending 16 / 4446 · dma.span 7.09 dma.wait 5.06 ms (10 layers) · promo 89.6 MiB paced
[cache] step 1824 M=4 routed 960 hit 890 cpu 64 streamed 6 · resident 4430 pending 16 / 4446 · dma.span 4.31 dma.wait 2.99 ms (6 layers) · promo 107.6 MiB paced
[cache] step 1825 M=4 routed 960 hit 905 cpu 52 streamed 3 · resident 4430 pending 16 / 4446 · dma.span 2.16 dma.wait 1.48 ms (3 layers) · promo 125.5 MiB paced
[mtp] batch S 4 draft 15.7 ms · no draft (T(S) 31.4 · T(S+1) 47.5 ms · skip 32)
[cache] step 1830 M=4 routed 960 hit 896 cpu 59 streamed 5 · resident 4438 pending 8 / 4446 · dma.span 3.63 dma.wait 2.58 ms (5 layers) · promo 107.6 MiB paced
[cache] step 1831 M=4 routed 960 hit 879 cpu 76 streamed 5 · resident 4430 pending 16 / 4446 · dma.span 3.53 dma.wait 2.55 ms (5 layers) · promo 89.6 MiB paced
[cache] step 1832 M=4 routed 960 hit 858 cpu 88 streamed 14 · resident 4430 pending 16 / 4446 · dma.span 9.95 dma.wait 7.23 ms (14 layers) · promo 89.6 MiB paced
[cache] step 1833 M=4 routed 960 hit 899 cpu 57 streamed 4 · resident 4430 pending 16 / 4446 · dma.span 2.84 dma.wait 1.97 ms (4 layers) · promo 107.6 MiB paced
[cache] step 1834 M=4 routed 960 hit 876 cpu 74 streamed 10 · resident 4430 pending 16 / 4446 · dma.span 7.13 dma.wait 5.17 ms (10 layers) · promo 107.6 MiB paced
[cache] step 1835 M=4 routed 960 hit 902 cpu 53 streamed 5 · resident 4430 pending 16 / 4446 · dma.span 3.55 dma.wait 2.57 ms (5 layers) · promo 125.5 MiB paced
[cache] step 1836 M=4 routed 960 hit 910 cpu 47 streamed 3 · resident 4430 pending 16 / 4446 · dma.span 2.16 dma.wait 1.64 ms (3 layers) · promo 125.5 MiB paced
[cache] step 1837 M=4 routed 960 hit 892 cpu 60 streamed 8 · resident 4430 pending 16 / 4446 · dma.span 5.68 dma.wait 4.23 ms (8 layers) · promo 107.6 MiB paced
[cache] step 1838 M=4 routed 960 hit 872 cpu 79 streamed 9 · resident 4430 pending 16 / 4446 · dma.span 6.40 dma.wait 4.55 ms (9 layers) · promo 107.6 MiB paced
[cache] step 1839 M=4 routed 960 hit 904 cpu 51 streamed 5 · resident 4430 pending 16 / 4446 · dma.span 3.64 dma.wait 2.58 ms (5 layers) · promo 107.6 MiB paced
[cache] step 1840 M=4 routed 960 hit 919 cpu 40 streamed 1 · resident 4430 pending 16 / 4446 · dma.span 0.71 dma.wait 0.50 ms (1 layers) · promo 125.5 MiB paced
[cache] step 1841 M=4 routed 960 hit 886 cpu 69 streamed 5 · resident 4430 pending 16 / 4446 · dma.span 3.60 dma.wait 2.68 ms (5 layers) · promo 125.5 MiB paced
[cache] step 1842 M=4 routed 960 hit 866 cpu 83 streamed 11 · resident 4430 pending 16 / 4446 · dma.span 7.88 dma.wait 5.90 ms (10 layers) · promo 143.4 MiB paced
[cache] step 1843 M=4 routed 960 hit 901 cpu 54 streamed 5 · resident 4430 pending 16 / 4446 · dma.span 3.61 dma.wait 2.62 ms (5 layers) · promo 143.4 MiB paced
[cache] step 1844 M=4 routed 960 hit 893 cpu 61 streamed 6 · resident 4430 pending 16 / 4446 · dma.span 4.32 dma.wait 3.10 ms (6 layers) · promo 125.5 MiB paced
[cache] step 1845 M=4 routed 960 hit 874 cpu 76 streamed 10 · resident 4430 pending 16 / 4446 · dma.span 7.19 dma.wait 5.24 ms (10 layers) · promo 107.6 MiB paced
[cache] step 1846 M=4 routed 960 hit 890 cpu 66 streamed 4 · resident 4430 pending 16 / 4446 · dma.span 2.88 dma.wait 2.07 ms (4 layers) · promo 107.6 MiB paced
[cache] step 1847 M=4 routed 960 hit 864 cpu 85 streamed 11 · resident 4430 pending 16 / 4446 · dma.span 7.87 dma.wait 5.73 ms (11 layers) · promo 143.4 MiB paced
[cache] step 1848 M=4 routed 960 hit 903 cpu 54 streamed 3 · resident 4430 pending 16 / 4446 · dma.span 2.17 dma.wait 1.58 ms (3 layers) · promo 107.6 MiB paced
[cache] step 1849 M=4 routed 960 hit 904 cpu 51 streamed 5 · resident 4430 pending 16 / 4446 · dma.span 3.51 dma.wait 2.54 ms (5 layers) · promo 143.4 MiB paced
[cache] step 1850 M=4 routed 960 hit 903 cpu 53 streamed 4 · resident 4430 pending 16 / 4446 · dma.span 2.89 dma.wait 2.07 ms (4 layers) · promo 107.6 MiB paced
[cache] step 1851 M=4 routed 960 hit 906 cpu 51 streamed 3 · resident 4430 pending 16 / 4446 · dma.span 2.15 dma.wait 1.56 ms (3 layers) · promo 143.4 MiB paced
[cache] step 1852 M=4 routed 960 hit 873 cpu 80 streamed 7 · resident 4430 pending 16 / 4446 · dma.span 4.97 dma.wait 3.52 ms (7 layers) · promo 125.5 MiB paced
[cache] step 1853 M=4 routed 960 hit 880 cpu 73 streamed 7 · resident 4430 pending 16 / 4446 · dma.span 4.98 dma.wait 3.55 ms (7 layers) · promo 125.5 MiB paced
[cache] step 1854 M=4 routed 960 hit 895 cpu 59 streamed 6 · resident 4430 pending 16 / 4446 · dma.span 4.26 dma.wait 3.05 ms (6 layers) · promo 143.4 MiB paced
[cache] step 1855 M=4 routed 960 hit 882 cpu 72 streamed 6 · resident 4430 pending 16 / 4446 · dma.span 4.31 dma.wait 3.08 ms (6 layers) · promo 107.6 MiB paced
[decode-sync M=4] layer waits 40 · host wait 16.19 ms (spin)
[profile M=4] total 39.42 ms: embed 0.01 segA.win 0.30 moe.gpu_experts 20.51 moe.cpu_experts 4.66 moe 0.02 segA.engram 0.95 segA.index 2.78 segA.comp 8.63 head 1.37 mtp.sync 0.19 · dma.span 11.33 dma.wait 8.12 ms (16 layers) · promo 107.6 MiB paced
[decode-host M=4] sync 0.25 · prep 1.93 · launch 1.77 · cpu 19.77 vs gpu 18.66 (cpu-bound layers 32/40) · tail 3.67 ms · next 0.15 · front 12.30 · post 0.72 · hprep 0.18 · gpu-idle 6.19 of 37.84 ms (cpu layers 37)
[decode-miss M=4] layers 0 · miss 0 · staged 0 · reuse 0 · copy 0 · cpu 0 (jobs 7705) · pred 0 used 0 (precision 0.00 · recall 0.00) · prefetch issued 0 used 0 busy 0 · cpu-first
[cache] step 1856 M=4 routed 960 hit 840 cpu 104 streamed 16 · resident 4430 pending 16 / 4446 · vram free 2414 MiB · dma.span 11.33 dma.wait 8.12 ms (16 layers) · promo 107.6 MiB paced
[cache] step 1857 M=4 routed 960 hit 901 cpu 53 streamed 6 · resident 4430 pending 16 / 4446 · dma.span 4.27 dma.wait 3.04 ms (6 layers) · promo 125.5 MiB paced
[cache] step 1858 M=4 routed 960 hit 888 cpu 65 streamed 7 · resident 4430 pending 16 / 4446 · dma.span 5.04 dma.wait 3.58 ms (7 layers) · promo 125.5 MiB paced
[cache] step 1859 M=4 routed 960 hit 867 cpu 83 streamed 10 · resident 4430 pending 16 / 4446 · dma.span 7.09 dma.wait 5.21 ms (10 layers) · promo 143.4 MiB paced
[cache] step 1860 M=4 routed 960 hit 821 cpu 117 streamed 21 · resident 4430 pending 16 / 4446 · dma.span 14.80 dma.wait 10.96 ms (20 layers) · promo 143.4 MiB paced
[cache] step 1861 M=4 routed 960 hit 882 cpu 71 streamed 7 · resident 4430 pending 16 / 4446 · dma.span 5.03 dma.wait 3.67 ms (7 layers) · promo 125.5 MiB paced
[cache] step 1862 M=4 routed 960 hit 857 cpu 91 streamed 12 · resident 4430 pending 16 / 4446 · dma.span 8.59 dma.wait 6.06 ms (12 layers) · promo 89.6 MiB paced
[mtp] batch S 4 draft 16.7 ms · no draft (T(S) 34.4 · T(S+1) 47.5 ms · skip 32)
[cache] step 1867 M=4 routed 960 hit 822 cpu 114 streamed 23 · resident 4438 pending 8 / 4446 · dma.span 16.39 dma.wait 11.62 ms (23 layers) · promo 125.5 MiB paced
[cache] step 1868 M=4 routed 960 hit 842 cpu 104 streamed 14 · resident 4430 pending 16 / 4446 · dma.span 9.96 dma.wait 7.08 ms (14 layers) · promo 89.6 MiB paced
[cache] step 1869 M=4 routed 960 hit 888 cpu 64 streamed 7 · resident 4430 pending 16 / 4446 · dma.span 5.00 dma.wait 3.68 ms (7 layers) · promo 107.6 MiB paced
[cache] step 1870 M=4 routed 960 hit 864 cpu 85 streamed 11 · resident 4430 pending 16 / 4446 · dma.span 7.88 dma.wait 5.69 ms (11 layers) · promo 71.7 MiB paced
[cache] step 1871 M=4 routed 960 hit 828 cpu 112 streamed 18 · resident 4430 pending 16 / 4446 · dma.span 12.70 dma.wait 9.19 ms (18 layers) · promo 107.6 MiB paced
[cache] step 1872 M=4 routed 960 hit 869 cpu 82 streamed 9 · resident 4430 pending 16 / 4446 · dma.span 6.39 dma.wait 4.55 ms (9 layers) · promo 125.5 MiB paced
[cache] step 1873 M=4 routed 960 hit 863 cpu 84 streamed 13 · resident 4430 pending 16 / 4446 · dma.span 9.25 dma.wait 6.60 ms (13 layers) · promo 35.9 MiB paced
[mtp] pos 34 draft 3.7 ms · verify 2 rows 51.9 ms · accepted 1/1 · conf [2.96,-0.12,-0.84,-0.10,1.95] · hit 240 cpu 163
[mtp] gate2 k 1 · expect 1.41 tok / 50.3 ms (T1 51.1) · got 1 tok / 52.8 ms · net 39.1 ms
[mtp] pos 35 draft 3.8 ms · verify 2 rows 52.8 ms · accepted 0/1 · conf [-0.19,0.60,1.39,2.39,2.95] · hit 245 cpu 168
[mtp] gate2 k 5 · expect 3.43 tok / 87.8 ms (T1 51.1) · got 1 tok / 92.6 ms · net 48.1 ms
[mtp] pos 36 draft 3.7 ms · verify 6 rows 92.6 ms · accepted 0/5 · conf [0.62,1.98,3.29,5.60,11.93] · hit 971 cpu 326
[mtp] gate2 k 5 · expect 3.38 tok / 88.7 ms (T1 51.1) · got 1 tok / 90.6 ms · net 54.4 ms
[mtp] pos 37 draft 4.2 ms · verify 6 rows 90.7 ms · accepted 0/5 · conf [0.18,1.65,3.06,6.08,13.45] · hit 999 cpu 310
[decode-sync M=6] layer waits 40 · host wait 153.71 ms (spin)
[profile M=6] total 197.76 ms: embed 0.03 segA.win 0.34 moe.gpu_experts 181.95 moe.cpu_experts 0.49 moe 0.01 segA.engram 1.05 segA.index 2.92 segA.comp 9.21 head 1.77 · dma.span 168.78 dma.wait 0.00 ms (40 layers) · promo 35.9 MiB paced
[decode-host M=6 verify] sync 0.25 · prep 10.71 · launch 2.44 · cpu 30.24 vs gpu 170.50 (cpu-bound layers 1/40) · tail 0.17 ms · next 0.05 · front 13.18 · post 0.60 · hprep 0.33 · gpu-idle 11.98 of 195.96 ms (cpu layers 40)
[mtp] gate2 k 5 · expect 5.23 tok / 89.1 ms (T1 51.1) · got 3 tok / 198.4 ms · net 78.3 ms
[mtp] pos 40 draft 3.9 ms · verify 6 rows 198.4 ms · accepted 2/5 · conf [2.52,3.88,5.84,13.78,2.11] · hit 1020 cpu 148
[hived] 30d23b0a0b2b0156: prefill 15 tok 206 ms · decode 25 tok 1000 ms (24.0 tok/s, batch 1) · hit 6549 cpu 2510 · resident 4341/4446 · mtp 11/29 in 14 steps · stop
[snapshot] pos 98399 d2h_bytes 5697280 host_bytes 97402916 async 1 delta 1
[runtime] elastic reclaim #43: evicted 472 · dropped promotions 38 (total) · 5.14 ms · slots 4446 → 3869
[runtime] vision encoder loaded (max 9216 patches) in 152 ms · VRAM free 527 MiB
[hived] d480b8de26828ec1: prefill chunk 1 M 203 · 0→203/203 · upper on · tail rows 0 · hit 16727 streamed 320 cpu 10351 dma_rows 21642 · cpu wait 734 ms span 746 ms · 1053 ms
[hived] d480b8de26828ec1: prefill total 203 rows in 1 chunks · hit 16727 streamed 320 cpu 10351 dma_rows 21642 · cpu wait 734 ms span 746 ms · 1055 ms
[hived] warm cache: 2048 experts in 1350 ms
[mtp] gate2 k 4 · expect 4.84 tok / 80.6 ms (T1 51.1) · got 2 tok / 51.9 ms · net 163.1 ms
[mtp] pos 205 draft 3.8 ms · verify 5 rows 51.9 ms · accepted 1/4 · conf [7.51,5.53,13.81,2.89,4.98] · hit 1034 cpu 107
[hived] d480b8de26828ec1: prefill 203 tok 1055 ms · decode 2 tok 1406 ms (0.7 tok/s, batch 1) · hit 1034 cpu 107 · resident 4438/4446 · mtp 1/4 in 1 steps · stop
[hived] d480b8de26828ec1: reuse 205/400 via live (session tokens 205 · common with live 205)
[runtime] elastic reclaim #44: evicted 577 · dropped promotions 38 (total) · 0.10 ms · slots 4446 → 3869
[hived] d480b8de26828ec1: prefill chunk 1 M 195 · 205→400/400 · upper on · tail rows 0 · hit 25842 streamed 320 cpu 7037 dma_rows 13921 · cpu wait 531 ms span 543 ms · 659 ms
[hived] d480b8de26828ec1: prefill total 195 rows in 1 chunks · hit 25842 streamed 320 cpu 7037 dma_rows 13921 · cpu wait 531 ms span 543 ms · 661 ms
[snapshot] pos 400 d2h_bytes 6059392 host_bytes 6068208 async 1 delta 0
[hived] warm cache: 927 experts in 581 ms
[mtp] gate2 k 4 · expect 4.77 tok / 74.9 ms (T1 51.1) · got 2 tok / 49.1 ms · net 165.0 ms
[mtp] pos 402 draft 3.6 ms · verify 5 rows 49.1 ms · accepted 1/4 · conf [11.16,4.37,11.18,1.52,1.84] · hit 1032 cpu 128
[hived] d480b8de26828ec1: prefill 195 tok 661 ms · decode 2 tok 642 ms (1.6 tok/s, batch 1) · hit 1032 cpu 128 · resident 4438/4446 · mtp 1/4 in 1 steps · stop
[snapshot] pos 98290 d2h_bytes 5698384 host_bytes 97301880 async 1 delta 1
[runtime] elastic reclaim #45: evicted 577 · dropped promotions 38 (total) · 0.16 ms · slots 4446 → 3869
[hived] 285cfe22de845cc6781c3bb3d55c26ca: prefill chunk 1 M 203 · 0→203/203 · upper on · tail rows 0 · hit 24434 streamed 320 cpu 5884 dma_rows 18402 · cpu wait 478 ms span 490 ms · 586 ms
[hived] 285cfe22de845cc6781c3bb3d55c26ca: prefill total 203 rows in 1 chunks · hit 24434 streamed 320 cpu 5884 dma_rows 18402 · cpu wait 478 ms span 490 ms · 588 ms
[hived] warm cache: 955 experts in 596 ms
[mtp] gate2 k 4 · expect 4.84 tok / 69.7 ms (T1 51.1) · got 2 tok / 43.4 ms · net 174.2 ms
[mtp] pos 205 draft 3.7 ms · verify 5 rows 43.4 ms · accepted 1/4 · conf [7.16,5.62,13.18,2.22,1.01] · hit 1049 cpu 116
[hived] 285cfe22de845cc6781c3bb3d55c26ca: prefill 203 tok 588 ms · decode 2 tok 644 ms (1.6 tok/s, batch 1) · hit 1049 cpu 116 · resident 4438/4446 · mtp 1/4 in 1 steps · stop
[hived] 285cfe22de845cc6781c3bb3d55c26ca: reuse 0/203 via reset (session tokens 0 · common with live 203)
[runtime] elastic reclaim #46: evicted 577 · dropped promotions 38 (total) · 0.13 ms · slots 4446 → 3869
[hived] 285cfe22de845cc6781c3bb3d55c26ca: prefill chunk 1 M 203 · 0→203/203 · upper on · tail rows 0 · hit 28506 streamed 320 cpu 4950 dma_rows 15264 · cpu wait 431 ms span 443 ms · 536 ms
[hived] 285cfe22de845cc6781c3bb3d55c26ca: prefill total 203 rows in 1 chunks · hit 28506 streamed 320 cpu 4950 dma_rows 15264 · cpu wait 431 ms span 443 ms · 538 ms
[hived] warm cache: 816 experts in 515 ms
[mtp] gate2 k 4 · expect 4.83 tok / 64.4 ms (T1 51.1) · got 2 tok / 31.2 ms · net 179.2 ms
[mtp] pos 205 draft 3.1 ms · verify 5 rows 31.2 ms · accepted 1/4 · conf [8.31,5.57,13.69,1.82,0.57] · hit 1140 cpu 56
[hived] 285cfe22de845cc6781c3bb3d55c26ca: prefill 203 tok 538 ms · decode 2 tok 550 ms (1.8 tok/s, batch 1) · hit 1140 cpu 56 · resident 4438/4446 · mtp 1/4 in 1 steps · stop
[snapshot] pos 98312 d2h_bytes 5698384 host_bytes 97322384 async 1 delta 1
[hived] 838ef95f873638c3: prefill chunk 1 M 21 · 0→21/21 · upper on · tail rows 0 · hit 3747 streamed 242 cpu 690 dma_rows 603 · cpu wait 116 ms span 127 ms · 218 ms
[hived] 838ef95f873638c3: prefill total 21 rows in 1 chunks · hit 3747 streamed 242 cpu 690 dma_rows 603 · cpu wait 116 ms span 127 ms · 220 ms
[mtp] gate2 k 4 · expect 4.85 tok / 57.8 ms (T1 51.1) · got 2 tok / 37.7 ms · net 186.1 ms
[mtp] pos 23 draft 4.0 ms · verify 5 rows 37.7 ms · accepted 1/4 · conf [7.00,3.72,6.54,14.90,2.16] · hit 1088 cpu 90
[hived] 838ef95f873638c3: prefill 21 tok 220 ms · decode 2 tok 42 ms (23.9 tok/s, batch 1) · hit 1088 cpu 90 · resident 4438/4446 · mtp 1/4 in 1 steps · stop
[snapshot] pos 49 d2h_bytes 5735920 host_bytes 5740524 async 1 delta 0
[hived] 3c15b9420108175d85a3473cac836a99: prefill chunk 1 M 16 · 0→16/16 · upper on · tail rows 0 · hit 2657 streamed 175 cpu 630 dma_rows 553 · cpu wait 101 ms span 111 ms · 171 ms
[hived] 3c15b9420108175d85a3473cac836a99: prefill total 16 rows in 1 chunks · hit 2657 streamed 175 cpu 630 dma_rows 553 · cpu wait 101 ms span 111 ms · 173 ms
[mtp] gate2 k 4 · expect 4.74 tok / 53.8 ms (T1 51.1) · got 5 tok / 69.0 ms · net 181.8 ms
[mtp] pos 21 draft 6.5 ms · verify 5 rows 69.0 ms · accepted 4/4 · conf [3.54,5.14,6.10,2.74,3.39] · hit 816 cpu 230
[mtp] gate2 k 4 · expect 4.97 tok / 56.8 ms (T1 51.1) · got 5 tok / 51.8 ms · net 183.9 ms
[mtp] pos 26 draft 4.8 ms · verify 5 rows 51.8 ms · accepted 4/4 · conf [16.26,15.58,14.26,13.10,10.05] · hit 933 cpu 172
[mtp] gate2 k 4 · expect 4.97 tok / 55.8 ms (T1 51.1) · got 5 tok / 60.8 ms · net 185.5 ms
[mtp] pos 31 draft 6.6 ms · verify 5 rows 60.9 ms · accepted 4/4 · conf [17.90,19.67,14.18,17.22,13.76] · hit 848 cpu 215
[mtp] gate2 k 4 · expect 4.94 tok / 56.8 ms (T1 51.1) · got 5 tok / 64.8 ms · net 186.5 ms
[mtp] pos 36 draft 5.3 ms · verify 5 rows 64.9 ms · accepted 4/4 · conf [15.85,13.02,12.17,4.67,7.67] · hit 854 cpu 214
[mtp] gate2 k 4 · expect 4.97 tok / 58.4 ms (T1 51.1) · got 5 tok / 65.8 ms · net 187.3 ms
[mtp] pos 41 draft 4.9 ms · verify 5 rows 65.8 ms · accepted 4/4 · conf [17.71,18.33,15.47,14.37,19.71] · hit 820 cpu 234
[mtp] gate2 k 4 · expect 4.97 tok / 59.9 ms (T1 51.1) · got 2 tok / 71.3 ms · net 187.7 ms
[mtp] pos 43 draft 4.9 ms · verify 5 rows 71.3 ms · accepted 1/4 · conf [16.19,15.35,15.51,11.97,13.27] · hit 812 cpu 249
[hived] 3c15b9420108175d85a3473cac836a99: prefill 16 tok 173 ms · decode 27 tok 417 ms (62.4 tok/s, batch 1) · hit 5083 cpu 1314 · resident 4438/4446 · mtp 21/24 in 6 steps · cancel
[hived] 3c15b9420108175d85a3473cac836a99: reuse 0/59 via reset (session tokens 0 · common with live 41)
[hived] 3c15b9420108175d85a3473cac836a99: prefill chunk 1 M 59 · 0→59/59 · upper on · tail rows 0 · hit 10690 streamed 312 cpu 1863 dma_rows 1607 · cpu wait 246 ms span 254 ms · 321 ms
[hived] 3c15b9420108175d85a3473cac836a99: prefill total 59 rows in 1 chunks · hit 10690 streamed 312 cpu 1863 dma_rows 1607 · cpu wait 246 ms span 254 ms · 323 ms
[mtp] gate2 k 4 · expect 4.21 tok / 62.2 ms (T1 51.1) · got 2 tok / 46.2 ms · net 148.3 ms
[mtp] pos 61 draft 4.4 ms · verify 5 rows 46.3 ms · accepted 1/4 · conf [4.58,4.68,11.66,-0.88,-0.55] · hit 1035 cpu 121
[hived] 3c15b9420108175d85a3473cac836a99: prefill 59 tok 323 ms · decode 2 tok 51 ms (19.7 tok/s, batch 1) · hit 1035 cpu 121 · resident 4438/4446 · mtp 1/4 in 1 steps · stop
[snapshot] pos 53 d2h_bytes 5739600 host_bytes 5744252 async 1 delta 0
[hived] ef033045cba03894: prefill chunk 1 M 19 · 0→19/19 · upper on · tail rows 0 · hit 3252 streamed 236 cpu 718 dma_rows 590 · cpu wait 119 ms span 127 ms · 217 ms
[hived] ef033045cba03894: prefill total 19 rows in 1 chunks · hit 3252 streamed 236 cpu 718 dma_rows 590 · cpu wait 119 ms span 127 ms · 219 ms
[mtp] gate2 k 4 · expect 4.63 tok / 59.0 ms (T1 51.1) · got 5 tok / 56.5 ms · net 169.6 ms
[mtp] pos 24 draft 8.0 ms · verify 5 rows 56.5 ms · accepted 4/4 · conf [3.32,4.18,4.06,1.93,2.10] · hit 929 cpu 182
[mtp] gate2 k 4 · expect 4.97 tok / 58.5 ms (T1 51.1) · got 5 tok / 43.1 ms · net 174.0 ms
[mtp] pos 29 draft 4.1 ms · verify 5 rows 43.1 ms · accepted 4/4 · conf [16.17,12.77,12.64,10.26,6.84] · hit 1039 cpu 117
[mtp] gate2 k 4 · expect 4.98 tok / 55.4 ms (T1 51.1) · got 5 tok / 52.9 ms · net 177.7 ms
[mtp] pos 34 draft 6.3 ms · verify 5 rows 52.9 ms · accepted 4/4 · conf [15.52,19.29,14.84,14.06,12.67] · hit 966 cpu 163
[mtp] gate2 k 4 · expect 4.95 tok / 54.9 ms (T1 51.1) · got 5 tok / 59.1 ms · net 180.9 ms
[mtp] pos 39 draft 4.6 ms · verify 5 rows 59.1 ms · accepted 4/4 · conf [13.72,11.89,11.81,4.68,6.88] · hit 932 cpu 180
[mtp] gate2 k 4 · expect 4.98 tok / 55.7 ms (T1 51.1) · got 5 tok / 55.0 ms · net 183.6 ms
[mtp] pos 44 draft 3.9 ms · verify 5 rows 55.1 ms · accepted 4/4 · conf [18.00,18.53,16.50,15.14,18.35] · hit 946 cpu 173
[mtp] gate2 k 4 · expect 4.98 tok / 55.6 ms (T1 51.1) · got 5 tok / 59.7 ms · net 185.8 ms
[mtp] pos 49 draft 4.1 ms · verify 5 rows 59.7 ms · accepted 4/4 · conf [16.68,15.27,15.95,11.25,12.53] · hit 918 cpu 189
[mtp] gate2 k 4 · expect 4.98 tok / 56.4 ms (T1 51.1) · got 2 tok / 55.7 ms · net 187.5 ms
[mtp] pos 51 draft 3.8 ms · verify 5 rows 55.8 ms · accepted 1/4 · conf [17.15,15.18,13.66,11.53,14.60] · hit 917 cpu 187
[hived] ef033045cba03894: prefill 19 tok 219 ms · decode 32 tok 417 ms (74.3 tok/s, batch 1) · hit 6647 cpu 1191 · resident 4438/4446 · mtp 25/28 in 7 steps · cancel
[snapshot] pos 35 d2h_bytes 5723040 host_bytes 5727476 async 1 delta 0
[hived] 500c8b0323013daf: prefill chunk 1 M 22 · 0→22/22 · upper on · tail rows 0 · hit 3931 streamed 208 cpu 808 dma_rows 541 · cpu wait 133 ms span 140 ms · 200 ms
[hived] 500c8b0323013daf: prefill total 22 rows in 1 chunks · hit 3931 streamed 208 cpu 808 dma_rows 541 · cpu wait 133 ms span 140 ms · 202 ms
[mtp] gate2 k 4 · expect 4.88 tok / 56.3 ms (T1 51.1) · got 2 tok / 42.0 ms · net 189.1 ms
[mtp] pos 24 draft 3.7 ms · verify 5 rows 42.1 ms · accepted 1/4 · conf [7.10,4.74,14.41,3.24,2.82] · hit 1054 cpu 109
[hived] 500c8b0323013daf: prefill 22 tok 202 ms · decode 2 tok 46 ms (21.8 tok/s, batch 1) · hit 1054 cpu 109 · resident 4438/4446 · mtp 1/4 in 1 steps · stop
[snapshot] pos 40 d2h_bytes 5728192 host_bytes 5732688 async 1 delta 0
[hived] fa96c27bab2de2b5: prefill chunk 1 M 16 · 0→16/16 · upper on · tail rows 0 · hit 2769 streamed 176 cpu 636 dma_rows 435 · cpu wait 106 ms span 114 ms · 172 ms
[hived] f1cb9efe534ab3d4: prefill total 26 rows in 1 chunks · hit 5101 streamed 178 cpu 660 dma_rows 479 · cpu wait 111 ms span 118 ms · 178 ms
[mtp] gate2 k 3 · expect 3.75 tok / 43.1 ms (T1 18.8) · got 4 tok / 28.9 ms · net 23.9 ms
[mtp] pos 30 draft 3.6 ms · verify 4 rows 28.9 ms · accepted 3/3 · conf [3.46,4.80,2.81,1.84,1.45] · hit 902 cpu 49
[mtp] gate2 k 3 · expect 3.33 tok / 40.2 ms (T1 18.8) · got 3 tok / 29.9 ms · net 22.9 ms
[mtp] pos 33 draft 3.8 ms · verify 4 rows 29.9 ms · accepted 2/3 · conf [7.46,4.74,0.48,0.89,0.52] · hit 882 cpu 70
[mtp] gate2 k 3 · expect 3.97 tok / 38.2 ms (T1 18.8) · got 4 tok / 26.0 ms · net 24.8 ms
[mtp] pos 37 draft 4.0 ms · verify 4 rows 26.1 ms · accepted 3/3 · conf [8.95,8.68,7.47,7.08,5.13] · hit 909 cpu 44
[mtp] gate2 k 3 · expect 3.97 tok / 35.7 ms (T1 18.8) · got 2 tok / 52.8 ms · net 26.9 ms
[mtp] pos 39 draft 3.7 ms · verify 4 rows 52.8 ms · accepted 1/3 · conf [9.09,10.13,11.30,0.92,1.33] · hit 751 cpu 156
[hived] f1cb9efe534ab3d4: prefill 26 tok 178 ms · decode 13 tok 153 ms (78.5 tok/s, batch 1) · hit 3444 cpu 319 · resident 4472/4480 · mtp 9/12 in 4 steps · stop
[snapshot] pos 85 d2h_bytes 5769040 host_bytes 5774076 async 1 delta 0
[runtime] elastic reclaim #7: evicted 576 · dropped promotions 1 (total) · 3.14 ms · slots 4480 → 3903
cudaMalloc(162.0 MiB) failed: out of memory (free 38.6 MiB / 97213.9 MiB)
[supervisor] ★ build dir=/hive/engine/build binary=/hive/engine/build/hived sha256=f4c1d3c591a8e176 elf-build-id=a3a2759857534a03c328de12539f9efd32e59deb mtime=2026-09-30 23:03:13 (HIVE_BUILD=build)
[model] dspark stages 3 · block 5 · experts 128/top3 · VRAM free 86993 MiB
[store] arena node 0: 137.8 GiB
[mtp] gate2 k 5 · expect 5.35 tok / 38.1 ms (T1 18.0) · got 6 tok / 34.2 ms · net 27.8 ms
[mtp] pos 143741 draft 3.1 ms · verify 6 rows 34.2 ms · accepted 5/5 · conf [4.50,3.87,2.01,3.93,4.85] · hit 1378 cpu 58
[mtp] gate2 k 1 · expect 1.34 tok / 23.7 ms (T1 18.0) · got 1 tok / 23.0 ms · net 21.7 ms
[mtp] pos 143742 draft 3.0 ms · verify 2 rows 23.0 ms · accepted 0/1 · conf [-0.88,-0.31,-0.34,1.60,0.06] · hit 444 cpu 35
[mtp] gate2 k 3 · expect 2.80 tok / 29.6 ms (T1 18.0) · got 4 tok / 33.0 ms · net 20.9 ms
[mtp] pos 143746 draft 3.3 ms · verify 4 rows 33.0 ms · accepted 3/3 · conf [2.62,0.55,1.24,1.12,2.19] · hit 874 cpu 72
[mtp] gate2 k 3 · expect 3.72 tok / 30.2 ms (T1 18.0) · got 3 tok / 71.4 ms · net 23.3 ms
[mtp] pos 143749 draft 3.3 ms · verify 4 rows 71.4 ms · accepted 2/3 · conf [4.02,2.06,3.24,11.55,-1.11] · hit 640 cpu 238
[hived] 7a0ffa0364ebc1d5: prefill 1923 tok 2147 ms · decode 1521 tok 20853 ms (72.9 tok/s, batch 1) · hit 413683 cpu 30629 · resident 4445/4446 · mtp 807/1151 in 559 steps · stop
[snapshot] pos 225 d2h_bytes 5897840 host_bytes 5904556 async 1 delta 0
[snapshot] pos 227 d2h_bytes 5899680 host_bytes 5906420 async 1 delta 0
[hived] 0b5be76b5512753b: prefill_pending=1 (multi-chunk)
[runtime] elastic reclaim #15: evicted 577 · dropped promotions 7 (total) · 0.06 ms · slots 4446 → 3869
[profile M=128] total 1263.89 ms: embed 9.53 hc.flat+gemm 20.96 hc.sinkhorn 1.94 hc.pre+norm 2.09 hc_attn 0.16 attn.q 18.12 attn.kv 5.04 attn.compress 29.67 attn.sparse 19.72 attn.wo 20.75 attention 0.12 hc_ffn 0.14 moe.router 5.72 moe.shared 17.24 moe.d2h 1.07 moe.router+shared 0.13 moe.sync 0.45 moe.gpu_experts 1015.16 moe.cpu_experts 94.11 moe 0.15 head 0.94 mtp.sync 0.67
[hived] 946b272e1683246f: prefill chunk 1 M 1354 · 0→1354/1354 · upper on · tail rows 128 · hit 121549 streamed 1316 cpu 10284 dma_rows 46007 · cpu wait 828 ms span 867 ms · 1265 ms
[hived] 0b5be76b5512753b: prefill chunk 1 M 262 · 0→262/1347 · upper on · tail rows 0 · hit 33245 streamed 1201 cpu 8473 dma_rows 21162 · cpu wait 816 ms span 854 ms · 1064 ms
[snapshot] pos 262 d2h_bytes 5932432 host_bytes 5939592 async 1 delta 0
[hived] 0b5be76b5512753b: prefix snapshot at 262 (upper on · 7 entries)
[hived] 946b272e1683246f: prefill total 1354 rows in 1 chunks · hit 121549 streamed 1316 cpu 10284 dma_rows 46007 · cpu wait 828 ms span 867 ms · 2348 ms
[snapshot] pos 1354 d2h_bytes 6937072 host_bytes 6957336 async 1 delta 0
[mtp] gate2 k 1 · expect 1.56 tok / 23.6 ms (T1 18.0) · got 2 tok / 52.4 ms · net -0.8 ms
[mtp] pos 1356 draft 5.3 ms · verify 2 rows 52.4 ms · accepted 1/1 · conf [0.42,0.08,-0.76,-0.13,-1.03] · hit 246 cpu 170
[mtp] pos 1356 draft 4.4 ms · gate2 no draft (conf0 -0.07 · T1 18.0 T2 29.3 T6 37.3 ms · skip 1)
[cache] step 12741 M=1 routed 240 hit 131 cpu 95 streamed 14 · resident 3869 pending 0 / 3869 · dma.span 9.90 dma.wait 8.26 ms (14 layers) · promo 0.0 MiB paced
[cache] step 12742 M=1 routed 240 hit 117 cpu 104 streamed 19 · resident 3869 pending 0 / 3869 · dma.span 13.43 dma.wait 11.25 ms (19 layers) · promo 0.0 MiB paced
[mtp] gate2 k 2 · expect 2.27 tok / 30.3 ms (T1 20.8) · got 2 tok / 68.6 ms · net 1.2 ms
[mtp] pos 1360 draft 5.1 ms · verify 3 rows 68.6 ms · accepted 1/2 · conf [3.43,-0.07,-0.06,0.61,-0.20] · hit 344 cpu 244
[mtp] gate2 k 1 · expect 1.56 tok / 29.3 ms (T1 20.8) · got 2 tok / 55.8 ms · net 0.7 ms
[mtp] pos 1362 draft 4.6 ms · verify 2 rows 55.8 ms · accepted 1/1 · conf [0.24,0.27,-0.52,-0.65,-1.62] · hit 236 cpu 182
[mtp] pos 1362 draft 4.0 ms · gate2 no draft (conf0 -0.55 · T1 20.8 T2 29.3 T6 37.3 ms · skip 1)
[cache] step 12748 M=1 routed 240 hit 124 cpu 99 streamed 17 · resident 3869 pending 0 / 3869 · dma.span 12.09 dma.wait 10.08 ms (17 layers) · promo 0.0 MiB paced
[cache] step 12749 M=1 routed 240 hit 152 cpu 77 streamed 11 · resident 3869 pending 0 / 3869 · dma.span 7.79 dma.wait 6.44 ms (11 layers) · promo 0.0 MiB paced
[mtp] gate2 k 5 · expect 3.45 tok / 37.3 ms (T1 24.5) · got 4 tok / 88.3 ms · net 8.3 ms
[mtp] pos 1368 draft 4.4 ms · verify 6 rows 88.3 ms · accepted 3/5 · conf [5.40,0.45,2.95,0.05,-0.11] · hit 782 cpu 360
[mtp] gate2 k 4 · expect 3.14 tok / 38.5 ms (T1 24.5) · got 4 tok / 82.1 ms · net 13.5 ms
[mtp] pos 1372 draft 4.4 ms · verify 5 rows 82.1 ms · accepted 3/4 · conf [7.14,0.44,1.58,-0.11,-1.29] · hit 632 cpu 339
[mtp] gate2 k 1 · expect 1.33 tok / 29.3 ms (T1 24.5) · got 1 tok / 46.4 ms · net 10.6 ms
[mtp] pos 1373 draft 4.1 ms · verify 2 rows 46.5 ms · accepted 0/1 · conf [-0.16,0.29,0.41,-0.31,-1.11] · hit 278 cpu 151
[mtp] gate2 k 3 · expect 3.01 tok / 38.5 ms (T1 24.5) · got 3 tok / 77.0 ms · net 14.5 ms
[mtp] pos 1376 draft 5.0 ms · verify 4 rows 77.1 ms · accepted 2/3 · conf [4.35,1.29,-0.10,-0.79,-0.84] · hit 512 cpu 282
[mtp] gate2 k 1 · expect 1.56 tok / 32.7 ms (T1 24.5) · got 2 tok / 42.8 ms · net 11.8 ms
[mtp] pos 1378 draft 4.5 ms · verify 2 rows 42.8 ms · accepted 1/1 · conf [0.64,-0.51,-0.01,0.02,2.42] · hit 264 cpu 156
[mtp] gate2 k 2 · expect 1.88 tok / 37.9 ms (T1 24.5) · got 1 tok / 64.0 ms · net 10.2 ms
[mtp] pos 1379 draft 4.3 ms · verify 3 rows 64.1 ms · accepted 0/2 · conf [0.16,0.80,2.43,-0.38,-0.78] · hit 419 cpu 216
[mtp] gate2 k 2 · expect 2.04 tok / 37.9 ms (T1 24.5) · got 2 tok / 68.3 ms · net 9.7 ms
[mtp] pos 1381 draft 4.3 ms · verify 3 rows 68.3 ms · accepted 1/2 · conf [1.86,-0.06,-0.09,-1.46,-1.73] · hit 379 cpu 240
[mtp] gate2 k 5 · expect 2.19 tok / 47.5 ms (T1 24.5) · got 5 tok / 103.4 ms · net 8.0 ms
[mtp] pos 1386 draft 4.9 ms · verify 6 rows 103.4 ms · accepted 4/5 · conf [0.92,0.24,0.02,0.03,-0.49] · hit 754 cpu 397
[mtp] pos 1386 draft 4.3 ms · gate2 no draft (conf0 -0.04 · T1 24.5 T2 34.8 T6 47.5 ms · skip 1)
[cache] step 12767 M=1 routed 240 hit 126 cpu 96 streamed 18 · resident 3869 pending 0 / 3869 · dma.span 12.75 dma.wait 10.61 ms (18 layers) · promo 0.0 MiB paced
[cache] step 12768 M=1 routed 240 hit 116 cpu 102 streamed 22 · resident 3869 pending 0 / 3869 · dma.span 15.66 dma.wait 13.01 ms (22 layers) · promo 0.0 MiB paced
[mtp] gate2 k 1 · expect 1.57 tok / 34.8 ms (T1 27.9) · got 2 tok / 49.7 ms · net 5.4 ms
[mtp] pos 1390 draft 4.3 ms · verify 2 rows 49.7 ms · accepted 1/1 · conf [0.70,-0.47,-1.10,-1.01,-0.71] · hit 248 cpu 169
[mtp] gate2 k 1 · expect 1.90 tok / 37.7 ms (T1 27.9) · got 2 tok / 51.3 ms · net 6.6 ms
[mtp] pos 1392 draft 4.1 ms · verify 2 rows 51.4 ms · accepted 1/1 · conf [2.32,-0.25,-1.25,-1.64,-1.45] · hit 242 cpu 176
[mtp] gate2 k 1 · expect 1.78 tok / 40.5 ms (T1 27.9) · got 2 tok / 46.2 ms · net 6.4 ms
[mtp] pos 1394 draft 3.7 ms · verify 2 rows 46.3 ms · accepted 1/1 · conf [1.03,-1.06,-1.65,-1.68,-0.96] · hit 271 cpu 152
[mtp] pos 1394 draft 4.1 ms · gate2 no draft (conf0 -0.44 · T1 27.9 T2 41.6 T6 47.5 ms · skip 1)
[cache] step 12776 M=1 routed 240 hit 133 cpu 92 streamed 15 · resident 3869 pending 0 / 3869 · dma.span 10.60 dma.wait 8.79 ms (15 layers) · promo 0.0 MiB paced
[hived] 0b5be76b5512753b: prefill chunk 2 M 1085 · 262→1347/1347 · upper on · tail rows 128 · hit 106124 streamed 939 cpu 6744 dma_rows 32692 · cpu wait 618 ms span 650 ms · 899 ms
[hived] 0b5be76b5512753b: prefill_pending=0
[hived] 0b5be76b5512753b: prefill total 1347 rows in 2 chunks · hit 139369 streamed 2140 cpu 15217 dma_rows 53854 · cpu wait 1434 ms span 1504 ms · 4482 ms
[snapshot] pos 1347 d2h_bytes 6930080 host_bytes 6950260 async 1 delta 0
[cache] step 12778 M=2 routed 480 hit 244 cpu 187 streamed 49 · resident 3869 pending 8 / 4446 · dma.span 34.48 dma.wait 29.54 ms (38 layers) · promo 0.0 MiB paced
[cache] step 12779 M=2 routed 480 hit 246 cpu 185 streamed 49 · resident 3869 pending 16 / 4446 · dma.span 34.51 dma.wait 29.59 ms (38 layers) · promo 125.5 MiB paced
[cache] step 12780 M=2 routed 480 hit 264 cpu 171 streamed 43 · resident 3877 pending 16 / 4446 · dma.span 30.33 dma.wait 25.57 ms (36 layers) · promo 107.6 MiB paced
[cache] step 12781 M=2 routed 480 hit 261 cpu 177 streamed 42 · resident 3885 pending 16 / 4446 · dma.span 29.67 dma.wait 24.98 ms (36 layers) · promo 125.5 MiB paced
[cache] step 12782 M=2 routed 480 hit 320 cpu 133 streamed 26 · resident 3893 pending 16 / 4446 · dma.span 18.36 dma.wait 14.81 ms (25 layers) · promo 143.4 MiB paced
[cache] step 12783 M=2 routed 480 hit 308 cpu 135 streamed 31 · resident 3901 pending 16 / 4446 · dma.span 21.86 dma.wait 18.00 ms (28 layers) · promo 107.6 MiB paced
[cache] step 12784 M=2 routed 480 hit 294 cpu 149 streamed 33 · resident 3909 pending 16 / 4446 · dma.span 23.36 dma.wait 19.19 ms (31 layers) · promo 71.7 MiB paced
[cache] step 12785 M=2 routed 480 hit 276 cpu 163 streamed 39 · resident 3917 pending 16 / 4446 · dma.span 27.49 dma.wait 23.35 ms (32 layers) · promo 107.6 MiB paced
[cache] step 12786 M=2 routed 480 hit 315 cpu 137 streamed 28 · resident 3925 pending 16 / 4446 · dma.span 19.81 dma.wait 16.29 ms (25 layers) · promo 89.6 MiB paced
[cache] step 12787 M=2 routed 480 hit 318 cpu 131 streamed 29 · resident 3933 pending 16 / 4446 · dma.span 20.48 dma.wait 16.80 ms (26 layers) · promo 107.6 MiB paced
[cache] step 12788 M=2 routed 480 hit 322 cpu 132 streamed 25 · resident 3941 pending 16 / 4446 · dma.span 17.72 dma.wait 14.07 ms (25 layers) · promo 107.6 MiB paced
[cache] step 12789 M=2 routed 480 hit 331 cpu 119 streamed 24 · resident 3949 pending 16 / 4446 · dma.span 16.90 dma.wait 13.43 ms (24 layers) · promo 125.5 MiB paced
[cache] step 12790 M=2 routed 480 hit 315 cpu 135 streamed 27 · resident 3957 pending 16 / 4446 · dma.span 18.97 dma.wait 15.65 ms (25 layers) · promo 125.5 MiB paced
[cache] step 12791 M=2 routed 480 hit 285 cpu 157 streamed 37 · resident 3965 pending 16 / 4446 · dma.span 26.16 dma.wait 21.85 ms (32 layers) · promo 89.6 MiB paced
[cache] step 12792 M=2 routed 480 hit 315 cpu 132 streamed 29 · resident 3973 pending 16 / 4446 · dma.span 20.44 dma.wait 16.40 ms (29 layers) · promo 89.6 MiB paced
[cache] step 12793 M=2 routed 480 hit 330 cpu 123 streamed 27 · resident 3981 pending 16 / 4446 · dma.span 18.99 dma.wait 15.35 ms (25 layers) · promo 107.6 MiB paced
[cache] step 12794 M=2 routed 480 hit 349 cpu 111 streamed 20 · resident 3989 pending 16 / 4446 · dma.span 14.08 dma.wait 11.24 ms (19 layers) · promo 125.5 MiB paced
[cache] step 12795 M=2 routed 480 hit 296 cpu 148 streamed 33 · resident 3997 pending 16 / 4446 · dma.span 23.27 dma.wait 19.19 ms (29 layers) · promo 125.5 MiB paced
[cache] step 12796 M=2 routed 480 hit 360 cpu 105 streamed 15 · resident 4005 pending 16 / 4446 · dma.span 10.60 dma.wait 8.53 ms (14 layers) · promo 107.6 MiB paced
[cache] step 12797 M=2 routed 480 hit 335 cpu 123 streamed 21 · resident 4013 pending 16 / 4446 · dma.span 14.86 dma.wait 11.89 ms (21 layers) · promo 107.6 MiB paced
[cache] step 12798 M=2 routed 480 hit 287 cpu 152 streamed 37 · resident 4021 pending 16 / 4446 · dma.span 26.07 dma.wait 21.60 ms (33 layers) · promo 143.4 MiB paced
[cache] step 12799 M=2 routed 480 hit 331 cpu 124 streamed 24 · resident 4029 pending 16 / 4446 · dma.span 16.92 dma.wait 13.78 ms (22 layers) · promo 107.6 MiB paced
[decode-sync M=2] layer waits 80 · host wait 14.10 ms (spin)
[profile M=2] total 40.68 ms: embed 0.01 segA.win 0.28 moe.gpu_experts 19.64 moe.cpu_experts 6.71 moe 0.02 segA.engram 0.94 segA.index 2.76 segA.comp 8.95 head 1.19 mtp.sync 0.18 · dma.span 16.97 dma.wait 12.78 ms (22 layers) · promo 107.6 MiB paced
[early-route M=2] layers 5600 · host ahead of front end 3967 · table on own stream 5600 · absorbed 0 (resync 0 · missing 0 · untrusted 0)
[decode-host M=2] sync 0.47 · prep 0.10 · launch 1.61 · cpu 21.42 vs gpu 19.41 (cpu-bound layers 38/40) · tail 5.67 ms · next 0.20 · front 11.90 · post 0.38 · hprep 0.14 · gpu-idle 7.29 of 39.33 ms (cpu layers 40)
[decode-miss M=2] layers 0 · miss 0 · staged 0 · reuse 0 · copy 0 · cpu 0 (jobs 3229) · pred 0 used 0 (precision 0.00 · recall 0.00) · prefetch issued 0 used 0 busy 0 · cpu-first
[cache] step 12800 M=2 routed 480 hit 343 cpu 113 streamed 24 · resident 4037 pending 16 / 4446 · vram free 2222 MiB · dma.span 16.97 dma.wait 12.78 ms (22 layers) · promo 107.6 MiB paced
[cache] step 12801 M=2 routed 480 hit 339 cpu 120 streamed 21 · resident 4045 pending 16 / 4446 · dma.span 14.82 dma.wait 12.00 ms (20 layers) · promo 107.6 MiB paced
[cache] step 12802 M=2 routed 480 hit 334 cpu 119 streamed 23 · resident 4053 pending 16 / 4446 · dma.span 16.15 dma.wait 12.99 ms (22 layers) · promo 107.6 MiB paced
[cache] step 12803 M=2 routed 480 hit 314 cpu 136 streamed 30 · resident 4061 pending 16 / 4446 · dma.span 21.14 dma.wait 17.25 ms (28 layers) · promo 143.4 MiB paced
[cache] step 12804 M=2 routed 480 hit 329 cpu 119 streamed 24 · resident 4069 pending 16 / 4446 · dma.span 16.88 dma.wait 14.14 ms (21 layers) · promo 125.5 MiB paced
[cache] step 12805 M=2 routed 480 hit 358 cpu 104 streamed 18 · resident 4077 pending 16 / 4446 · dma.span 12.74 dma.wait 9.90 ms (18 layers) · promo 107.6 MiB paced
[cache] step 12806 M=2 routed 480 hit 361 cpu 103 streamed 16 · resident 4085 pending 16 / 4446 · dma.span 11.24 dma.wait 9.00 ms (15 layers) · promo 107.6 MiB paced
[cache] step 12807 M=2 routed 480 hit 349 cpu 109 streamed 18 · resident 4093 pending 16 / 4446 · dma.span 12.71 dma.wait 10.05 ms (18 layers) · promo 107.6 MiB paced
[cache] step 12808 M=2 routed 480 hit 357 cpu 99 streamed 20 · resident 4101 pending 16 / 4446 · dma.span 14.08 dma.wait 11.41 ms (19 layers) · promo 125.5 MiB paced
[cache] step 12809 M=2 routed 480 hit 416 cpu 59 streamed 4 · resident 4109 pending 16 / 4446 · dma.span 2.85 dma.wait 2.24 ms (4 layers) · promo 89.6 MiB paced
[cache] step 12810 M=2 routed 480 hit 410 cpu 62 streamed 8 · resident 4117 pending 16 / 4446 · dma.span 5.65 dma.wait 4.42 ms (8 layers) · promo 89.6 MiB paced
[cache] step 12811 M=2 routed 480 hit 412 cpu 64 streamed 4 · resident 4125 pending 16 / 4446 · dma.span 2.82 dma.wait 2.20 ms (4 layers) · promo 143.4 MiB paced
[cache] step 12812 M=2 routed 480 hit 419 cpu 56 streamed 5 · resident 4133 pending 16 / 4446 · dma.span 3.54 dma.wait 2.78 ms (5 layers) · promo 107.6 MiB paced
[cache] step 12813 M=2 routed 480 hit 392 cpu 80 streamed 8 · resident 4141 pending 16 / 4446 · dma.span 5.68 dma.wait 4.36 ms (8 layers) · promo 125.5 MiB paced
[cache] step 12814 M=2 routed 480 hit 406 cpu 68 streamed 6 · resident 4149 pending 16 / 4446 · dma.span 4.20 dma.wait 3.24 ms (6 layers) · promo 143.4 MiB paced
[cache] step 12815 M=2 routed 480 hit 393 cpu 79 streamed 8 · resident 4157 pending 16 / 4446 · dma.span 5.67 dma.wait 4.48 ms (8 layers) · promo 143.4 MiB paced
[cache] step 12816 M=2 routed 480 hit 421 cpu 53 streamed 6 · resident 4165 pending 16 / 4446 · dma.span 4.23 dma.wait 3.23 ms (6 layers) · promo 143.4 MiB paced
[cache] step 12817 M=2 routed 480 hit 392 cpu 79 streamed 9 · resident 4173 pending 16 / 4446 · dma.span 6.36 dma.wait 4.95 ms (9 layers) · promo 89.6 MiB paced
[cache] step 12818 M=2 routed 480 hit 425 cpu 51 streamed 4 · resident 4181 pending 16 / 4446 · dma.span 2.84 dma.wait 2.22 ms (4 layers) · promo 125.5 MiB paced
[cache] step 12819 M=2 routed 480 hit 417 cpu 59 streamed 4 · resident 4189 pending 16 / 4446 · dma.span 2.84 dma.wait 2.22 ms (4 layers) · promo 89.6 MiB paced
[cache] step 12820 M=2 routed 480 hit 411 cpu 65 streamed 4 · resident 4197 pending 16 / 4446 · dma.span 2.85 dma.wait 2.23 ms (4 layers) · promo 89.6 MiB paced
[cache] step 12821 M=2 routed 480 hit 420 cpu 54 streamed 6 · resident 4205 pending 16 / 4446 · dma.span 4.22 dma.wait 3.28 ms (6 layers) · promo 107.6 MiB paced
[cache] step 12822 M=2 routed 480 hit 417 cpu 58 streamed 4 · resident 4213 pending 16 / 4446 · dma.span 2.83 dma.wait 2.21 ms (4 layers) · promo 107.6 MiB paced
[cache] step 12823 M=2 routed 480 hit 414 cpu 60 streamed 6 · resident 4221 pending 16 / 4446 · dma.span 4.24 dma.wait 3.28 ms (6 layers) · promo 107.6 MiB paced
[cache] step 12824 M=2 routed 480 hit 423 cpu 53 streamed 4 · resident 4229 pending 16 / 4446 · dma.span 2.86 dma.wait 2.22 ms (4 layers) · promo 143.4 MiB paced
[cache] step 12825 M=2 routed 480 hit 396 cpu 75 streamed 9 · resident 4237 pending 16 / 4446 · dma.span 6.35 dma.wait 4.88 ms (9 layers) · promo 107.6 MiB paced
[cache] step 12826 M=2 routed 480 hit 394 cpu 78 streamed 8 · resident 4245 pending 16 / 4446 · dma.span 5.73 dma.wait 4.46 ms (8 layers) · promo 107.6 MiB paced
[cache] step 12827 M=2 routed 480 hit 406 cpu 67 streamed 7 · resident 4253 pending 16 / 4446 · dma.span 4.96 dma.wait 3.94 ms (7 layers) · promo 107.6 MiB paced
[cache] step 12828 M=2 routed 480 hit 394 cpu 77 streamed 9 · resident 4261 pending 16 / 4446 · dma.span 6.43 dma.wait 5.04 ms (9 layers) · promo 143.4 MiB paced
[cache] step 12829 M=2 routed 480 hit 381 cpu 88 streamed 10 · resident 4269 pending 16 / 4446 · dma.span 7.14 dma.wait 5.66 ms (10 layers) · promo 125.5 MiB paced
[cache] step 12830 M=2 routed 480 hit 380 cpu 89 streamed 11 · resident 4277 pending 16 / 4446 · dma.span 7.83 dma.wait 6.19 ms (11 layers) · promo 107.6 MiB paced
[cache] step 12831 M=2 routed 480 hit 404 cpu 67 streamed 9 · resident 4285 pending 16 / 4446 · dma.span 6.37 dma.wait 5.06 ms (9 layers) · promo 143.4 MiB paced
[cache] step 12832 M=2 routed 480 hit 400 cpu 73 streamed 7 · resident 4293 pending 16 / 4446 · dma.span 4.99 dma.wait 3.93 ms (7 layers) · promo 125.5 MiB paced
[cache] step 12833 M=2 routed 480 hit 395 cpu 79 streamed 6 · resident 4301 pending 16 / 4446 · dma.span 4.31 dma.wait 3.45 ms (6 layers) · promo 143.4 MiB paced
[cache] step 12834 M=2 routed 480 hit 410 cpu 65 streamed 5 · resident 4309 pending 16 / 4446 · dma.span 3.56 dma.wait 2.74 ms (5 layers) · promo 125.5 MiB paced
[cache] step 12835 M=2 routed 480 hit 394 cpu 79 streamed 7 · resident 4317 pending 16 / 4446 · dma.span 4.93 dma.wait 3.88 ms (7 layers) · promo 125.5 MiB paced
[cache] step 12836 M=2 routed 480 hit 402 cpu 71 streamed 7 · resident 4325 pending 16 / 4446 · dma.span 5.00 dma.wait 3.93 ms (7 layers) · promo 107.6 MiB paced
[cache] step 12837 M=2 routed 480 hit 411 cpu 64 streamed 5 · resident 4333 pending 16 / 4446 · dma.span 3.57 dma.wait 2.78 ms (5 layers) · promo 143.4 MiB paced
[cache] step 12838 M=2 routed 480 hit 399 cpu 74 streamed 7 · resident 4341 pending 16 / 4446 · dma.span 4.92 dma.wait 3.84 ms (7 layers) · promo 107.6 MiB paced
[cache] step 12839 M=2 routed 480 hit 403 cpu 71 streamed 6 · resident 4349 pending 16 / 4446 · dma.span 4.29 dma.wait 3.43 ms (6 layers) · promo 143.4 MiB paced
[cache] step 12840 M=2 routed 480 hit 374 cpu 93 streamed 13 · resident 4357 pending 16 / 4446 · dma.span 9.17 dma.wait 7.18 ms (13 layers) · promo 125.5 MiB paced
[cache] step 12841 M=2 routed 480 hit 380 cpu 89 streamed 11 · resident 4365 pending 16 / 4446 · dma.span 7.78 dma.wait 6.02 ms (11 layers) · promo 125.5 MiB paced
[cache] step 12842 M=2 routed 480 hit 383 cpu 84 streamed 12 · resident 4373 pending 16 / 4446 · dma.span 8.51 dma.wait 6.60 ms (12 layers) · promo 89.6 MiB paced
[cache] step 12843 M=2 routed 480 hit 411 cpu 64 streamed 5 · resident 4381 pending 16 / 4446 · dma.span 3.55 dma.wait 2.78 ms (5 layers) · promo 71.7 MiB paced
[cache] step 12844 M=2 routed 480 hit 410 cpu 61 streamed 9 · resident 4389 pending 16 / 4446 · dma.span 6.33 dma.wait 4.92 ms (9 layers) · promo 89.6 MiB paced
[cache] step 12845 M=2 routed 480 hit 351 cpu 106 streamed 22 · resident 4397 pending 16 / 4446 · dma.span 15.53 dma.wait 12.18 ms (22 layers) · promo 125.5 MiB paced
[cache] step 12846 M=2 routed 480 hit 391 cpu 76 streamed 13 · resident 4405 pending 16 / 4446 · dma.span 9.18 dma.wait 7.12 ms (13 layers) · promo 107.6 MiB paced
[cache] step 12847 M=2 routed 480 hit 417 cpu 59 streamed 4 · resident 4413 pending 16 / 4446 · dma.span 2.84 dma.wait 2.21 ms (4 layers) · promo 125.5 MiB paced
[cache] step 12848 M=2 routed 480 hit 407 cpu 66 streamed 7 · resident 4421 pending 16 / 4446 · dma.span 4.99 dma.wait 3.91 ms (7 layers) · promo 143.4 MiB paced
[cache] step 12849 M=2 routed 480 hit 420 cpu 57 streamed 3 · resident 4429 pending 16 / 4446 · dma.span 2.11 dma.wait 1.67 ms (3 layers) · promo 143.4 MiB paced
[cache] step 12850 M=2 routed 480 hit 438 cpu 39 streamed 3 · resident 4430 pending 16 / 4446 · dma.span 2.11 dma.wait 1.65 ms (3 layers) · promo 143.4 MiB paced
[cache] step 12851 M=2 routed 480 hit 449 cpu 30 streamed 1 · resident 4430 pending 16 / 4446 · dma.span 0.70 dma.wait 0.53 ms (1 layers) · promo 143.4 MiB paced
[cache] step 12852 M=2 routed 480 hit 444 cpu 33 streamed 3 · resident 4430 pending 16 / 4446 · dma.span 2.14 dma.wait 1.70 ms (3 layers) · promo 125.5 MiB paced
[cache] step 12853 M=2 routed 480 hit 426 cpu 53 streamed 1 · resident 4430 pending 16 / 4446 · dma.span 0.71 dma.wait 0.55 ms (1 layers) · promo 125.5 MiB paced
[cache] step 12854 M=2 routed 480 hit 444 cpu 36 streamed 0 · resident 4430 pending 16 / 4446 · dma.span 0.00 dma.wait - ms (0 layers) · promo 143.4 MiB paced
[cache] step 12855 M=2 routed 480 hit 449 cpu 29 streamed 2 · resident 4430 pending 16 / 4446 · dma.span 1.40 dma.wait 1.06 ms (2 layers) · promo 143.4 MiB paced
[cache] step 12856 M=2 routed 480 hit 451 cpu 28 streamed 1 · resident 4430 pending 16 / 4446 · dma.span 0.71 dma.wait 0.57 ms (1 layers) · promo 143.4 MiB paced
[cache] step 12857 M=2 routed 480 hit 451 cpu 29 streamed 0 · resident 4430 pending 16 / 4446 · dma.span 0.00 dma.wait - ms (0 layers) · promo 125.5 MiB paced
[cache] step 12858 M=2 routed 480 hit 447 cpu 33 streamed 0 · resident 4430 pending 16 / 4446 · dma.span 0.00 dma.wait - ms (0 layers) · promo 125.5 MiB paced
[cache] step 12859 M=2 routed 480 hit 444 cpu 34 streamed 2 · resident 4430 pending 16 / 4446 · dma.span 1.40 dma.wait 1.07 ms (2 layers) · promo 143.4 MiB paced
[cache] step 12860 M=2 routed 480 hit 437 cpu 41 streamed 2 · resident 4430 pending 16 / 4446 · dma.span 1.40 dma.wait 1.08 ms (2 layers) · promo 125.5 MiB paced
[cache] step 12861 M=2 routed 480 hit 434 cpu 44 streamed 2 · resident 4430 pending 16 / 4446 · dma.span 1.41 dma.wait 1.09 ms (2 layers) · promo 143.4 MiB paced
[cache] step 12862 M=2 routed 480 hit 381 cpu 85 streamed 14 · resident 4430 pending 16 / 4446 · dma.span 9.89 dma.wait 7.80 ms (14 layers) · promo 143.4 MiB paced
[cache] step 12863 M=2 routed 480 hit 402 cpu 71 streamed 7 · resident 4430 pending 16 / 4446 · dma.span 4.94 dma.wait 3.87 ms (7 layers) · promo 89.6 MiB paced
[decode-sync M=2] layer waits 80 · host wait 12.67 ms (spin)
[profile M=2] total 29.54 ms: embed 0.01 segA.win 0.28 moe.gpu_experts 8.89 moe.cpu_experts 6.07 moe 0.04 segA.engram 0.93 segA.index 2.81 segA.comp 9.16 head 1.17 mtp.sync 0.18 · dma.span 3.54 dma.wait 2.52 ms (5 layers) · promo 125.5 MiB paced
[early-route M=2] layers 2560 · host ahead of front end 2035 · table on own stream 2560 · absorbed 0 (resync 0 · missing 0 · untrusted 0)
[decode-host M=2] sync 0.49 · prep 0.08 · launch 0.76 · cpu 12.72 vs gpu 8.50 (cpu-bound layers 37/40) · tail 5.47 ms · next 0.24 · front 12.07 · post 0.40 · hprep 0.14 · gpu-idle 7.18 of 28.21 ms (cpu layers 37)
[decode-miss M=2] layers 0 · miss 0 · staged 0 · reuse 0 · copy 0 · cpu 0 (jobs 4407) · pred 0 used 0 (precision 0.00 · recall 0.00) · prefetch issued 0 used 0 busy 0 · cpu-first
[cache] step 12864 M=2 routed 480 hit 407 cpu 68 streamed 5 · resident 4430 pending 16 / 4446 · vram free 2222 MiB · dma.span 3.54 dma.wait 2.52 ms (5 layers) · promo 125.5 MiB paced
[cache] step 12865 M=2 routed 480 hit 386 cpu 82 streamed 12 · resident 4430 pending 16 / 4446 · dma.span 8.46 dma.wait 6.56 ms (12 layers) · promo 143.4 MiB paced
[cache] step 12866 M=2 routed 480 hit 386 cpu 84 streamed 10 · resident 4430 pending 16 / 4446 · dma.span 7.09 dma.wait 5.53 ms (10 layers) · promo 125.5 MiB paced
[cache] step 12867 M=2 routed 480 hit 397 cpu 76 streamed 7 · resident 4430 pending 16 / 4446 · dma.span 4.95 dma.wait 3.90 ms (7 layers) · promo 107.6 MiB paced
[cache] step 12868 M=2 routed 480 hit 412 cpu 62 streamed 6 · resident 4430 pending 16 / 4446 · dma.span 4.22 dma.wait 3.20 ms (6 layers) · promo 107.6 MiB paced
[cache] step 12869 M=2 routed 480 hit 445 cpu 33 streamed 2 · resident 4430 pending 16 / 4446 · dma.span 1.41 dma.wait 1.09 ms (2 layers) · promo 107.6 MiB paced
[cache] step 12870 M=2 routed 480 hit 437 cpu 42 streamed 1 · resident 4430 pending 16 / 4446 · dma.span 0.70 dma.wait 0.53 ms (1 layers) · promo 143.4 MiB paced
[cache] step 12871 M=2 routed 480 hit 453 cpu 27 streamed 0 · resident 4430 pending 16 / 4446 · dma.span 0.00 dma.wait - ms (0 layers) · promo 143.4 MiB paced
[cache] step 12872 M=2 routed 480 hit 459 cpu 21 streamed 0 · resident 4430 pending 16 / 4446 · dma.span 0.00 dma.wait - ms (0 layers) · promo 125.5 MiB paced
[cache] step 12873 M=2 routed 480 hit 444 cpu 34 streamed 2 · resident 4430 pending 16 / 4446 · dma.span 1.42 dma.wait 1.14 ms (2 layers) · promo 107.6 MiB paced
[cache] step 12874 M=2 routed 480 hit 455 cpu 24 streamed 1 · resident 4430 pending 16 / 4446 · dma.span 0.69 dma.wait 0.53 ms (1 layers) · promo 125.5 MiB paced
[cache] step 12875 M=2 routed 480 hit 439 cpu 40 streamed 1 · resident 4430 pending 16 / 4446 · dma.span 0.70 dma.wait 0.56 ms (1 layers) · promo 143.4 MiB paced
[cache] step 12876 M=2 routed 480 hit 437 cpu 42 streamed 1 · resident 4430 pending 16 / 4446 · dma.span 0.73 dma.wait 0.59 ms (1 layers) · promo 143.4 MiB paced
[cache] step 12877 M=2 routed 480 hit 449 cpu 30 streamed 1 · resident 4430 pending 16 / 4446 · dma.span 0.70 dma.wait 0.55 ms (1 layers) · promo 107.6 MiB paced
[cache] step 12878 M=2 routed 480 hit 452 cpu 27 streamed 1 · resident 4430 pending 16 / 4446 · dma.span 0.72 dma.wait 0.56 ms (1 layers) · promo 143.4 MiB paced
[cache] step 12879 M=2 routed 480 hit 439 cpu 40 streamed 1 · resident 4430 pending 16 / 4446 · dma.span 0.69 dma.wait 0.53 ms (1 layers) · promo 125.5 MiB paced
[cache] step 12880 M=2 routed 480 hit 459 cpu 21 streamed 0 · resident 4430 pending 16 / 4446 · dma.span 0.00 dma.wait - ms (0 layers) · promo 125.5 MiB paced
[cache] step 12881 M=2 routed 480 hit 453 cpu 26 streamed 1 · resident 4430 pending 16 / 4446 · dma.span 0.70 dma.wait 0.54 ms (1 layers) · promo 143.4 MiB paced
[cache] step 12882 M=2 routed 480 hit 463 cpu 16 streamed 1 · resident 4430 pending 16 / 4446 · dma.span 0.70 dma.wait 0.55 ms (1 layers) · promo 143.4 MiB paced
[cache] step 12883 M=2 routed 480 hit 456 cpu 23 streamed 1 · resident 4430 pending 16 / 4446 · dma.span 0.72 dma.wait 0.57 ms (1 layers) · promo 143.4 MiB paced
[cache] step 12884 M=2 routed 480 hit 441 cpu 38 streamed 1 · resident 4430 pending 16 / 4446 · dma.span 0.72 dma.wait 0.55 ms (1 layers) · promo 143.4 MiB paced
[cache] step 12885 M=2 routed 480 hit 453 cpu 27 streamed 0 · resident 4430 pending 16 / 4446 · dma.span 0.00 dma.wait - ms (0 layers) · promo 143.4 MiB paced
[cache] step 12886 M=2 routed 480 hit 447 cpu 31 streamed 2 · resident 4430 pending 16 / 4446 · dma.span 1.40 dma.wait 1.07 ms (2 layers) · promo 143.4 MiB paced
[cache] step 12887 M=2 routed 480 hit 438 cpu 40 streamed 2 · resident 4430 pending 16 / 4446 · dma.span 1.40 dma.wait 1.10 ms (2 layers) · promo 143.4 MiB paced
[cache] step 12888 M=2 routed 480 hit 439 cpu 40 streamed 1 · resident 4430 pending 16 / 4446 · dma.span 0.70 dma.wait 0.53 ms (1 layers) · promo 125.5 MiB paced
[cache] step 12889 M=2 routed 480 hit 458 cpu 22 streamed 0 · resident 4430 pending 16 / 4446 · dma.span 0.00 dma.wait - ms (0 layers) · promo 143.4 MiB paced
[cache] step 12890 M=2 routed 480 hit 452 cpu 27 streamed 1 · resident 4430 pending 16 / 4446 · dma.span 0.71 dma.wait 0.54 ms (1 layers) · promo 143.4 MiB paced
[cache] step 12891 M=2 routed 480 hit 445 cpu 34 streamed 1 · resident 4430 pending 16 / 4446 · dma.span 0.71 dma.wait 0.57 ms (1 layers) · promo 143.4 MiB paced
[cache] step 12892 M=2 routed 480 hit 432 cpu 46 streamed 2 · resident 4430 pending 16 / 4446 · dma.span 1.40 dma.wait 1.07 ms (2 layers) · promo 143.4 MiB paced
[cache] step 12893 M=2 routed 480 hit 454 cpu 24 streamed 2 · resident 4430 pending 16 / 4446 · dma.span 1.43 dma.wait 1.09 ms (2 layers) · promo 143.4 MiB paced
[cache] step 12894 M=2 routed 480 hit 449 cpu 31 streamed 0 · resident 4430 pending 16 / 4446 · dma.span 0.00 dma.wait - ms (0 layers) · promo 125.5 MiB paced
[cache] step 12895 M=2 routed 480 hit 450 cpu 29 streamed 1 · resident 4430 pending 16 / 4446 · dma.span 0.70 dma.wait 0.56 ms (1 layers) · promo 143.4 MiB paced
[cache] step 12896 M=2 routed 480 hit 447 cpu 32 streamed 1 · resident 4430 pending 16 / 4446 · dma.span 0.73 dma.wait 0.58 ms (1 layers) · promo 143.4 MiB paced
[cache] step 12897 M=2 routed 480 hit 434 cpu 44 streamed 2 · resident 4430 pending 16 / 4446 · dma.span 1.42 dma.wait 1.11 ms (2 layers) · promo 125.5 MiB paced
[cache] step 12898 M=2 routed 480 hit 451 cpu 28 streamed 1 · resident 4430 pending 16 / 4446 · dma.span 0.71 dma.wait 0.55 ms (1 layers) · promo 143.4 MiB paced
[cache] step 12899 M=2 routed 480 hit 452 cpu 28 streamed 0 · resident 4430 pending 16 / 4446 · dma.span 0.00 dma.wait - ms (0 layers) · promo 125.5 MiB paced
[cache] step 12900 M=2 routed 480 hit 458 cpu 21 streamed 1 · resident 4430 pending 16 / 4446 · dma.span 0.70 dma.wait 0.53 ms (1 layers) · promo 125.5 MiB paced
[cache] step 12901 M=2 routed 480 hit 449 cpu 31 streamed 0 · resident 4430 pending 16 / 4446 · dma.span 0.00 dma.wait - ms (0 layers) · promo 107.6 MiB paced
[cache] step 12902 M=2 routed 480 hit 452 cpu 27 streamed 1 · resident 4430 pending 16 / 4446 · dma.span 0.71 dma.wait 0.55 ms (1 layers) · promo 143.4 MiB paced
[cache] step 12903 M=2 routed 480 hit 456 cpu 24 streamed 0 · resident 4430 pending 16 / 4446 · dma.span 0.00 dma.wait - ms (0 layers) · promo 143.4 MiB paced
[cache] step 12904 M=2 routed 480 hit 455 cpu 25 streamed 0 · resident 4430 pending 16 / 4446 · dma.span 0.00 dma.wait - ms (0 layers) · promo 143.4 MiB paced
[cache] step 12905 M=2 routed 480 hit 449 cpu 29 streamed 2 · resident 4430 pending 16 / 4446 · dma.span 1.40 dma.wait 1.07 ms (2 layers) · promo 143.4 MiB paced
[cache] step 12906 M=2 routed 480 hit 435 cpu 44 streamed 1 · resident 4430 pending 16 / 4446 · dma.span 0.70 dma.wait 0.53 ms (1 layers) · promo 125.5 MiB paced
[cache] step 12907 M=2 routed 480 hit 434 cpu 45 streamed 1 · resident 4430 pending 16 / 4446 · dma.span 0.70 dma.wait 0.56 ms (1 layers) · promo 143.4 MiB paced
[cache] step 12908 M=2 routed 480 hit 448 cpu 30 streamed 2 · resident 4430 pending 16 / 4446 · dma.span 1.42 dma.wait 1.09 ms (2 layers) · promo 125.5 MiB paced
[cache] step 12909 M=2 routed 480 hit 458 cpu 21 streamed 1 · resident 4430 pending 16 / 4446 · dma.span 0.71 dma.wait 0.57 ms (1 layers) · promo 143.4 MiB paced
[cache] step 12910 M=2 routed 480 hit 458 cpu 22 streamed 0 · resident 4430 pending 16 / 4446 · dma.span 0.00 dma.wait - ms (0 layers) · promo 143.4 MiB paced
[cache] step 12911 M=2 routed 480 hit 431 cpu 47 streamed 2 · resident 4430 pending 16 / 4446 · dma.span 1.40 dma.wait 1.10 ms (2 layers) · promo 143.4 MiB paced
[cache] step 12912 M=2 routed 480 hit 440 cpu 39 streamed 1 · resident 4430 pending 16 / 4446 · dma.span 0.72 dma.wait 0.56 ms (1 layers) · promo 125.5 MiB paced
[cache] step 12913 M=2 routed 480 hit 456 cpu 24 streamed 0 · resident 4430 pending 16 / 4446 · dma.span 0.00 dma.wait - ms (0 layers) · promo 143.4 MiB paced
[cache] step 12914 M=2 routed 480 hit 433 cpu 47 streamed 0 · resident 4430 pending 16 / 4446 · dma.span 0.00 dma.wait - ms (0 layers) · promo 125.5 MiB paced
[cache] step 12915 M=2 routed 480 hit 454 cpu 25 streamed 1 · resident 4430 pending 16 / 4446 · dma.span 0.70 dma.wait 0.52 ms (1 layers) · promo 125.5 MiB paced
[cache] step 12916 M=2 routed 480 hit 462 cpu 18 streamed 0 · resident 4430 pending 16 / 4446 · dma.span 0.00 dma.wait - ms (0 layers) · promo 143.4 MiB paced
[cache] step 12917 M=2 routed 480 hit 469 cpu 11 streamed 0 · resident 4430 pending 16 / 4446 · dma.span 0.00 dma.wait - ms (0 layers) · promo 143.4 MiB paced
[cache] step 12918 M=2 routed 480 hit 460 cpu 20 streamed 0 · resident 4430 pending 16 / 4446 · dma.span 0.00 dma.wait - ms (0 layers) · promo 143.4 MiB paced
[cache] step 12919 M=2 routed 480 hit 455 cpu 24 streamed 1 · resident 4430 pending 16 / 4446 · dma.span 0.70 dma.wait 0.55 ms (1 layers) · promo 143.4 MiB paced
[cache] step 12920 M=2 routed 480 hit 448 cpu 31 streamed 1 · resident 4431 pending 15 / 4446 · dma.span 0.71 dma.wait 0.53 ms (1 layers) · promo 125.5 MiB paced
[cache] step 12921 M=2 routed 480 hit 452 cpu 28 streamed 0 · resident 4431 pending 15 / 4446 · dma.span 0.00 dma.wait - ms (0 layers) · promo 125.5 MiB paced
[cache] step 12922 M=2 routed 480 hit 471 cpu 9 streamed 0 · resident 4433 pending 13 / 4446 · dma.span 0.00 dma.wait - ms (0 layers) · promo 143.4 MiB paced
[cache] step 12923 M=2 routed 480 hit 447 cpu 32 streamed 1 · resident 4435 pending 11 / 4446 · dma.span 0.70 dma.wait 0.56 ms (1 layers) · promo 89.6 MiB paced
[cache] step 12924 M=2 routed 480 hit 436 cpu 42 streamed 2 · resident 4432 pending 14 / 4446 · dma.span 1.41 dma.wait 1.13 ms (2 layers) · promo 107.6 MiB paced
[cache] step 12925 M=2 routed 480 hit 453 cpu 27 streamed 0 · resident 4430 pending 16 / 4446 · dma.span 0.00 dma.wait - ms (0 layers) · promo 89.6 MiB paced
[cache] step 12926 M=2 routed 480 hit 442 cpu 37 streamed 1 · resident 4430 pending 16 / 4446 · dma.span 0.70 dma.wait 0.53 ms (1 layers) · promo 143.4 MiB paced
[cache] step 12927 M=2 routed 480 hit 442 cpu 37 streamed 1 · resident 4430 pending 16 / 4446 · dma.span 0.70 dma.wait 0.54 ms (1 layers) · promo 125.5 MiB paced
[decode-sync M=2] layer waits 80 · host wait 14.34 ms (spin)
[profile M=2] total 25.17 ms: embed 0.01 segA.win 0.28 moe.gpu_experts 7.59 moe.cpu_experts 3.21 moe 0.02 segA.engram 0.93 segA.index 2.76 segA.comp 9.02 head 1.18 mtp.sync 0.17 · dma.span 2.13 dma.wait 1.58 ms (3 layers) · promo 143.4 MiB paced
[early-route M=2] layers 2560 · host ahead of front end 2453 · table on own stream 2560 · absorbed 0 (resync 0 · missing 0 · untrusted 0)
[decode-host M=2] sync 0.49 · prep 0.06 · launch 0.62 · cpu 7.23 vs gpu 7.23 (cpu-bound layers 23/40) · tail 2.75 ms · next 0.13 · front 11.97 · post 0.40 · hprep 0.13 · gpu-idle 4.36 of 23.86 ms (cpu layers 23)
[decode-miss M=2] layers 0 · miss 0 · staged 0 · reuse 0 · copy 0 · cpu 0 (jobs 2121) · pred 0 used 0 (precision 0.00 · recall 0.00) · prefetch issued 0 used 0 busy 0 · cpu-first
[cache] step 12928 M=2 routed 480 hit 441 cpu 36 streamed 3 · resident 4430 pending 16 / 4446 · vram free 2222 MiB · dma.span 2.13 dma.wait 1.58 ms (3 layers) · promo 143.4 MiB paced
[cache] step 12929 M=2 routed 480 hit 427 cpu 49 streamed 4 · resident 4430 pending 16 / 4446 · dma.span 2.82 dma.wait 2.26 ms (4 layers) · promo 143.4 MiB paced
[cache] step 12930 M=2 routed 480 hit 438 cpu 40 streamed 2 · resident 4430 pending 16 / 4446 · dma.span 1.39 dma.wait 1.09 ms (2 layers) · promo 143.4 MiB paced
[cache] step 12931 M=2 routed 480 hit 454 cpu 26 streamed 0 · resident 4430 pending 16 / 4446 · dma.span 0.00 dma.wait - ms (0 layers) · promo 143.4 MiB paced
[cache] step 12932 M=2 routed 480 hit 453 cpu 27 streamed 0 · resident 4434 pending 12 / 4446 · dma.span 0.00 dma.wait - ms (0 layers) · promo 143.4 MiB paced
[cache] step 12933 M=2 routed 480 hit 460 cpu 19 streamed 1 · resident 4436 pending 10 / 4446 · dma.span 0.71 dma.wait 0.54 ms (1 layers) · promo 53.8 MiB paced
[cache] step 12934 M=2 routed 480 hit 466 cpu 13 streamed 1 · resident 4436 pending 10 / 4446 · dma.span 0.70 dma.wait 0.53 ms (1 layers) · promo 107.6 MiB paced
[cache] step 12935 M=2 routed 480 hit 456 cpu 23 streamed 1 · resident 4437 pending 9 / 4446 · dma.span 0.71 dma.wait 0.56 ms (1 layers) · promo 53.8 MiB paced
[cache] step 12936 M=2 routed 480 hit 466 cpu 14 streamed 0 · resident 4438 pending 8 / 4446 · dma.span 0.00 dma.wait - ms (0 layers) · promo 89.6 MiB paced
[cache] step 12937 M=2 routed 480 hit 456 cpu 24 streamed 0 · resident 4441 pending 5 / 4446 · dma.span 0.00 dma.wait - ms (0 layers) · promo 53.8 MiB paced
[cache] step 12938 M=2 routed 480 hit 445 cpu 34 streamed 1 · resident 4437 pending 9 / 4446 · dma.span 0.71 dma.wait 0.58 ms (1 layers) · promo 35.9 MiB paced
[cache] step 12939 M=2 routed 480 hit 461 cpu 19 streamed 0 · resident 4436 pending 10 / 4446 · dma.span 0.00 dma.wait - ms (0 layers) · promo 107.6 MiB paced
[cache] step 12940 M=2 routed 480 hit 454 cpu 24 streamed 1 · resident 4435 pending 11 / 4446 · dma.span 0.70 dma.wait 0.55 ms (1 layers) · promo 53.8 MiB paced
[cache] step 12941 M=2 routed 480 hit 455 cpu 24 streamed 1 · resident 4431 pending 15 / 4446 · dma.span 0.71 dma.wait 0.54 ms (1 layers) · promo 125.5 MiB paced
[cache] step 12942 M=2 routed 480 hit 446 cpu 33 streamed 1 · resident 4431 pending 15 / 4446 · dma.span 0.72 dma.wait 0.56 ms (1 layers) · promo 125.5 MiB paced
[cache] step 12943 M=2 routed 480 hit 460 cpu 20 streamed 0 · resident 4435 pending 11 / 4446 · dma.span 0.00 dma.wait - ms (0 layers) · promo 143.4 MiB paced
[cache] step 12944 M=2 routed 480 hit 431 cpu 46 streamed 3 · resident 4438 pending 8 / 4446 · dma.span 2.14 dma.wait 1.75 ms (3 layers) · promo 53.8 MiB paced
[cache] step 12945 M=2 routed 480 hit 450 cpu 29 streamed 1 · resident 4433 pending 13 / 4446 · dma.span 0.70 dma.wait 0.54 ms (1 layers) · promo 71.7 MiB paced
[cache] step 12946 M=2 routed 480 hit 429 cpu 48 streamed 3 · resident 4430 pending 16 / 4446 · dma.span 2.12 dma.wait 1.70 ms (3 layers) · promo 143.4 MiB paced
[cache] step 12947 M=2 routed 480 hit 409 cpu 65 streamed 6 · resident 4430 pending 16 / 4446 · dma.span 4.27 dma.wait 3.38 ms (6 layers) · promo 143.4 MiB paced
[cache] step 12948 M=2 routed 480 hit 407 cpu 68 streamed 5 · resident 4430 pending 16 / 4446 · dma.span 3.60 dma.wait 2.81 ms (5 layers) · promo 125.5 MiB paced
[cache] step 12949 M=2 routed 480 hit 429 cpu 48 streamed 3 · resident 4430 pending 16 / 4446 · dma.span 2.12 dma.wait 1.64 ms (3 layers) · promo 89.6 MiB paced
[cache] step 12950 M=2 routed 480 hit 426 cpu 51 streamed 3 · resident 4430 pending 16 / 4446 · dma.span 2.15 dma.wait 1.75 ms (3 layers) · promo 143.4 MiB paced
[cache] step 12951 M=2 routed 480 hit 432 cpu 45 streamed 3 · resident 4430 pending 16 / 4446 · dma.span 2.11 dma.wait 1.63 ms (3 layers) · promo 143.4 MiB paced
[cache] step 12952 M=2 routed 480 hit 391 cpu 81 streamed 8 · resident 4430 pending 16 / 4446 · dma.span 5.70 dma.wait 4.45 ms (8 layers) · promo 143.4 MiB paced
[cache] step 12953 M=2 routed 480 hit 440 cpu 38 streamed 2 · resident 4430 pending 16 / 4446 · dma.span 1.40 dma.wait 1.06 ms (2 layers) · promo 107.6 MiB paced
[cache] step 12954 M=2 routed 480 hit 443 cpu 36 streamed 1 · resident 4430 pending 16 / 4446 · dma.span 0.72 dma.wait 0.56 ms (1 layers) · promo 125.5 MiB paced
[cache] step 12955 M=2 routed 480 hit 434 cpu 43 streamed 3 · resident 4430 pending 16 / 4446 · dma.span 2.11 dma.wait 1.63 ms (3 layers) · promo 89.6 MiB paced
[cache] step 12956 M=2 routed 480 hit 442 cpu 38 streamed 0 · resident 4430 pending 16 / 4446 · dma.span 0.00 dma.wait - ms (0 layers) · promo 107.6 MiB paced
[cache] step 12957 M=2 routed 480 hit 433 cpu 45 streamed 2 · resident 4430 pending 16 / 4446 · dma.span 1.43 dma.wait 1.13 ms (2 layers) · promo 143.4 MiB paced
[cache] step 12958 M=2 routed 480 hit 449 cpu 30 streamed 1 · resident 4430 pending 16 / 4446 · dma.span 0.70 dma.wait 0.53 ms (1 layers) · promo 125.5 MiB paced
[cache] step 12959 M=2 routed 480 hit 439 cpu 38 streamed 3 · resident 4430 pending 16 / 4446 · dma.span 2.13 dma.wait 1.66 ms (3 layers) · promo 125.5 MiB paced
[cache] step 12960 M=2 routed 480 hit 458 cpu 22 streamed 0 · resident 4432 pending 14 / 4446 · dma.span 0.00 dma.wait - ms (0 layers) · promo 125.5 MiB paced
[cache] step 12961 M=2 routed 480 hit 446 cpu 33 streamed 1 · resident 4439 pending 7 / 4446 · dma.span 0.70 dma.wait 0.53 ms (1 layers) · promo 71.7 MiB paced
[cache] step 12962 M=2 routed 480 hit 452 cpu 28 streamed 0 · resident 4440 pending 6 / 4446 · dma.span 0.00 dma.wait - ms (0 layers) · promo 17.9 MiB paced
[cache] step 12963 M=2 routed 480 hit 446 cpu 32 streamed 2 · resident 4434 pending 12 / 4446 · dma.span 1.42 dma.wait 1.11 ms (2 layers) · promo 89.6 MiB paced
[cache] step 12964 M=2 routed 480 hit 455 cpu 24 streamed 1 · resident 4434 pending 12 / 4446 · dma.span 0.71 dma.wait 0.55 ms (1 layers) · promo 125.5 MiB paced
[cache] step 12965 M=2 routed 480 hit 454 cpu 26 streamed 0 · resident 4434 pending 12 / 4446 · dma.span 0.00 dma.wait - ms (0 layers) · promo 71.7 MiB paced
[cache] step 12966 M=2 routed 480 hit 444 cpu 35 streamed 1 · resident 4437 pending 9 / 4446 · dma.span 0.74 dma.wait 0.59 ms (1 layers) · promo 125.5 MiB paced
[cache] step 12967 M=2 routed 480 hit 455 cpu 25 streamed 0 · resident 4441 pending 5 / 4446 · dma.span 0.00 dma.wait - ms (0 layers) · promo 35.9 MiB paced
[cache] step 12968 M=2 routed 480 hit 438 cpu 40 streamed 2 · resident 4435 pending 11 / 4446 · dma.span 2.01 dma.wait 1.71 ms (2 layers) · promo 35.9 MiB paced
[cache] step 12969 M=2 routed 480 hit 442 cpu 36 streamed 2 · resident 4431 pending 15 / 4446 · dma.span 1.43 dma.wait 1.13 ms (2 layers) · promo 143.4 MiB paced
[cache] step 12970 M=2 routed 480 hit 450 cpu 29 streamed 1 · resident 4433 pending 13 / 4446 · dma.span 0.72 dma.wait 0.57 ms (1 layers) · promo 125.5 MiB paced
[cache] step 12971 M=2 routed 480 hit 442 cpu 36 streamed 2 · resident 4432 pending 14 / 4446 · dma.span 1.40 dma.wait 1.11 ms (2 layers) · promo 89.6 MiB paced
[cache] step 12972 M=2 routed 480 hit 441 cpu 38 streamed 1 · resident 4433 pending 13 / 4446 · dma.span 0.70 dma.wait 0.58 ms (1 layers) · promo 125.5 MiB paced
[cache] step 12973 M=2 routed 480 hit 447 cpu 31 streamed 1 · resident 4436 pending 10 / 4446 · dma.span 0.70 dma.wait 0.60 ms (1 layers) · promo 89.6 MiB paced
[cache] step 12974 M=2 routed 480 hit 434 cpu 44 streamed 2 · resident 4434 pending 12 / 4446 · dma.span 1.40 dma.wait 1.07 ms (2 layers) · promo 89.6 MiB paced
[cache] step 12975 M=2 routed 480 hit 430 cpu 48 streamed 2 · resident 4431 pending 15 / 4446 · dma.span 1.41 dma.wait 1.07 ms (2 layers) · promo 107.6 MiB paced
[cache] step 12976 M=2 routed 480 hit 428 cpu 49 streamed 3 · resident 4432 pending 14 / 4446 · dma.span 2.13 dma.wait 1.73 ms (3 layers) · promo 125.5 MiB paced
[cache] step 12977 M=2 routed 480 hit 427 cpu 52 streamed 1 · resident 4432 pending 14 / 4446 · dma.span 0.70 dma.wait 0.53 ms (1 layers) · promo 71.7 MiB paced
[cache] step 12978 M=2 routed 480 hit 421 cpu 55 streamed 4 · resident 4430 pending 16 / 4446 · dma.span 2.84 dma.wait 2.18 ms (4 layers) · promo 107.6 MiB paced
[cache] step 12979 M=2 routed 480 hit 416 cpu 60 streamed 4 · resident 4430 pending 16 / 4446 · dma.span 2.85 dma.wait 2.21 ms (4 layers) · promo 125.5 MiB paced
[cache] step 12980 M=2 routed 480 hit 421 cpu 56 streamed 3 · resident 4430 pending 16 / 4446 · dma.span 2.16 dma.wait 1.79 ms (3 layers) · promo 125.5 MiB paced
[cache] step 12981 M=2 routed 480 hit 448 cpu 31 streamed 1 · resident 4432 pending 14 / 4446 · dma.span 0.71 dma.wait 0.56 ms (1 layers) · promo 125.5 MiB paced
[cache] step 12982 M=2 routed 480 hit 431 cpu 47 streamed 2 · resident 4432 pending 14 / 4446 · dma.span 1.45 dma.wait 1.18 ms (2 layers) · promo 89.6 MiB paced
[cache] step 12983 M=2 routed 480 hit 406 cpu 66 streamed 8 · resident 4430 pending 16 / 4446 · dma.span 5.67 dma.wait 4.50 ms (8 layers) · promo 143.4 MiB paced
[cache] step 12984 M=2 routed 480 hit 425 cpu 50 streamed 5 · resident 4430 pending 16 / 4446 · dma.span 3.51 dma.wait 2.80 ms (5 layers) · promo 143.4 MiB paced
[cache] step 12985 M=2 routed 480 hit 420 cpu 56 streamed 4 · resident 4430 pending 16 / 4446 · dma.span 2.83 dma.wait 2.24 ms (4 layers) · promo 107.6 MiB paced
[cache] step 12986 M=2 routed 480 hit 435 cpu 43 streamed 2 · resident 4430 pending 16 / 4446 · dma.span 1.40 dma.wait 1.07 ms (2 layers) · promo 107.6 MiB paced
[cache] step 12987 M=2 routed 480 hit 430 cpu 48 streamed 2 · resident 4430 pending 16 / 4446 · dma.span 1.41 dma.wait 1.10 ms (2 layers) · promo 143.4 MiB paced
[cache] step 12988 M=2 routed 480 hit 438 cpu 41 streamed 1 · resident 4430 pending 16 / 4446 · dma.span 0.71 dma.wait 0.54 ms (1 layers) · promo 125.5 MiB paced
[cache] step 12989 M=2 routed 480 hit 442 cpu 36 streamed 2 · resident 4430 pending 16 / 4446 · dma.span 1.40 dma.wait 1.07 ms (2 layers) · promo 125.5 MiB paced
[cache] step 12990 M=2 routed 480 hit 400 cpu 71 streamed 9 · resident 4430 pending 16 / 4446 · dma.span 6.31 dma.wait 4.98 ms (9 layers) · promo 143.4 MiB paced
[cache] step 12991 M=2 routed 480 hit 374 cpu 94 streamed 12 · resident 4430 pending 16 / 4446 · dma.span 8.49 dma.wait 6.62 ms (12 layers) · promo 89.6 MiB paced
[decode-sync M=2] layer waits 80 · host wait 13.44 ms (spin)
[profile M=2] total 38.33 ms: embed 0.01 segA.win 0.26 moe.gpu_experts 18.76 moe.cpu_experts 5.14 moe 0.08 segA.engram 0.93 segA.index 2.80 segA.comp 9.05 head 1.13 mtp.sync 0.18 · dma.span 15.72 dma.wait 11.63 ms (21 layers) · promo 125.5 MiB paced
[early-route M=2] layers 2560 · host ahead of front end 2378 · table on own stream 2560 · absorbed 0 (resync 0 · missing 0 · untrusted 0)
[decode-host M=2] sync 0.47 · prep 0.09 · launch 1.53 · cpu 19.67 vs gpu 18.58 (cpu-bound layers 39/40) · tail 3.99 ms · next 0.22 · front 11.99 · post 0.40 · hprep 0.13 · gpu-idle 5.65 of 37.00 ms (cpu layers 39)
[decode-miss M=2] layers 0 · miss 0 · staged 0 · reuse 0 · copy 0 · cpu 0 (jobs 2617) · pred 0 used 0 (precision 0.00 · recall 0.00) · prefetch issued 0 used 0 busy 0 · cpu-first
[cache] step 12992 M=2 routed 480 hit 357 cpu 101 streamed 22 · resident 4430 pending 16 / 4446 · vram free 2222 MiB · dma.span 15.72 dma.wait 11.63 ms (21 layers) · promo 125.5 MiB paced
[cache] step 12993 M=2 routed 480 hit 362 cpu 102 streamed 16 · resident 4430 pending 16 / 4446 · dma.span 11.32 dma.wait 8.86 ms (16 layers) · promo 107.6 MiB paced
[cache] step 12994 M=2 routed 480 hit 378 cpu 88 streamed 13 · resident 4430 pending 16 / 4446 · dma.span 9.20 dma.wait 7.17 ms (13 layers) · promo 107.6 MiB paced
[cache] step 12995 M=2 routed 480 hit 398 cpu 74 streamed 8 · resident 4430 pending 16 / 4446 · dma.span 5.62 dma.wait 4.34 ms (8 layers) · promo 125.5 MiB paced
[cache] step 12996 M=2 routed 480 hit 400 cpu 74 streamed 6 · resident 4430 pending 16 / 4446 · dma.span 4.21 dma.wait 3.23 ms (6 layers) · promo 125.5 MiB paced
[cache] step 12997 M=2 routed 480 hit 379 cpu 90 streamed 11 · resident 4430 pending 16 / 4446 · dma.span 7.80 dma.wait 6.04 ms (11 layers) · promo 107.6 MiB paced
[cache] step 12998 M=2 routed 480 hit 396 cpu 76 streamed 8 · resident 4430 pending 16 / 4446 · dma.span 5.63 dma.wait 4.39 ms (8 layers) · promo 143.4 MiB paced
[cache] step 12999 M=2 routed 480 hit 414 cpu 61 streamed 5 · resident 4430 pending 16 / 4446 · dma.span 3.54 dma.wait 2.77 ms (5 layers) · promo 89.6 MiB paced
[cache] step 13000 M=2 routed 480 hit 384 cpu 86 streamed 10 · resident 4430 pending 16 / 4446 · dma.span 7.02 dma.wait 5.68 ms (9 layers) · promo 107.6 MiB paced
[cache] step 13001 M=2 routed 480 hit 390 cpu 80 streamed 10 · resident 4430 pending 16 / 4446 · dma.span 7.07 dma.wait 5.51 ms (10 layers) · promo 125.5 MiB paced
[cache] step 13002 M=2 routed 480 hit 410 cpu 64 streamed 6 · resident 4430 pending 16 / 4446 · dma.span 4.25 dma.wait 3.31 ms (6 layers) · promo 107.6 MiB paced
[cache] step 13003 M=2 routed 480 hit 412 cpu 62 streamed 6 · resident 4430 pending 16 / 4446 · dma.span 4.23 dma.wait 3.28 ms (6 layers) · promo 125.5 MiB paced
[cache] step 13004 M=2 routed 480 hit 395 cpu 78 streamed 7 · resident 4430 pending 16 / 4446 · dma.span 4.94 dma.wait 3.85 ms (7 layers) · promo 89.6 MiB paced
[cache] step 13005 M=2 routed 480 hit 398 cpu 74 streamed 8 · resident 4430 pending 16 / 4446 · dma.span 5.67 dma.wait 4.47 ms (8 layers) · promo 125.5 MiB paced
[cache] step 13006 M=2 routed 480 hit 423 cpu 54 streamed 3 · resident 4430 pending 16 / 4446 · dma.span 2.14 dma.wait 1.69 ms (3 layers) · promo 107.6 MiB paced
[cache] step 13007 M=2 routed 480 hit 421 cpu 56 streamed 3 · resident 4430 pending 16 / 4446 · dma.span 2.09 dma.wait 1.60 ms (3 layers) · promo 125.5 MiB paced
[cache] step 13008 M=2 routed 480 hit 409 cpu 63 streamed 8 · resident 4430 pending 16 / 4446 · dma.span 5.73 dma.wait 4.45 ms (8 layers) · promo 107.6 MiB paced
[cache] step 13009 M=2 routed 480 hit 398 cpu 73 streamed 9 · resident 4430 pending 16 / 4446 · dma.span 6.34 dma.wait 5.02 ms (9 layers) · promo 89.6 MiB paced
[cache] step 13010 M=2 routed 480 hit 406 cpu 66 streamed 8 · resident 4430 pending 16 / 4446 · dma.span 5.66 dma.wait 4.40 ms (8 layers) · promo 125.5 MiB paced
[cache] step 13011 M=2 routed 480 hit 421 cpu 55 streamed 4 · resident 4430 pending 16 / 4446 · dma.span 2.83 dma.wait 2.23 ms (4 layers) · promo 89.6 MiB paced
[cache] step 13012 M=2 routed 480 hit 378 cpu 88 streamed 13 · resident 4430 pending 16 / 4446 · dma.span 9.19 dma.wait 7.22 ms (13 layers) · promo 89.6 MiB paced
[cache] step 13013 M=2 routed 480 hit 370 cpu 96 streamed 14 · resident 4430 pending 16 / 4446 · dma.span 9.91 dma.wait 8.17 ms (12 layers) · promo 107.6 MiB paced
[cache] step 13014 M=2 routed 480 hit 393 cpu 76 streamed 11 · resident 4430 pending 16 / 4446 · dma.span 7.74 dma.wait 5.98 ms (11 layers) · promo 125.5 MiB paced
[cache] step 13015 M=2 routed 480 hit 411 cpu 63 streamed 6 · resident 4430 pending 16 / 4446 · dma.span 4.23 dma.wait 3.27 ms (6 layers) · promo 125.5 MiB paced
[cache] step 13016 M=2 routed 480 hit 395 cpu 76 streamed 9 · resident 4430 pending 16 / 4446 · dma.span 6.34 dma.wait 4.95 ms (9 layers) · promo 89.6 MiB paced
[cache] step 13017 M=2 routed 480 hit 339 cpu 117 streamed 23 · resident 4430 pending 16 / 4446 · dma.span 16.28 dma.wait 13.15 ms (22 layers) · promo 107.6 MiB paced
[cache] step 13018 M=2 routed 480 hit 394 cpu 80 streamed 6 · resident 4430 pending 16 / 4446 · dma.span 4.22 dma.wait 3.23 ms (6 layers) · promo 125.5 MiB paced
[cache] step 13019 M=2 routed 480 hit 404 cpu 69 streamed 7 · resident 4430 pending 16 / 4446 · dma.span 4.95 dma.wait 3.85 ms (7 layers) · promo 125.5 MiB paced
[cache] step 13020 M=2 routed 480 hit 421 cpu 56 streamed 3 · resident 4430 pending 16 / 4446 · dma.span 2.12 dma.wait 1.62 ms (3 layers) · promo 89.6 MiB paced
[cache] step 13021 M=2 routed 480 hit 391 cpu 82 streamed 7 · resident 4430 pending 16 / 4446 · dma.span 4.94 dma.wait 3.81 ms (7 layers) · promo 107.6 MiB paced
[cache] step 13022 M=2 routed 480 hit 392 cpu 78 streamed 10 · resident 4430 pending 16 / 4446 · dma.span 7.07 dma.wait 5.56 ms (10 layers) · promo 89.6 MiB paced
[cache] step 13023 M=2 routed 480 hit 406 cpu 66 streamed 8 · resident 4430 pending 16 / 4446 · dma.span 5.62 dma.wait 4.32 ms (8 layers) · promo 143.4 MiB paced
[cache] step 13024 M=2 routed 480 hit 410 cpu 64 streamed 6 · resident 4430 pending 16 / 4446 · dma.span 4.24 dma.wait 3.27 ms (6 layers) · promo 125.5 MiB paced
[cache] step 13025 M=2 routed 480 hit 456 cpu 24 streamed 0 · resident 4430 pending 16 / 4446 · dma.span 0.00 dma.wait - ms (0 layers) · promo 107.6 MiB paced
[cache] step 13026 M=2 routed 480 hit 412 cpu 61 streamed 7 · resident 4430 pending 16 / 4446 · dma.span 4.94 dma.wait 3.90 ms (7 layers) · promo 89.6 MiB paced
[cache] step 13027 M=2 routed 480 hit 416 cpu 60 streamed 4 · resident 4430 pending 16 / 4446 · dma.span 2.82 dma.wait 2.22 ms (4 layers) · promo 89.6 MiB paced
[cache] step 13028 M=2 routed 480 hit 439 cpu 39 streamed 2 · resident 4430 pending 16 / 4446 · dma.span 1.41 dma.wait 1.06 ms (2 layers) · promo 125.5 MiB paced
[cache] step 13029 M=2 routed 480 hit 438 cpu 41 streamed 1 · resident 4430 pending 16 / 4446 · dma.span 0.70 dma.wait 0.53 ms (1 layers) · promo 143.4 MiB paced
[cache] step 13030 M=2 routed 480 hit 427 cpu 51 streamed 2 · resident 4430 pending 16 / 4446 · dma.span 1.41 dma.wait 1.11 ms (2 layers) · promo 143.4 MiB paced
[cache] step 13031 M=2 routed 480 hit 430 cpu 47 streamed 3 · resident 4430 pending 16 / 4446 · dma.span 2.11 dma.wait 1.67 ms (3 layers) · promo 107.6 MiB paced
[cache] step 13032 M=2 routed 480 hit 429 cpu 48 streamed 3 · resident 4430 pending 16 / 4446 · dma.span 2.15 dma.wait 1.70 ms (3 layers) · promo 143.4 MiB paced
[cache] step 13033 M=2 routed 480 hit 425 cpu 52 streamed 3 · resident 4430 pending 16 / 4446 · dma.span 2.11 dma.wait 1.61 ms (3 layers) · promo 107.6 MiB paced
[cache] step 13034 M=2 routed 480 hit 442 cpu 37 streamed 1 · resident 4430 pending 16 / 4446 · dma.span 0.70 dma.wait 0.54 ms (1 layers) · promo 107.6 MiB paced
[cache] step 13035 M=2 routed 480 hit 433 cpu 43 streamed 4 · resident 4430 pending 16 / 4446 · dma.span 2.81 dma.wait 2.17 ms (4 layers) · promo 125.5 MiB paced
[cache] step 13036 M=2 routed 480 hit 416 cpu 62 streamed 2 · resident 4430 pending 16 / 4446 · dma.span 1.43 dma.wait 1.14 ms (2 layers) · promo 143.4 MiB paced
[cache] step 13037 M=2 routed 480 hit 422 cpu 54 streamed 4 · resident 4430 pending 16 / 4446 · dma.span 2.84 dma.wait 2.18 ms (4 layers) · promo 107.6 MiB paced
[cache] step 13038 M=2 routed 480 hit 383 cpu 85 streamed 11 · resident 4430 pending 16 / 4446 · dma.span 7.79 dma.wait 6.17 ms (11 layers) · promo 143.4 MiB paced
[cache] step 13039 M=2 routed 480 hit 421 cpu 56 streamed 3 · resident 4430 pending 16 / 4446 · dma.span 2.11 dma.wait 1.60 ms (3 layers) · promo 143.4 MiB paced
[cache] step 13040 M=2 routed 480 hit 433 cpu 44 streamed 3 · resident 4430 pending 16 / 4446 · dma.span 2.12 dma.wait 1.68 ms (3 layers) · promo 107.6 MiB paced
[cache] step 13041 M=2 routed 480 hit 424 cpu 51 streamed 5 · resident 4430 pending 16 / 4446 · dma.span 3.52 dma.wait 2.71 ms (5 layers) · promo 143.4 MiB paced
[cache] step 13042 M=2 routed 480 hit 405 cpu 68 streamed 7 · resident 4430 pending 16 / 4446 · dma.span 4.97 dma.wait 3.86 ms (7 layers) · promo 143.4 MiB paced
[cache] step 13043 M=2 routed 480 hit 409 cpu 66 streamed 5 · resident 4430 pending 16 / 4446 · dma.span 3.54 dma.wait 2.77 ms (5 layers) · promo 89.6 MiB paced
[cache] step 13044 M=2 routed 480 hit 414 cpu 62 streamed 4 · resident 4430 pending 16 / 4446 · dma.span 2.89 dma.wait 2.24 ms (4 layers) · promo 125.5 MiB paced
[cache] step 13045 M=2 routed 480 hit 417 cpu 58 streamed 5 · resident 4430 pending 16 / 4446 · dma.span 3.56 dma.wait 2.82 ms (5 layers) · promo 107.6 MiB paced
[cache] step 13046 M=2 routed 480 hit 418 cpu 58 streamed 4 · resident 4430 pending 16 / 4446 · dma.span 2.88 dma.wait 2.29 ms (4 layers) · promo 125.5 MiB paced
[cache] step 13047 M=2 routed 480 hit 383 cpu 87 streamed 10 · resident 4430 pending 16 / 4446 · dma.span 7.08 dma.wait 5.61 ms (10 layers) · promo 125.5 MiB paced
[cache] step 13048 M=2 routed 480 hit 414 cpu 62 streamed 4 · resident 4430 pending 16 / 4446 · dma.span 2.85 dma.wait 2.26 ms (4 layers) · promo 71.7 MiB paced
[cache] step 13049 M=2 routed 480 hit 426 cpu 51 streamed 3 · resident 4430 pending 16 / 4446 · dma.span 2.13 dma.wait 1.65 ms (3 layers) · promo 89.6 MiB paced
[cache] step 13050 M=2 routed 480 hit 436 cpu 42 streamed 2 · resident 4430 pending 16 / 4446 · dma.span 1.41 dma.wait 1.07 ms (2 layers) · promo 89.6 MiB paced
[cache] step 13051 M=2 routed 480 hit 404 cpu 70 streamed 6 · resident 4430 pending 16 / 4446 · dma.span 4.26 dma.wait 3.37 ms (6 layers) · promo 125.5 MiB paced
[cache] step 13052 M=2 routed 480 hit 418 cpu 58 streamed 4 · resident 4430 pending 16 / 4446 · dma.span 2.81 dma.wait 2.16 ms (4 layers) · promo 125.5 MiB paced
[cache] step 13053 M=2 routed 480 hit 461 cpu 19 streamed 0 · resident 4430 pending 16 / 4446 · dma.span 0.00 dma.wait - ms (0 layers) · promo 125.5 MiB paced
[cache] step 13054 M=2 routed 480 hit 404 cpu 68 streamed 8 · resident 4430 pending 16 / 4446 · dma.span 5.69 dma.wait 4.48 ms (8 layers) · promo 125.5 MiB paced
[cache] step 13055 M=2 routed 480 hit 411 cpu 63 streamed 6 · resident 4430 pending 16 / 4446 · dma.span 4.25 dma.wait 3.35 ms (6 layers) · promo 143.4 MiB paced
[decode-sync M=2] layer waits 80 · host wait 13.79 ms (spin)
[profile M=2] total 27.97 ms: embed 0.01 segA.win 0.30 moe.gpu_experts 9.53 moe.cpu_experts 4.27 moe 0.03 segA.engram 0.91 segA.index 2.72 segA.comp 8.81 head 1.19 mtp.sync 0.18 · dma.span 4.24 dma.wait 3.00 ms (6 layers) · promo 107.6 MiB paced
[early-route M=2] layers 2560 · host ahead of front end 2138 · table on own stream 2560 · absorbed 0 (resync 0 · missing 0 · untrusted 0)
[decode-host M=2] sync 0.46 · prep 0.08 · launch 0.81 · cpu 10.14 vs gpu 9.15 (cpu-bound layers 28/40) · tail 3.77 ms · next 0.19 · front 11.75 · post 0.34 · hprep 0.09 · gpu-idle 5.33 of 26.62 ms (cpu layers 29)
[decode-miss M=2] layers 0 · miss 0 · staged 0 · reuse 0 · copy 0 · cpu 0 (jobs 4115) · pred 0 used 0 (precision 0.00 · recall 0.00) · prefetch issued 0 used 0 busy 0 · cpu-first
[cache] step 13056 M=2 routed 480 hit 421 cpu 53 streamed 6 · resident 4430 pending 16 / 4446 · vram free 2222 MiB · dma.span 4.24 dma.wait 3.00 ms (6 layers) · promo 107.6 MiB paced
[cache] step 13057 M=2 routed 480 hit 439 cpu 40 streamed 1 · resident 4430 pending 16 / 4446 · dma.span 0.72 dma.wait 0.57 ms (1 layers) · promo 89.6 MiB paced
[cache] step 13058 M=2 routed 480 hit 440 cpu 39 streamed 1 · resident 4430 pending 16 / 4446 · dma.span 0.70 dma.wait 0.56 ms (1 layers) · promo 143.4 MiB paced
[cache] step 13059 M=2 routed 480 hit 441 cpu 37 streamed 2 · resident 4430 pending 16 / 4446 · dma.span 1.40 dma.wait 1.07 ms (2 layers) · promo 125.5 MiB paced
[cache] step 13060 M=2 routed 480 hit 399 cpu 72 streamed 9 · resident 4430 pending 16 / 4446 · dma.span 6.36 dma.wait 5.04 ms (9 layers) · promo 125.5 MiB paced
[cache] step 13061 M=2 routed 480 hit 387 cpu 81 streamed 12 · resident 4430 pending 16 / 4446 · dma.span 8.52 dma.wait 6.93 ms (11 layers) · promo 143.4 MiB paced
[cache] step 13062 M=2 routed 480 hit 417 cpu 58 streamed 5 · resident 4430 pending 16 / 4446 · dma.span 3.52 dma.wait 2.72 ms (5 layers) · promo 125.5 MiB paced
[cache] step 13063 M=2 routed 480 hit 410 cpu 64 streamed 6 · resident 4430 pending 16 / 4446 · dma.span 4.23 dma.wait 3.30 ms (6 layers) · promo 125.5 MiB paced
[cache] step 13064 M=2 routed 480 hit 414 cpu 62 streamed 4 · resident 4430 pending 16 / 4446 · dma.span 2.82 dma.wait 2.18 ms (4 layers) · promo 107.6 MiB paced
[cache] step 13065 M=2 routed 480 hit 426 cpu 51 streamed 3 · resident 4430 pending 16 / 4446 · dma.span 2.09 dma.wait 1.62 ms (3 layers) · promo 143.4 MiB paced
[cache] step 13066 M=2 routed 480 hit 404 cpu 70 streamed 6 · resident 4430 pending 16 / 4446 · dma.span 4.24 dma.wait 3.32 ms (6 layers) · promo 107.6 MiB paced
[cache] step 13067 M=2 routed 480 hit 360 cpu 103 streamed 17 · resident 4430 pending 16 / 4446 · dma.span 12.03 dma.wait 9.48 ms (17 layers) · promo 125.5 MiB paced
[cache] step 13068 M=2 routed 480 hit 390 cpu 82 streamed 8 · resident 4430 pending 16 / 4446 · dma.span 5.67 dma.wait 4.50 ms (8 layers) · promo 143.4 MiB paced
[cache] step 13069 M=2 routed 480 hit 360 cpu 102 streamed 17 · resident 4430 pending 16 / 4446 · dma.span 11.98 dma.wait 9.46 ms (17 layers) · promo 125.5 MiB paced
[cache] step 13070 M=2 routed 480 hit 343 cpu 114 streamed 23 · resident 4430 pending 16 / 4446 · dma.span 16.23 dma.wait 12.93 ms (23 layers) · promo 125.5 MiB paced
[cache] step 13071 M=2 routed 480 hit 375 cpu 92 streamed 13 · resident 4430 pending 16 / 4446 · dma.span 9.20 dma.wait 7.22 ms (13 layers) · promo 89.6 MiB paced
[cache] step 13072 M=2 routed 480 hit 402 cpu 70 streamed 8 · resident 4430 pending 16 / 4446 · dma.span 5.68 dma.wait 4.41 ms (8 layers) · promo 107.6 MiB paced
[cache] step 13073 M=2 routed 480 hit 418 cpu 58 streamed 4 · resident 4430 pending 16 / 4446 · dma.span 2.86 dma.wait 2.23 ms (4 layers) · promo 125.5 MiB paced
[cache] step 13074 M=2 routed 480 hit 430 cpu 49 streamed 1 · resident 4430 pending 16 / 4446 · dma.span 0.72 dma.wait 0.55 ms (1 layers) · promo 89.6 MiB paced
[cache] step 13075 M=2 routed 480 hit 416 cpu 58 streamed 5 · resident 4430 pending 16 / 4446 · dma.span 3.52 dma.wait 2.76 ms (5 layers) · promo 143.4 MiB paced
[cache] step 13076 M=2 routed 480 hit 410 cpu 65 streamed 5 · resident 4430 pending 16 / 4446 · dma.span 3.50 dma.wait 2.69 ms (5 layers) · promo 125.5 MiB paced
[cache] step 13077 M=2 routed 480 hit 407 cpu 66 streamed 7 · resident 4430 pending 16 / 4446 · dma.span 5.00 dma.wait 3.86 ms (7 layers) · promo 71.7 MiB paced
[cache] step 13078 M=2 routed 480 hit 412 cpu 61 streamed 7 · resident 4430 pending 16 / 4446 · dma.span 4.93 dma.wait 3.81 ms (7 layers) · promo 125.5 MiB paced
[cache] step 13079 M=2 routed 480 hit 413 cpu 60 streamed 7 · resident 4430 pending 16 / 4446 · dma.span 4.93 dma.wait 3.84 ms (7 layers) · promo 125.5 MiB paced
[cache] step 13080 M=2 routed 480 hit 451 cpu 28 streamed 1 · resident 4430 pending 16 / 4446 · dma.span 0.70 dma.wait 0.55 ms (1 layers) · promo 89.6 MiB paced
[cache] step 13081 M=2 routed 480 hit 422 cpu 54 streamed 4 · resident 4430 pending 16 / 4446 · dma.span 2.83 dma.wait 2.21 ms (4 layers) · promo 125.5 MiB paced
[cache] step 13082 M=2 routed 480 hit 440 cpu 39 streamed 1 · resident 4430 pending 16 / 4446 · dma.span 0.71 dma.wait 0.54 ms (1 layers) · promo 125.5 MiB paced
[cache] step 13083 M=2 routed 480 hit 406 cpu 67 streamed 7 · resident 4430 pending 16 / 4446 · dma.span 4.96 dma.wait 4.01 ms (7 layers) · promo 125.5 MiB paced
[cache] step 13084 M=2 routed 480 hit 398 cpu 74 streamed 8 · resident 4430 pending 16 / 4446 · dma.span 5.66 dma.wait 4.47 ms (8 layers) · promo 125.5 MiB paced
[cache] step 13085 M=2 routed 480 hit 450 cpu 29 streamed 1 · resident 4430 pending 16 / 4446 · dma.span 0.69 dma.wait 0.53 ms (1 layers) · promo 143.4 MiB paced
[cache] step 13086 M=2 routed 480 hit 379 cpu 88 streamed 13 · resident 4430 pending 16 / 4446 · dma.span 9.21 dma.wait 7.13 ms (13 layers) · promo 125.5 MiB paced
[cache] step 13087 M=2 routed 480 hit 406 cpu 66 streamed 8 · resident 4430 pending 16 / 4446 · dma.span 5.63 dma.wait 4.38 ms (8 layers) · promo 125.5 MiB paced
[cache] step 13088 M=2 routed 480 hit 423 cpu 55 streamed 2 · resident 4430 pending 16 / 4446 · dma.span 1.39 dma.wait 1.07 ms (2 layers) · promo 125.5 MiB paced
[cache] step 13089 M=2 routed 480 hit 448 cpu 31 streamed 1 · resident 4430 pending 16 / 4446 · dma.span 0.70 dma.wait 0.53 ms (1 layers) · promo 125.5 MiB paced
[cache] step 13090 M=2 routed 480 hit 432 cpu 47 streamed 1 · resident 4430 pending 16 / 4446 · dma.span 0.70 dma.wait 0.53 ms (1 layers) · promo 125.5 MiB paced
[cache] step 13091 M=2 routed 480 hit 438 cpu 40 streamed 2 · resident 4430 pending 16 / 4446 · dma.span 1.42 dma.wait 1.08 ms (2 layers) · promo 143.4 MiB paced
[cache] step 13092 M=2 routed 480 hit 456 cpu 24 streamed 0 · resident 4430 pending 16 / 4446 · dma.span 0.00 dma.wait - ms (0 layers) · promo 125.5 MiB paced
[cache] step 13093 M=2 routed 480 hit 449 cpu 30 streamed 1 · resident 4430 pending 16 / 4446 · dma.span 0.70 dma.wait 0.55 ms (1 layers) · promo 143.4 MiB paced
[cache] step 13094 M=2 routed 480 hit 441 cpu 38 streamed 1 · resident 4430 pending 16 / 4446 · dma.span 0.71 dma.wait 0.56 ms (1 layers) · promo 143.4 MiB paced
[cache] step 13095 M=2 routed 480 hit 424 cpu 54 streamed 2 · resident 4430 pending 16 / 4446 · dma.span 1.42 dma.wait 1.11 ms (2 layers) · promo 143.4 MiB paced
[cache] step 13096 M=2 routed 480 hit 441 cpu 38 streamed 1 · resident 4430 pending 16 / 4446 · dma.span 0.72 dma.wait 0.58 ms (1 layers) · promo 125.5 MiB paced
[cache] step 13097 M=2 routed 480 hit 432 cpu 45 streamed 3 · resident 4430 pending 16 / 4446 · dma.span 2.16 dma.wait 1.71 ms (3 layers) · promo 143.4 MiB paced
[cache] step 13098 M=2 routed 480 hit 440 cpu 40 streamed 0 · resident 4430 pending 16 / 4446 · dma.span 0.00 dma.wait - ms (0 layers) · promo 89.6 MiB paced
[cache] step 13099 M=2 routed 480 hit 427 cpu 50 streamed 3 · resident 4430 pending 16 / 4446 · dma.span 2.10 dma.wait 1.60 ms (3 layers) · promo 125.5 MiB paced
[cache] step 13100 M=2 routed 480 hit 441 cpu 37 streamed 2 · resident 4430 pending 16 / 4446 · dma.span 1.41 dma.wait 1.09 ms (2 layers) · promo 143.4 MiB paced
[cache] step 13101 M=2 routed 480 hit 433 cpu 45 streamed 2 · resident 4430 pending 16 / 4446 · dma.span 1.43 dma.wait 1.13 ms (2 layers) · promo 143.4 MiB paced
[cache] step 13102 M=2 routed 480 hit 443 cpu 36 streamed 1 · resident 4430 pending 16 / 4446 · dma.span 0.71 dma.wait 0.57 ms (1 layers) · promo 143.4 MiB paced
[cache] step 13103 M=2 routed 480 hit 431 cpu 46 streamed 3 · resident 4430 pending 16 / 4446 · dma.span 2.10 dma.wait 1.65 ms (3 layers) · promo 143.4 MiB paced
[cache] step 13104 M=2 routed 480 hit 453 cpu 27 streamed 0 · resident 4430 pending 16 / 4446 · dma.span 0.00 dma.wait - ms (0 layers) · promo 125.5 MiB paced
[cache] step 13105 M=2 routed 480 hit 447 cpu 31 streamed 2 · resident 4430 pending 16 / 4446 · dma.span 1.41 dma.wait 1.12 ms (2 layers) · promo 143.4 MiB paced
[cache] step 13106 M=2 routed 480 hit 458 cpu 22 streamed 0 · resident 4433 pending 13 / 4446 · dma.span 0.00 dma.wait - ms (0 layers) · promo 125.5 MiB paced
[cache] step 13107 M=2 routed 480 hit 424 cpu 52 streamed 4 · resident 4433 pending 13 / 4446 · dma.span 2.85 dma.wait 2.22 ms (4 layers) · promo 89.6 MiB paced
[cache] step 13108 M=2 routed 480 hit 435 cpu 41 streamed 4 · resident 4430 pending 16 / 4446 · dma.span 2.83 dma.wait 2.18 ms (4 layers) · promo 125.5 MiB paced
[cache] step 13109 M=2 routed 480 hit 442 cpu 36 streamed 2 · resident 4430 pending 16 / 4446 · dma.span 1.41 dma.wait 1.10 ms (2 layers) · promo 125.5 MiB paced
[cache] step 13110 M=2 routed 480 hit 441 cpu 38 streamed 1 · resident 4430 pending 16 / 4446 · dma.span 0.70 dma.wait 0.54 ms (1 layers) · promo 125.5 MiB paced
[cache] step 13111 M=2 routed 480 hit 439 cpu 37 streamed 4 · resident 4430 pending 16 / 4446 · dma.span 2.82 dma.wait 2.21 ms (4 layers) · promo 125.5 MiB paced
[cache] step 13112 M=2 routed 480 hit 442 cpu 37 streamed 1 · resident 4430 pending 16 / 4446 · dma.span 0.70 dma.wait 0.55 ms (1 layers) · promo 125.5 MiB paced
[cache] step 13113 M=2 routed 480 hit 429 cpu 47 streamed 4 · resident 4432 pending 14 / 4446 · dma.span 2.82 dma.wait 2.16 ms (4 layers) · promo 125.5 MiB paced
[cache] step 13114 M=2 routed 480 hit 392 cpu 81 streamed 7 · resident 4432 pending 14 / 4446 · dma.span 5.05 dma.wait 4.06 ms (7 layers) · promo 89.6 MiB paced
[cache] step 13115 M=2 routed 480 hit 415 cpu 59 streamed 6 · resident 4430 pending 16 / 4446 · dma.span 4.26 dma.wait 3.34 ms (6 layers) · promo 107.6 MiB paced
[cache] step 13116 M=2 routed 480 hit 416 cpu 59 streamed 5 · resident 4430 pending 16 / 4446 · dma.span 3.53 dma.wait 2.78 ms (5 layers) · promo 143.4 MiB paced
[cache] step 13117 M=2 routed 480 hit 412 cpu 63 streamed 5 · resident 4430 pending 16 / 4446 · dma.span 3.53 dma.wait 2.83 ms (5 layers) · promo 143.4 MiB paced
[cache] step 13118 M=2 routed 480 hit 430 cpu 48 streamed 2 · resident 4430 pending 16 / 4446 · dma.span 1.42 dma.wait 1.11 ms (2 layers) · promo 125.5 MiB paced
[cache] step 13119 M=2 routed 480 hit 430 cpu 47 streamed 3 · resident 4430 pending 16 / 4446 · dma.span 2.15 dma.wait 1.71 ms (3 layers) · promo 89.6 MiB paced
[decode-sync M=2] layer waits 80 · host wait 13.19 ms (spin)
[profile M=2] total 26.15 ms: embed 0.01 segA.win 0.27 moe.gpu_experts 7.42 moe.cpu_experts 4.21 moe 0.05 segA.engram 0.92 segA.index 2.81 segA.comp 9.15 head 1.13 mtp.sync 0.18 · dma.span 1.44 dma.wait 1.03 ms (2 layers) · promo 125.5 MiB paced
[early-route M=2] layers 2560 · host ahead of front end 2248 · table on own stream 2560 · absorbed 0 (resync 0 · missing 0 · untrusted 0)
[decode-host M=2] sync 0.47 · prep 0.07 · launch 0.61 · cpu 8.76 vs gpu 7.01 (cpu-bound layers 28/40) · tail 3.79 ms · next 0.18 · front 12.09 · post 0.41 · hprep 0.09 · gpu-idle 5.39 of 24.82 ms (cpu layers 28)
[decode-miss M=2] layers 0 · miss 0 · staged 0 · reuse 0 · copy 0 · cpu 0 (jobs 3412) · pred 0 used 0 (precision 0.00 · recall 0.00) · prefetch issued 0 used 0 busy 0 · cpu-first
[cache] step 13120 M=2 routed 480 hit 435 cpu 43 streamed 2 · resident 4430 pending 16 / 4446 · vram free 2222 MiB · dma.span 1.44 dma.wait 1.03 ms (2 layers) · promo 125.5 MiB paced
[cache] step 13121 M=2 routed 480 hit 419 cpu 58 streamed 3 · resident 4430 pending 16 / 4446 · dma.span 2.11 dma.wait 1.64 ms (3 layers) · promo 107.6 MiB paced
[cache] step 13122 M=2 routed 480 hit 421 cpu 56 streamed 3 · resident 4430 pending 16 / 4446 · dma.span 2.13 dma.wait 1.70 ms (3 layers) · promo 89.6 MiB paced
[cache] step 13123 M=2 routed 480 hit 444 cpu 34 streamed 2 · resident 4430 pending 16 / 4446 · dma.span 1.41 dma.wait 1.09 ms (2 layers) · promo 107.6 MiB paced
[cache] step 13124 M=2 routed 480 hit 431 cpu 44 streamed 5 · resident 4430 pending 16 / 4446 · dma.span 3.52 dma.wait 2.74 ms (5 layers) · promo 143.4 MiB paced
[cache] step 13125 M=2 routed 480 hit 435 cpu 43 streamed 2 · resident 4430 pending 16 / 4446 · dma.span 1.41 dma.wait 1.09 ms (2 layers) · promo 125.5 MiB paced
[cache] step 13126 M=2 routed 480 hit 446 cpu 33 streamed 1 · resident 4430 pending 16 / 4446 · dma.span 0.70 dma.wait 0.55 ms (1 layers) · promo 143.4 MiB paced
[cache] step 13127 M=2 routed 480 hit 437 cpu 42 streamed 1 · resident 4430 pending 16 / 4446 · dma.span 0.70 dma.wait 0.54 ms (1 layers) · promo 107.6 MiB paced
[cache] step 13128 M=2 routed 480 hit 438 cpu 42 streamed 0 · resident 4430 pending 16 / 4446 · dma.span 0.00 dma.wait - ms (0 layers) · promo 107.6 MiB paced
[cache] step 13129 M=2 routed 480 hit 407 cpu 67 streamed 6 · resident 4430 pending 16 / 4446 · dma.span 4.28 dma.wait 3.41 ms (6 layers) · promo 143.4 MiB paced
[cache] step 13130 M=2 routed 480 hit 434 cpu 43 streamed 3 · resident 4430 pending 16 / 4446 · dma.span 2.11 dma.wait 1.60 ms (3 layers) · promo 125.5 MiB paced
[cache] step 13131 M=2 routed 480 hit 427 cpu 52 streamed 1 · resident 4430 pending 16 / 4446 · dma.span 0.72 dma.wait 0.58 ms (1 layers) · promo 125.5 MiB paced
[cache] step 13132 M=2 routed 480 hit 435 cpu 44 streamed 1 · resident 4430 pending 16 / 4446 · dma.span 0.70 dma.wait 0.56 ms (1 layers) · promo 125.5 MiB paced
[cache] step 13133 M=2 routed 480 hit 427 cpu 50 streamed 3 · resident 4430 pending 16 / 4446 · dma.span 2.12 dma.wait 1.64 ms (3 layers) · promo 143.4 MiB paced
[cache] step 13134 M=2 routed 480 hit 437 cpu 41 streamed 2 · resident 4430 pending 16 / 4446 · dma.span 1.43 dma.wait 1.13 ms (2 layers) · promo 143.4 MiB paced
[cache] step 13135 M=2 routed 480 hit 443 cpu 35 streamed 2 · resident 4430 pending 16 / 4446 · dma.span 1.45 dma.wait 1.16 ms (2 layers) · promo 143.4 MiB paced
[cache] step 13136 M=2 routed 480 hit 446 cpu 33 streamed 1 · resident 4430 pending 16 / 4446 · dma.span 0.71 dma.wait 0.58 ms (1 layers) · promo 107.6 MiB paced
[cache] step 13137 M=2 routed 480 hit 438 cpu 40 streamed 2 · resident 4430 pending 16 / 4446 · dma.span 1.43 dma.wait 1.11 ms (2 layers) · promo 143.4 MiB paced
[cache] step 13138 M=2 routed 480 hit 438 cpu 41 streamed 1 · resident 4430 pending 16 / 4446 · dma.span 0.70 dma.wait 0.53 ms (1 layers) · promo 125.5 MiB paced
[cache] step 13139 M=2 routed 480 hit 423 cpu 54 streamed 3 · resident 4430 pending 16 / 4446 · dma.span 2.15 dma.wait 1.73 ms (3 layers) · promo 107.6 MiB paced
[cache] step 13140 M=2 routed 480 hit 426 cpu 50 streamed 4 · resident 4430 pending 16 / 4446 · dma.span 2.80 dma.wait 2.14 ms (4 layers) · promo 125.5 MiB paced
[cache] step 13141 M=2 routed 480 hit 437 cpu 42 streamed 1 · resident 4430 pending 16 / 4446 · dma.span 0.71 dma.wait 0.56 ms (1 layers) · promo 125.5 MiB paced
[cache] step 13142 M=2 routed 480 hit 448 cpu 31 streamed 1 · resident 4430 pending 16 / 4446 · dma.span 0.71 dma.wait 0.57 ms (1 layers) · promo 125.5 MiB paced
[cache] step 13143 M=2 routed 480 hit 456 cpu 24 streamed 0 · resident 4430 pending 16 / 4446 · dma.span 0.00 dma.wait - ms (0 layers) · promo 143.4 MiB paced
[cache] step 13144 M=2 routed 480 hit 447 cpu 31 streamed 2 · resident 4430 pending 16 / 4446 · dma.span 1.42 dma.wait 1.15 ms (2 layers) · promo 125.5 MiB paced
[cache] step 13145 M=2 routed 480 hit 446 cpu 33 streamed 1 · resident 4430 pending 16 / 4446 · dma.span 0.70 dma.wait 0.55 ms (1 layers) · promo 107.6 MiB paced
[cache] step 13146 M=2 routed 480 hit 458 cpu 21 streamed 1 · resident 4430 pending 16 / 4446 · dma.span 0.71 dma.wait 0.54 ms (1 layers) · promo 143.4 MiB paced
[cache] step 13147 M=2 routed 480 hit 450 cpu 29 streamed 1 · resident 4430 pending 16 / 4446 · dma.span 0.69 dma.wait 0.55 ms (1 layers) · promo 125.5 MiB paced
[cache] step 13148 M=2 routed 480 hit 450 cpu 29 streamed 1 · resident 4433 pending 13 / 4446 · dma.span 0.70 dma.wait 0.53 ms (1 layers) · promo 89.6 MiB paced
[cache] step 13149 M=2 routed 480 hit 446 cpu 33 streamed 1 · resident 4436 pending 10 / 4446 · dma.span 0.70 dma.wait 0.58 ms (1 layers) · promo 89.6 MiB paced
[cache] step 13150 M=2 routed 480 hit 450 cpu 30 streamed 0 · resident 4434 pending 12 / 4446 · dma.span 0.00 dma.wait - ms (0 layers) · promo 89.6 MiB paced
[cache] step 13151 M=2 routed 480 hit 449 cpu 30 streamed 1 · resident 4431 pending 15 / 4446 · dma.span 0.70 dma.wait 0.55 ms (1 layers) · promo 125.5 MiB paced
[cache] step 13152 M=2 routed 480 hit 429 cpu 48 streamed 3 · resident 4430 pending 16 / 4446 · dma.span 2.13 dma.wait 1.63 ms (3 layers) · promo 89.6 MiB paced
[cache] step 13153 M=2 routed 480 hit 406 cpu 67 streamed 7 · resident 4430 pending 16 / 4446 · dma.span 4.94 dma.wait 3.88 ms (7 layers) · promo 125.5 MiB paced
[cache] step 13154 M=2 routed 480 hit 460 cpu 20 streamed 0 · resident 4434 pending 12 / 4446 · dma.span 0.00 dma.wait - ms (0 layers) · promo 125.5 MiB paced
[cache] step 13155 M=2 routed 480 hit 442 cpu 37 streamed 1 · resident 4436 pending 10 / 4446 · dma.span 0.69 dma.wait 0.55 ms (1 layers) · promo 71.7 MiB paced
[cache] step 13156 M=2 routed 480 hit 428 cpu 49 streamed 3 · resident 4433 pending 13 / 4446 · dma.span 2.11 dma.wait 1.68 ms (3 layers) · promo 107.6 MiB paced
[cache] step 13157 M=2 routed 480 hit 455 cpu 24 streamed 1 · resident 4434 pending 12 / 4446 · dma.span 0.70 dma.wait 0.53 ms (1 layers) · promo 125.5 MiB paced
[cache] step 13158 M=2 routed 480 hit 440 cpu 39 streamed 1 · resident 4439 pending 7 / 4446 · dma.span 0.69 dma.wait 0.53 ms (1 layers) · promo 71.7 MiB paced
[cache] step 13159 M=2 routed 480 hit 444 cpu 36 streamed 0 · resident 4436 pending 10 / 4446 · dma.span 0.00 dma.wait - ms (0 layers) · promo 35.9 MiB paced
[cache] step 13160 M=2 routed 480 hit 433 cpu 44 streamed 3 · resident 4430 pending 16 / 4446 · dma.span 2.12 dma.wait 1.64 ms (3 layers) · promo 143.4 MiB paced
[cache] step 13161 M=2 routed 480 hit 448 cpu 32 streamed 0 · resident 4432 pending 14 / 4446 · dma.span 0.00 dma.wait - ms (0 layers) · promo 89.6 MiB paced
[cache] step 13162 M=2 routed 480 hit 452 cpu 27 streamed 1 · resident 4437 pending 9 / 4446 · dma.span 0.71 dma.wait 0.57 ms (1 layers) · promo 107.6 MiB paced
[cache] step 13163 M=2 routed 480 hit 435 cpu 41 streamed 4 · resident 4439 pending 7 / 4446 · dma.span 2.81 dma.wait 2.25 ms (4 layers) · promo 53.8 MiB paced
[cache] step 13164 M=2 routed 480 hit 446 cpu 34 streamed 0 · resident 4434 pending 12 / 4446 · dma.span 0.00 dma.wait - ms (0 layers) · promo 53.8 MiB paced
[cache] step 13165 M=2 routed 480 hit 445 cpu 34 streamed 1 · resident 4431 pending 15 / 4446 · dma.span 0.70 dma.wait 0.53 ms (1 layers) · promo 143.4 MiB paced
[cache] step 13166 M=2 routed 480 hit 445 cpu 34 streamed 1 · resident 4437 pending 9 / 4446 · dma.span 0.74 dma.wait 0.60 ms (1 layers) · promo 125.5 MiB paced
[cache] step 13167 M=2 routed 480 hit 445 cpu 34 streamed 1 · resident 4437 pending 9 / 4446 · dma.span 0.70 dma.wait 0.59 ms (1 layers) · promo 35.9 MiB paced
[cache] step 13168 M=2 routed 480 hit 420 cpu 57 streamed 3 · resident 4431 pending 15 / 4446 · dma.span 2.14 dma.wait 1.69 ms (3 layers) · promo 125.5 MiB paced
[cache] step 13169 M=2 routed 480 hit 441 cpu 38 streamed 1 · resident 4430 pending 16 / 4446 · dma.span 0.71 dma.wait 0.57 ms (1 layers) · promo 125.5 MiB paced
[cache] step 13170 M=2 routed 480 hit 413 cpu 61 streamed 6 · resident 4430 pending 16 / 4446 · dma.span 4.25 dma.wait 3.33 ms (6 layers) · promo 143.4 MiB paced
[cache] step 13171 M=2 routed 480 hit 449 cpu 30 streamed 1 · resident 4430 pending 16 / 4446 · dma.span 0.71 dma.wait 0.59 ms (1 layers) · promo 143.4 MiB paced
[cache] step 13172 M=2 routed 480 hit 453 cpu 26 streamed 1 · resident 4430 pending 16 / 4446 · dma.span 0.72 dma.wait 0.59 ms (1 layers) · promo 107.6 MiB paced
[cache] step 13173 M=2 routed 480 hit 459 cpu 21 streamed 0 · resident 4433 pending 13 / 4446 · dma.span 0.00 dma.wait - ms (0 layers) · promo 143.4 MiB paced
[cache] step 13174 M=2 routed 480 hit 437 cpu 41 streamed 2 · resident 4435 pending 11 / 4446 · dma.span 1.41 dma.wait 1.10 ms (2 layers) · promo 89.6 MiB paced
[cache] step 13175 M=2 routed 480 hit 440 cpu 38 streamed 2 · resident 4432 pending 14 / 4446 · dma.span 1.41 dma.wait 1.12 ms (2 layers) · promo 89.6 MiB paced
[cache] step 13176 M=2 routed 480 hit 443 cpu 37 streamed 0 · resident 4431 pending 15 / 4446 · dma.span 0.00 dma.wait - ms (0 layers) · promo 143.4 MiB paced
[cache] step 13177 M=2 routed 480 hit 432 cpu 46 streamed 2 · resident 4431 pending 15 / 4446 · dma.span 1.41 dma.wait 1.06 ms (2 layers) · promo 107.6 MiB paced
[cache] step 13178 M=2 routed 480 hit 425 cpu 52 streamed 3 · resident 4430 pending 16 / 4446 · dma.span 2.14 dma.wait 1.70 ms (3 layers) · promo 143.4 MiB paced
[cache] step 13179 M=2 routed 480 hit 455 cpu 25 streamed 0 · resident 4430 pending 16 / 4446 · dma.span 0.00 dma.wait - ms (0 layers) · promo 107.6 MiB paced
[cache] step 13180 M=2 routed 480 hit 456 cpu 22 streamed 2 · resident 4431 pending 15 / 4446 · dma.span 1.40 dma.wait 1.07 ms (2 layers) · promo 143.4 MiB paced
[cache] step 13181 M=2 routed 480 hit 450 cpu 29 streamed 1 · resident 4436 pending 10 / 4446 · dma.span 0.70 dma.wait 0.53 ms (1 layers) · promo 125.5 MiB paced
[cache] step 13182 M=2 routed 480 hit 457 cpu 23 streamed 0 · resident 4438 pending 8 / 4446 · dma.span 0.00 dma.wait - ms (0 layers) · promo 53.8 MiB paced
[cache] step 13183 M=2 routed 480 hit 449 cpu 30 streamed 1 · resident 4437 pending 9 / 4446 · dma.span 0.95 dma.wait 0.81 ms (1 layers) · promo 89.6 MiB paced
[decode-sync M=2] layer waits 80 · host wait 13.15 ms (spin)
[profile M=2] total 23.51 ms: embed 0.01 segA.win 0.29 moe.gpu_experts 5.99 moe.cpu_experts 3.81 moe 0.02 segA.engram 0.93 segA.index 2.65 segA.comp 8.45 head 1.20 mtp.sync 0.18 · dma.span 0.71 dma.wait 0.52 ms (1 layers) · promo 71.7 MiB paced
[early-route M=2] layers 2560 · host ahead of front end 2429 · table on own stream 2560 · absorbed 0 (resync 0 · missing 0 · untrusted 0)
[decode-host M=2] sync 0.32 · prep 0.06 · launch 0.55 · cpu 6.85 vs gpu 5.69 (cpu-bound layers 22/40) · tail 3.56 ms · next 0.18 · front 11.59 · post 0.25 · hprep 0.09 · gpu-idle 4.68 of 22.17 ms (cpu layers 23)
[decode-miss M=2] layers 0 · miss 0 · staged 0 · reuse 0 · copy 0 · cpu 0 (jobs 2442) · pred 0 used 0 (precision 0.00 · recall 0.00) · prefetch issued 0 used 0 busy 0 · cpu-first
[cache] step 13184 M=2 routed 480 hit 444 cpu 35 streamed 1 · resident 4439 pending 7 / 4446 · vram free 2222 MiB · dma.span 0.71 dma.wait 0.52 ms (1 layers) · promo 71.7 MiB paced
[cache] step 13185 M=2 routed 480 hit 441 cpu 38 streamed 1 · resident 4435 pending 11 / 4446 · dma.span 0.71 dma.wait 0.55 ms (1 layers) · promo 35.9 MiB paced
[cache] step 13186 M=2 routed 480 hit 436 cpu 41 streamed 3 · resident 4430 pending 16 / 4446 · dma.span 2.10 dma.wait 1.68 ms (3 layers) · promo 107.6 MiB paced
[cache] step 13187 M=2 routed 480 hit 440 cpu 40 streamed 0 · resident 4430 pending 16 / 4446 · dma.span 0.00 dma.wait - ms (0 layers) · promo 125.5 MiB paced
[cache] step 13188 M=2 routed 480 hit 448 cpu 31 streamed 1 · resident 4434 pending 12 / 4446 · dma.span 0.71 dma.wait 0.56 ms (1 layers) · promo 125.5 MiB paced
[cache] step 13189 M=2 routed 480 hit 447 cpu 33 streamed 0 · resident 4439 pending 7 / 4446 · dma.span 0.00 dma.wait - ms (0 layers) · promo 71.7 MiB paced
[cache] step 13190 M=2 routed 480 hit 433 cpu 44 streamed 3 · resident 4439 pending 7 / 4446 · dma.span 2.13 dma.wait 1.72 ms (3 layers) · promo 35.9 MiB paced
[cache] step 13191 M=2 routed 480 hit 398 cpu 72 streamed 10 · resident 4434 pending 12 / 4446 · dma.span 7.07 dma.wait 5.50 ms (10 layers) · promo 53.8 MiB paced
[cache] step 13192 M=2 routed 480 hit 441 cpu 37 streamed 2 · resident 4431 pending 15 / 4446 · dma.span 1.41 dma.wait 1.07 ms (2 layers) · promo 107.6 MiB paced
[cache] step 13193 M=2 routed 480 hit 455 cpu 23 streamed 2 · resident 4433 pending 13 / 4446 · dma.span 1.45 dma.wait 1.18 ms (2 layers) · promo 125.5 MiB paced
[cache] step 13194 M=2 routed 480 hit 452 cpu 28 streamed 0 · resident 4438 pending 8 / 4446 · dma.span 0.00 dma.wait - ms (0 layers) · promo 89.6 MiB paced
[cache] step 13195 M=2 routed 480 hit 461 cpu 19 streamed 0 · resident 4439 pending 7 / 4446 · dma.span 0.00 dma.wait - ms (0 layers) · promo 35.9 MiB paced
[cache] step 13196 M=2 routed 480 hit 459 cpu 21 streamed 0 · resident 4440 pending 6 / 4446 · dma.span 0.00 dma.wait - ms (0 layers) · promo 71.7 MiB paced
[cache] step 13197 M=2 routed 480 hit 464 cpu 16 streamed 0 · resident 4441 pending 5 / 4446 · dma.span 0.00 dma.wait - ms (0 layers) · promo 17.9 MiB paced
[cache] step 13198 M=2 routed 480 hit 436 cpu 44 streamed 0 · resident 4436 pending 10 / 4446 · dma.span 0.00 dma.wait - ms (0 layers) · promo 71.7 MiB paced
[cache] step 13199 M=2 routed 480 hit 443 cpu 35 streamed 2 · resident 4435 pending 11 / 4446 · dma.span 1.41 dma.wait 1.11 ms (2 layers) · promo 71.7 MiB paced
[cache] step 13200 M=2 routed 480 hit 451 cpu 29 streamed 0 · resident 4438 pending 8 / 4446 · dma.span 0.00 dma.wait - ms (0 layers) · promo 71.7 MiB paced
[cache] step 13201 M=2 routed 480 hit 456 cpu 23 streamed 1 · resident 4440 pending 6 / 4446 · dma.span 0.71 dma.wait 0.54 ms (1 layers) · promo 53.8 MiB paced
[cache] step 13202 M=2 routed 480 hit 449 cpu 30 streamed 1 · resident 4442 pending 4 / 4446 · dma.span 0.71 dma.wait 0.54 ms (1 layers) · promo 53.8 MiB paced
[cache] step 13203 M=2 routed 480 hit 442 cpu 38 streamed 0 · resident 4440 pending 6 / 4446 · dma.span 0.00 dma.wait - ms (0 layers) · promo 17.9 MiB paced
[cache] step 13204 M=2 routed 480 hit 453 cpu 26 streamed 1 · resident 4437 pending 9 / 4446 · dma.span 0.71 dma.wait 0.53 ms (1 layers) · promo 89.6 MiB paced
[cache] step 13205 M=2 routed 480 hit 453 cpu 27 streamed 0 · resident 4440 pending 6 / 4446 · dma.span 0.00 dma.wait - ms (0 layers) · promo 53.8 MiB paced
[cache] step 13206 M=2 routed 480 hit 430 cpu 47 streamed 3 · resident 4436 pending 10 / 4446 · dma.span 2.16 dma.wait 1.76 ms (3 layers) · promo 35.9 MiB paced
[cache] step 13207 M=2 routed 480 hit 442 cpu 36 streamed 2 · resident 4430 pending 16 / 4446 · dma.span 1.41 dma.wait 1.10 ms (2 layers) · promo 125.5 MiB paced
[cache] step 13208 M=2 routed 480 hit 436 cpu 43 streamed 1 · resident 4430 pending 16 / 4446 · dma.span 0.70 dma.wait 0.54 ms (1 layers) · promo 143.4 MiB paced
[cache] step 13209 M=2 routed 480 hit 442 cpu 36 streamed 2 · resident 4430 pending 16 / 4446 · dma.span 1.41 dma.wait 1.15 ms (2 layers) · promo 143.4 MiB paced
[cache] step 13210 M=2 routed 480 hit 446 cpu 33 streamed 1 · resident 4430 pending 16 / 4446 · dma.span 0.70 dma.wait 0.53 ms (1 layers) · promo 143.4 MiB paced
[cache] step 13211 M=2 routed 480 hit 442 cpu 37 streamed 1 · resident 4431 pending 15 / 4446 · dma.span 0.73 dma.wait 0.58 ms (1 layers) · promo 107.6 MiB paced
[cache] step 13212 M=2 routed 480 hit 435 cpu 42 streamed 2 · resident 4433 pending 13 / 4446 · dma.span 1.44 dma.wait 1.13 ms (2 layers) · promo 125.5 MiB paced
[cache] step 13213 M=2 routed 480 hit 414 cpu 62 streamed 4 · resident 4432 pending 14 / 4446 · dma.span 2.83 dma.wait 2.16 ms (4 layers) · promo 89.6 MiB paced
[cache] step 13214 M=2 routed 480 hit 420 cpu 55 streamed 5 · resident 4430 pending 16 / 4446 · dma.span 3.54 dma.wait 2.82 ms (5 layers) · promo 143.4 MiB paced
[cache] step 13215 M=2 routed 480 hit 450 cpu 30 streamed 0 · resident 4430 pending 16 / 4446 · dma.span 0.00 dma.wait - ms (0 layers) · promo 107.6 MiB paced
[cache] step 13216 M=2 routed 480 hit 443 cpu 36 streamed 1 · resident 4433 pending 13 / 4446 · dma.span 0.70 dma.wait 0.54 ms (1 layers) · promo 107.6 MiB paced
[cache] step 13217 M=2 routed 480 hit 430 cpu 47 streamed 3 · resident 4433 pending 13 / 4446 · dma.span 2.13 dma.wait 1.62 ms (3 layers) · promo 89.6 MiB paced
[cache] step 13218 M=2 routed 480 hit 440 cpu 39 streamed 1 · resident 4433 pending 13 / 4446 · dma.span 0.70 dma.wait 0.56 ms (1 layers) · promo 125.5 MiB paced
[cache] step 13219 M=2 routed 480 hit 448 cpu 31 streamed 1 · resident 4436 pending 10 / 4446 · dma.span 0.72 dma.wait 0.56 ms (1 layers) · promo 89.6 MiB paced
[cache] step 13220 M=2 routed 480 hit 452 cpu 28 streamed 0 · resident 4438 pending 8 / 4446 · dma.span 0.00 dma.wait - ms (0 layers) · promo 71.7 MiB paced
[cache] step 13221 M=2 routed 480 hit 441 cpu 37 streamed 2 · resident 4435 pending 11 / 4446 · dma.span 1.60 dma.wait 1.35 ms (2 layers) · promo 53.8 MiB paced
[cache] step 13222 M=2 routed 480 hit 444 cpu 36 streamed 0 · resident 4434 pending 12 / 4446 · dma.span 0.00 dma.wait - ms (0 layers) · promo 125.5 MiB paced
[cache] step 13223 M=2 routed 480 hit 428 cpu 49 streamed 3 · resident 4434 pending 12 / 4446 · dma.span 2.11 dma.wait 1.73 ms (3 layers) · promo 71.7 MiB paced
[cache] step 13224 M=2 routed 480 hit 436 cpu 43 streamed 1 · resident 4430 pending 16 / 4446 · dma.span 0.70 dma.wait 0.54 ms (1 layers) · promo 143.4 MiB paced
[cache] step 13225 M=2 routed 480 hit 457 cpu 22 streamed 1 · resident 4434 pending 12 / 4446 · dma.span 0.70 dma.wait 0.57 ms (1 layers) · promo 143.4 MiB paced
[cache] step 13226 M=2 routed 480 hit 428 cpu 48 streamed 4 · resident 4434 pending 12 / 4446 · dma.span 2.85 dma.wait 2.30 ms (4 layers) · promo 53.8 MiB paced
[cache] step 13227 M=2 routed 480 hit 440 cpu 39 streamed 1 · resident 4430 pending 16 / 4446 · dma.span 0.70 dma.wait 0.58 ms (1 layers) · promo 107.6 MiB paced
[cache] step 13228 M=2 routed 480 hit 443 cpu 36 streamed 1 · resident 4433 pending 13 / 4446 · dma.span 0.71 dma.wait 0.60 ms (1 layers) · promo 125.5 MiB paced
[cache] step 13229 M=2 routed 480 hit 449 cpu 30 streamed 1 · resident 4436 pending 10 / 4446 · dma.span 0.70 dma.wait 0.54 ms (1 layers) · promo 53.8 MiB paced
[cache] step 13230 M=2 routed 480 hit 444 cpu 34 streamed 2 · resident 4438 pending 8 / 4446 · dma.span 1.40 dma.wait 1.09 ms (2 layers) · promo 71.7 MiB paced
[cache] step 13231 M=2 routed 480 hit 438 cpu 39 streamed 3 · resident 4435 pending 11 / 4446 · dma.span 2.13 dma.wait 1.74 ms (3 layers) · promo 53.8 MiB paced
[cache] step 13232 M=2 routed 480 hit 447 cpu 33 streamed 0 · resident 4430 pending 16 / 4446 · dma.span 0.00 dma.wait - ms (0 layers) · promo 143.4 MiB paced
[cache] step 13233 M=2 routed 480 hit 458 cpu 22 streamed 0 · resident 4434 pending 12 / 4446 · dma.span 0.00 dma.wait - ms (0 layers) · promo 143.4 MiB paced
[cache] step 13234 M=2 routed 480 hit 447 cpu 32 streamed 1 · resident 4437 pending 9 / 4446 · dma.span 0.72 dma.wait 0.59 ms (1 layers) · promo 71.7 MiB paced
[cache] step 13235 M=2 routed 480 hit 427 cpu 51 streamed 2 · resident 4433 pending 13 / 4446 · dma.span 1.41 dma.wait 1.06 ms (2 layers) · promo 89.6 MiB paced
[cache] step 13236 M=2 routed 480 hit 433 cpu 43 streamed 4 · resident 4430 pending 16 / 4446 · dma.span 2.86 dma.wait 2.23 ms (4 layers) · promo 125.5 MiB paced
[cache] step 13237 M=2 routed 480 hit 439 cpu 39 streamed 2 · resident 4430 pending 16 / 4446 · dma.span 1.42 dma.wait 1.10 ms (2 layers) · promo 143.4 MiB paced
[cache] step 13238 M=2 routed 480 hit 411 cpu 63 streamed 6 · resident 4430 pending 16 / 4446 · dma.span 4.25 dma.wait 3.26 ms (6 layers) · promo 125.5 MiB paced
[cache] step 13239 M=2 routed 480 hit 426 cpu 52 streamed 2 · resident 4430 pending 16 / 4446 · dma.span 1.43 dma.wait 1.14 ms (2 layers) · promo 89.6 MiB paced
[mtp] gate2 k 5 · expect 2.72 tok / 47.5 ms (T1 28.7) · got 3 tok / 69.1 ms · net 20.8 ms
[mtp] pos 1812 draft 9.9 ms · verify 6 rows 69.1 ms · accepted 2/5 · conf [1.41,0.33,0.17,0.43,1.15] · hit 1087 cpu 236
[hived] 946b272e1683246f: prefill 1354 tok 2348 ms · decode 504 tok 14591 ms (34.5 tok/s, batch 2) · hit 103617 cpu 16426 · resident 4438/4446 · mtp 20/30 in 14 steps · stop
[mtp] gate2 k 5 · expect 4.00 tok / 51.8 ms (T1 28.7) · got 4 tok / 76.8 ms · net 27.9 ms
[mtp] pos 1816 draft 6.8 ms · verify 6 rows 79.9 ms · accepted 3/5 · conf [1.80,2.45,2.63,1.32,1.09] · hit 1037 cpu 269
[mtp] pos 1816 draft 4.8 ms · gate2 no draft (conf0 -0.47 · T1 28.7 T2 41.6 T6 56.8 ms · skip 1)
[cache] step 13245 M=1 routed 240 hit 196 cpu 40 streamed 4 · resident 4438 pending 8 / 4446 · dma.span 2.84 dma.wait 2.34 ms (4 layers) · promo 0.0 MiB paced
[cache] step 13246 M=1 routed 240 hit 223 cpu 17 streamed 0 · resident 4430 pending 16 / 4446 · dma.span 0.00 dma.wait - ms (0 layers) · promo 0.0 MiB paced
[decode-sync M=5] layer waits 80 · host wait 15.04 ms (spin)
[profile M=5] total 37.57 ms: embed 0.05 segA.win 0.34 moe.gpu_experts 11.67 moe.cpu_experts 4.79 moe 0.03 segA.engram 1.12 segA.index 7.39 segA.comp 10.64 head 1.54 · dma.span 5.89 dma.wait 3.43 ms (8 layers) · promo 17.9 MiB paced
[early-route M=5] layers 2400 · host ahead of front end 2214 · table on own stream 2400 · absorbed 0 (resync 0 · missing 0 · untrusted 0)
[decode-host M=5 verify] sync 0.15 · prep 0.49 · launch 0.59 · cpu 13.08 vs gpu 11.56 (cpu-bound layers 25/40) · tail 4.44 ms · next 0.16 · front 19.11 · post 0.13 · hprep 0.22 · gpu-idle 4.99 of 35.97 ms (cpu layers 36)
[mtp] gate2 k 4 · expect 4.18 tok / 47.2 ms (T1 25.4) · got 5 tok / 38.5 ms · net 27.8 ms
[mtp] pos 1823 draft 5.2 ms · verify 5 rows 38.5 ms · accepted 4/4 · conf [7.03,2.62,2.84,0.34,0.01] · hit 1122 cpu 70
[mtp] gate2 k 4 · expect 2.64 tok / 47.2 ms (T1 25.4) · got 3 tok / 33.2 ms · net 24.8 ms
[mtp] pos 1826 draft 6.7 ms · verify 5 rows 33.2 ms · accepted 2/4 · conf [1.62,1.91,-0.78,-0.00,-1.04] · hit 1118 cpu 72
[snapshot] pos 38960 d2h_bytes 10390384 host_bytes 42006320 async 1 delta 1
[hived] 0b5be76b5512753b~1: reuse 262/1347 via shared-prefix (was reset 0 · upper on · 7 entries)
[runtime] elastic reclaim #16: evicted 577 · dropped promotions 7 (total) · 0.24 ms · slots 4446 → 3869
[hived] 0b5be76b5512753b~1: prefill chunk 1 M 1085 · 262→1347/1347 · upper on · tail rows 128 · hit 103639 streamed 1013 cpu 7482 dma_rows 34439 · cpu wait 656 ms span 689 ms · 938 ms
[hived] 0b5be76b5512753b~1: prefill total 1085 rows in 1 chunks · hit 103639 streamed 1013 cpu 7482 dma_rows 34439 · cpu wait 656 ms span 689 ms · 942 ms
[snapshot] pos 1347 d2h_bytes 6930080 host_bytes 6950260 async 1 delta 0
[hived] warm cache: 487 experts in 315 ms
[cache] step 13252 M=2 routed 480 hit 383 cpu 86 streamed 11 · resident 4356 pending 8 / 4446 · dma.span 7.80 dma.wait 6.05 ms (11 layers) · promo 8283.5 MiB paced
[cache] step 13253 M=2 routed 480 hit 384 cpu 86 streamed 10 · resident 4356 pending 16 / 4446 · dma.span 7.10 dma.wait 5.49 ms (10 layers) · promo 143.4 MiB paced
[cache] step 13254 M=2 routed 480 hit 387 cpu 83 streamed 10 · resident 4364 pending 16 / 4446 · dma.span 7.02 dma.wait 5.48 ms (10 layers) · promo 143.4 MiB paced
[cache] step 13255 M=2 routed 480 hit 444 cpu 35 streamed 1 · resident 4372 pending 16 / 4446 · dma.span 0.71 dma.wait 0.56 ms (1 layers) · promo 89.6 MiB paced
[cache] step 13256 M=2 routed 480 hit 411 cpu 62 streamed 7 · resident 4380 pending 16 / 4446 · dma.span 4.95 dma.wait 3.87 ms (7 layers) · promo 125.5 MiB paced
[cache] step 13257 M=2 routed 480 hit 391 cpu 79 streamed 10 · resident 4388 pending 16 / 4446 · dma.span 7.03 dma.wait 5.43 ms (10 layers) · promo 143.4 MiB paced
[cache] step 13258 M=2 routed 480 hit 373 cpu 92 streamed 15 · resident 4396 pending 16 / 4446 · dma.span 10.60 dma.wait 8.46 ms (15 layers) · promo 125.5 MiB paced
[cache] step 13259 M=2 routed 480 hit 399 cpu 72 streamed 9 · resident 4404 pending 16 / 4446 · dma.span 6.38 dma.wait 4.97 ms (9 layers) · promo 107.6 MiB paced
[cache] step 13260 M=2 routed 480 hit 390 cpu 82 streamed 8 · resident 4412 pending 16 / 4446 · dma.span 5.69 dma.wait 4.40 ms (8 layers) · promo 107.6 MiB paced
[cache] step 13261 M=2 routed 480 hit 373 cpu 93 streamed 13 · resident 4420 pending 16 / 4446 · dma.span 9.23 dma.wait 7.21 ms (13 layers) · promo 143.4 MiB paced
[cache] step 13262 M=2 routed 480 hit 401 cpu 70 streamed 9 · resident 4428 pending 16 / 4446 · dma.span 6.37 dma.wait 4.94 ms (9 layers) · promo 107.6 MiB paced
[cache] step 13263 M=2 routed 480 hit 441 cpu 36 streamed 3 · resident 4430 pending 16 / 4446 · dma.span 2.12 dma.wait 1.61 ms (3 layers) · promo 125.5 MiB paced
[cache] step 13264 M=2 routed 480 hit 426 cpu 51 streamed 3 · resident 4430 pending 16 / 4446 · dma.span 2.13 dma.wait 1.63 ms (3 layers) · promo 89.6 MiB paced
[cache] step 13265 M=2 routed 480 hit 396 cpu 73 streamed 11 · resident 4430 pending 16 / 4446 · dma.span 7.74 dma.wait 6.07 ms (11 layers) · promo 125.5 MiB paced
[cache] step 13266 M=2 routed 480 hit 432 cpu 48 streamed 0 · resident 4430 pending 16 / 4446 · dma.span 0.00 dma.wait - ms (0 layers) · promo 125.5 MiB paced
[cache] step 13267 M=2 routed 480 hit 394 cpu 77 streamed 9 · resident 4430 pending 16 / 4446 · dma.span 6.32 dma.wait 4.90 ms (9 layers) · promo 125.5 MiB paced
[cache] step 13268 M=2 routed 480 hit 356 cpu 105 streamed 18 · resident 4430 pending 16 / 4446 · dma.span 12.74 dma.wait 10.06 ms (18 layers) · promo 125.5 MiB paced
[cache] step 13269 M=2 routed 480 hit 373 cpu 95 streamed 12 · resident 4430 pending 16 / 4446 · dma.span 8.47 dma.wait 6.66 ms (12 layers) · promo 125.5 MiB paced
[cache] step 13270 M=2 routed 480 hit 394 cpu 76 streamed 10 · resident 4430 pending 16 / 4446 · dma.span 7.03 dma.wait 5.40 ms (10 layers) · promo 143.4 MiB paced
[cache] step 13271 M=2 routed 480 hit 417 cpu 58 streamed 5 · resident 4430 pending 16 / 4446 · dma.span 3.53 dma.wait 2.71 ms (5 layers) · promo 143.4 MiB paced
[cache] step 13272 M=2 routed 480 hit 385 cpu 85 streamed 10 · resident 4430 pending 16 / 4446 · dma.span 7.16 dma.wait 5.60 ms (10 layers) · promo 125.5 MiB paced
[cache] step 13273 M=2 routed 480 hit 391 cpu 79 streamed 9 · resident 4430 pending 16 / 4446 · dma.span 6.39 dma.wait 4.95 ms (9 layers) · promo 143.4 MiB paced
[cache] step 13274 M=2 routed 480 hit 376 cpu 89 streamed 15 · resident 4430 pending 16 / 4446 · dma.span 10.57 dma.wait 8.23 ms (15 layers) · promo 107.6 MiB paced
[cache] step 13275 M=2 routed 480 hit 415 cpu 60 streamed 5 · resident 4430 pending 16 / 4446 · dma.span 3.52 dma.wait 2.72 ms (5 layers) · promo 107.6 MiB paced
[cache] step 13276 M=2 routed 480 hit 436 cpu 43 streamed 1 · resident 4430 pending 16 / 4446 · dma.span 0.70 dma.wait 0.53 ms (1 layers) · promo 107.6 MiB paced
[cache] step 13277 M=2 routed 480 hit 406 cpu 66 streamed 8 · resident 4430 pending 16 / 4446 · dma.span 5.65 dma.wait 4.48 ms (8 layers) · promo 125.5 MiB paced
[cache] step 13278 M=2 routed 480 hit 395 cpu 76 streamed 9 · resident 4430 pending 16 / 4446 · dma.span 6.36 dma.wait 4.92 ms (9 layers) · promo 89.6 MiB paced
[cache] step 13279 M=2 routed 480 hit 434 cpu 43 streamed 3 · resident 4430 pending 16 / 4446 · dma.span 2.13 dma.wait 1.66 ms (3 layers) · promo 125.5 MiB paced
[cache] step 13280 M=2 routed 480 hit 440 cpu 38 streamed 2 · resident 4430 pending 16 / 4446 · dma.span 1.42 dma.wait 1.13 ms (2 layers) · promo 143.4 MiB paced
[cache] step 13281 M=2 routed 480 hit 454 cpu 25 streamed 1 · resident 4430 pending 16 / 4446 · dma.span 0.73 dma.wait 0.56 ms (1 layers) · promo 107.6 MiB paced
[cache] step 13282 M=2 routed 480 hit 450 cpu 28 streamed 2 · resident 4430 pending 16 / 4446 · dma.span 1.44 dma.wait 1.14 ms (2 layers) · promo 143.4 MiB paced
[cache] step 13283 M=2 routed 480 hit 460 cpu 20 streamed 0 · resident 4430 pending 16 / 4446 · dma.span 0.00 dma.wait - ms (0 layers) · promo 89.6 MiB paced
[cache] step 13284 M=2 routed 480 hit 464 cpu 16 streamed 0 · resident 4430 pending 16 / 4446 · dma.span 0.00 dma.wait - ms (0 layers) · promo 107.6 MiB paced
[cache] step 13285 M=2 routed 480 hit 445 cpu 34 streamed 1 · resident 4430 pending 16 / 4446 · dma.span 0.70 dma.wait 0.53 ms (1 layers) · promo 125.5 MiB paced
[cache] step 13286 M=2 routed 480 hit 439 cpu 38 streamed 3 · resident 4430 pending 16 / 4446 · dma.span 2.14 dma.wait 1.70 ms (3 layers) · promo 143.4 MiB paced
[cache] step 13287 M=2 routed 480 hit 434 cpu 45 streamed 1 · resident 4430 pending 16 / 4446 · dma.span 0.72 dma.wait 0.57 ms (1 layers) · promo 125.5 MiB paced
[cache] step 13288 M=2 routed 480 hit 436 cpu 41 streamed 3 · resident 4430 pending 16 / 4446 · dma.span 2.13 dma.wait 1.73 ms (3 layers) · promo 107.6 MiB paced
[cache] step 13289 M=2 routed 480 hit 440 cpu 39 streamed 1 · resident 4430 pending 16 / 4446 · dma.span 0.70 dma.wait 0.53 ms (1 layers) · promo 107.6 MiB paced
[cache] step 13290 M=2 routed 480 hit 419 cpu 57 streamed 4 · resident 4430 pending 16 / 4446 · dma.span 2.81 dma.wait 2.15 ms (4 layers) · promo 143.4 MiB paced
[cache] step 13291 M=2 routed 480 hit 395 cpu 77 streamed 8 · resident 4430 pending 16 / 4446 · dma.span 5.73 dma.wait 4.48 ms (8 layers) · promo 107.6 MiB paced
[mtp] gate2 k 2 · expect 1.75 tok / 44.0 ms (T1 25.4) · got 1 tok / 33.0 ms · net -4.2 ms
[mtp] pos 1388 draft 4.6 ms · verify 3 rows 33.0 ms · accepted 0/2 · conf [0.54,-0.89,-1.51,-0.13,-1.46] · hit 639 cpu 68
[hived] 0b5be76b5512753b: prefill 1347 tok 4482 ms · decode 520 tok 15135 ms (34.3 tok/s, batch 2) · hit 111106 cpu 13562 · resident 4438/4446 · mtp 11/18 in 4 steps · stop
[mtp] pos 1388 draft 6.0 ms · gate2 no draft (conf0 -1.36 · T1 25.4 T2 41.6 T6 56.8 ms · skip 1)
[cache] step 13295 M=1 routed 240 hit 217 cpu 23 streamed 0 · resident 4438 pending 8 / 4446 · dma.span 0.00 dma.wait - ms (0 layers) · promo 71.7 MiB paced
[cache] step 13296 M=1 routed 240 hit 226 cpu 13 streamed 1 · resident 4430 pending 16 / 4446 · dma.span 0.77 dma.wait 0.62 ms (1 layers) · promo 143.4 MiB paced
[mtp] pos 1390 draft 4.3 ms · gate2 no draft (conf0 -0.06 · T1 22.8 T2 41.6 T6 56.8 ms · skip 2)
[cache] step 13298 M=1 routed 240 hit 227 cpu 12 streamed 1 · resident 4438 pending 8 / 4446 · dma.span 0.71 dma.wait 0.57 ms (1 layers) · promo 125.5 MiB paced
[cache] step 13299 M=1 routed 240 hit 227 cpu 13 streamed 0 · resident 4430 pending 16 / 4446 · dma.span 0.00 dma.wait - ms (0 layers) · promo 125.5 MiB paced
[cache] step 13300 M=1 routed 240 hit 229 cpu 11 streamed 0 · resident 4430 pending 16 / 4446 · dma.span 0.00 dma.wait - ms (0 layers) · promo 125.5 MiB paced
[mtp] pos 1393 draft 4.9 ms · gate2 no draft (conf0 -0.48 · T1 20.2 T2 41.6 T6 56.8 ms · skip 4)
[cache] step 13302 M=1 routed 240 hit 223 cpu 17 streamed 0 · resident 4438 pending 8 / 4446 · dma.span 0.00 dma.wait - ms (0 layers) · promo 143.4 MiB paced
[cache] step 13303 M=1 routed 240 hit 227 cpu 13 streamed 0 · resident 4430 pending 16 / 4446 · dma.span 0.00 dma.wait - ms (0 layers) · promo 125.5 MiB paced
[cache] step 13304 M=1 routed 240 hit 218 cpu 21 streamed 1 · resident 4430 pending 16 / 4446 · dma.span 0.71 dma.wait 0.59 ms (1 layers) · promo 143.4 MiB paced
[cache] step 13305 M=1 routed 240 hit 231 cpu 9 streamed 0 · resident 4430 pending 16 / 4446 · dma.span 0.00 dma.wait - ms (0 layers) · promo 125.5 MiB paced
[cache] step 13306 M=1 routed 240 hit 225 cpu 15 streamed 0 · resident 4430 pending 16 / 4446 · dma.span 0.00 dma.wait - ms (0 layers) · promo 143.4 MiB paced
[mtp] gate2 k 4 · expect 3.88 tok / 44.4 ms (T1 18.6) · got 3 tok / 31.3 ms · net 0.9 ms
[mtp] pos 1401 draft 5.0 ms · verify 5 rows 31.3 ms · accepted 2/4 · conf [9.98,8.68,0.54,0.43,-1.17] · hit 1150 cpu 43
[mtp] pos 1401 draft 4.0 ms · gate2 no draft (conf0 1.87 · T1 18.6 T2 41.6 T6 56.8 ms · skip 1)
[cache] step 13310 M=1 routed 240 hit 213 cpu 27 streamed 0 · resident 4438 pending 8 / 4446 · dma.span 0.00 dma.wait - ms (0 layers) · promo 107.6 MiB paced
[cache] step 13311 M=1 routed 240 hit 234 cpu 6 streamed 0 · resident 4430 pending 16 / 4446 · dma.span 0.00 dma.wait - ms (0 layers) · promo 125.5 MiB paced
[profile M=5] total 4.49 ms: mtp.embed 0.05 hc.fused 0.12 mtp.attn 1.16 moe.router 0.08 moe.shared 0.17 moe.d2h 0.06 mtp.router 0.01 moe.gpu_experts 0.52 moe.cpu_experts 0.80 mtp.experts 0.04 mtp.head 1.48
[mtp] pos 1403 draft 4.6 ms · gate2 no draft (conf0 0.47 · T1 18.4 T2 41.6 T6 56.8 ms · skip 2)
[cache] step 13313 M=1 routed 240 hit 228 cpu 12 streamed 0 · resident 4438 pending 8 / 4446 · dma.span 0.00 dma.wait - ms (0 layers) · promo 125.5 MiB paced
[cache] step 13314 M=1 routed 240 hit 231 cpu 9 streamed 0 · resident 4430 pending 16 / 4446 · dma.span 0.00 dma.wait - ms (0 layers) · promo 125.5 MiB paced
[cache] step 13315 M=1 routed 240 hit 220 cpu 20 streamed 0 · resident 4431 pending 15 / 4446 · dma.span 0.00 dma.wait - ms (0 layers) · promo 125.5 MiB paced
[mtp] pos 1406 draft 3.6 ms · gate2 no draft (conf0 0.02 · T1 18.0 T2 41.6 T6 56.8 ms · skip 4)
[cache] step 13317 M=1 routed 240 hit 232 cpu 8 streamed 0 · resident 4444 pending 2 / 4446 · dma.span 0.00 dma.wait - ms (0 layers) · promo 125.5 MiB paced
[cache] step 13318 M=1 routed 240 hit 229 cpu 11 streamed 0 · resident 4439 pending 7 / 4446 · dma.span 0.00 dma.wait - ms (0 layers) · promo 17.9 MiB paced
[cache] step 13319 M=1 routed 240 hit 221 cpu 19 streamed 0 · resident 4433 pending 13 / 4446 · dma.span 0.00 dma.wait - ms (0 layers) · promo 89.6 MiB paced
[cache] step 13320 M=1 routed 240 hit 216 cpu 23 streamed 1 · resident 4434 pending 12 / 4446 · dma.span 0.71 dma.wait 0.59 ms (1 layers) · promo 143.4 MiB paced
[cache] step 13321 M=1 routed 240 hit 222 cpu 18 streamed 0 · resident 4436 pending 10 / 4446 · dma.span 0.00 dma.wait - ms (0 layers) · promo 71.7 MiB paced
[mtp] pos 1411 draft 4.4 ms · gate2 no draft (conf0 1.04 · T1 18.0 T2 41.6 T6 56.8 ms · skip 8)
[cache] step 13323 M=1 routed 240 hit 225 cpu 15 streamed 0 · resident 4438 pending 8 / 4446 · dma.span 0.00 dma.wait - ms (0 layers) · promo 107.6 MiB paced
[cache] step 13324 M=1 routed 240 hit 200 cpu 38 streamed 2 · resident 4430 pending 16 / 4446 · dma.span 1.41 dma.wait 1.15 ms (2 layers) · promo 143.4 MiB paced
[cache] step 13325 M=1 routed 240 hit 227 cpu 13 streamed 0 · resident 4430 pending 16 / 4446 · dma.span 0.00 dma.wait - ms (0 layers) · promo 125.5 MiB paced
[cache] step 13326 M=1 routed 240 hit 232 cpu 8 streamed 0 · resident 4430 pending 16 / 4446 · dma.span 0.00 dma.wait - ms (0 layers) · promo 143.4 MiB paced
[cache] step 13327 M=1 routed 240 hit 232 cpu 8 streamed 0 · resident 4434 pending 12 / 4446 · dma.span 0.00 dma.wait - ms (0 layers) · promo 125.5 MiB paced
[cache] step 13328 M=1 routed 240 hit 231 cpu 9 streamed 0 · resident 4439 pending 7 / 4446 · dma.span 0.00 dma.wait - ms (0 layers) · promo 71.7 MiB paced
[cache] step 13329 M=1 routed 240 hit 227 cpu 13 streamed 0 · resident 4442 pending 4 / 4446 · dma.span 0.00 dma.wait - ms (0 layers) · promo 53.8 MiB paced
[cache] step 13330 M=1 routed 240 hit 219 cpu 21 streamed 0 · resident 4442 pending 4 / 4446 · dma.span 0.00 dma.wait - ms (0 layers) · promo 17.9 MiB paced
[cache] step 13331 M=1 routed 240 hit 221 cpu 18 streamed 1 · resident 4438 pending 8 / 4446 · dma.span 0.69 dma.wait 0.57 ms (1 layers) · promo 53.8 MiB paced
[mtp] gate2 k 4 · expect 2.66 tok / 41.8 ms (T1 17.6) · got 1 tok / 29.2 ms · net -1.5 ms
[mtp] pos 1421 draft 4.1 ms · verify 5 rows 29.3 ms · accepted 0/4 · conf [1.01,0.94,0.22,1.34,-1.30] · hit 1147 cpu 50
[cache] step 13334 M=1 routed 240 hit 224 cpu 16 streamed 0 · resident 4430 pending 16 / 4446 · dma.span 0.00 dma.wait - ms (0 layers) · promo 143.4 MiB paced
[cache] step 13335 M=1 routed 240 hit 231 cpu 9 streamed 0 · resident 4432 pending 14 / 4446 · dma.span 0.00 dma.wait - ms (0 layers) · promo 125.5 MiB paced
[cache] step 13336 M=1 routed 240 hit 222 cpu 18 streamed 0 · resident 4437 pending 9 / 4446 · dma.span 0.00 dma.wait - ms (0 layers) · promo 107.6 MiB paced
[cache] step 13337 M=1 routed 240 hit 227 cpu 13 streamed 0 · resident 4440 pending 6 / 4446 · dma.span 0.00 dma.wait - ms (0 layers) · promo 53.8 MiB paced
[cache] step 13338 M=1 routed 240 hit 219 cpu 21 streamed 0 · resident 4440 pending 6 / 4446 · dma.span 0.00 dma.wait - ms (0 layers) · promo 53.8 MiB paced
[cache] step 13339 M=1 routed 240 hit 223 cpu 17 streamed 0 · resident 4437 pending 9 / 4446 · dma.span 0.00 dma.wait - ms (0 layers) · promo 53.8 MiB paced
[cache] step 13340 M=1 routed 240 hit 224 cpu 16 streamed 0 · resident 4436 pending 10 / 4446 · dma.span 0.00 dma.wait - ms (0 layers) · promo 107.6 MiB paced
[cache] step 13341 M=1 routed 240 hit 222 cpu 18 streamed 0 · resident 4442 pending 4 / 4446 · dma.span 0.00 dma.wait - ms (0 layers) · promo 71.7 MiB paced
[mtp] gate2 k 4 · expect 3.14 tok / 39.3 ms (T1 17.6) · got 3 tok / 32.7 ms · net 1.3 ms
[mtp] pos 1432 draft 3.9 ms · verify 5 rows 32.7 ms · accepted 2/4 · conf [12.48,0.37,1.99,-0.98,-1.72] · hit 1117 cpu 73
[mtp] gate2 k 2 · expect 2.76 tok / 41.8 ms (T1 17.6) · got 3 tok / 26.4 ms · net 1.0 ms
[mtp] pos 1435 draft 6.9 ms · verify 3 rows 26.4 ms · accepted 2/2 · conf [2.39,3.06,-0.75,-1.06,-1.01] · hit 674 cpu 41
[mtp] pos 1435 draft 4.2 ms · gate2 no draft (conf0 0.93 · T1 17.6 T2 41.6 T6 56.8 ms · skip 1)
[cache] step 13347 M=1 routed 240 hit 221 cpu 19 streamed 0 · resident 4443 pending 3 / 4446 · dma.span 0.00 dma.wait - ms (0 layers) · promo 107.6 MiB paced
[cache] step 13348 M=1 routed 240 hit 223 cpu 17 streamed 0 · resident 4439 pending 7 / 4446 · dma.span 0.00 dma.wait - ms (0 layers) · promo 53.8 MiB paced
[mtp] pos 1437 draft 3.7 ms · gate2 no draft (conf0 0.77 · T1 17.7 T2 41.6 T6 56.8 ms · skip 2)
[cache] step 13350 M=1 routed 240 hit 224 cpu 16 streamed 0 · resident 4444 pending 2 / 4446 · dma.span 0.00 dma.wait - ms (0 layers) · promo 71.7 MiB paced
[cache] step 13351 M=1 routed 240 hit 216 cpu 24 streamed 0 · resident 4443 pending 3 / 4446 · dma.span 0.00 dma.wait - ms (0 layers) · promo 35.9 MiB paced
[cache] step 13352 M=1 routed 240 hit 204 cpu 35 streamed 1 · resident 4439 pending 7 / 4446 · dma.span 1.03 dma.wait 0.86 ms (1 layers) · promo 17.9 MiB paced
[mtp] gate2 k 2 · expect 2.32 tok / 38.7 ms (T1 18.3) · got 3 tok / 30.8 ms · net -0.7 ms
[mtp] pos 1443 draft 4.0 ms · verify 3 rows 30.8 ms · accepted 2/2 · conf [6.50,-0.52,-0.56,-1.12,-0.36] · hit 645 cpu 65
[cache] step 13355 M=1 routed 240 hit 218 cpu 22 streamed 0 · resident 4431 pending 15 / 4446 · dma.span 0.00 dma.wait - ms (0 layers) · promo 89.6 MiB paced
[cache] step 13356 M=1 routed 240 hit 205 cpu 34 streamed 1 · resident 4437 pending 9 / 4446 · dma.span 0.72 dma.wait 0.60 ms (1 layers) · promo 107.6 MiB paced
[cache] step 13357 M=1 routed 240 hit 214 cpu 24 streamed 2 · resident 4439 pending 7 / 4446 · dma.span 1.42 dma.wait 1.18 ms (2 layers) · promo 35.9 MiB paced
[cache] step 13358 M=1 routed 240 hit 225 cpu 15 streamed 0 · resident 4441 pending 5 / 4446 · dma.span 0.00 dma.wait - ms (0 layers) · promo 53.8 MiB paced
[cache] step 13359 M=1 routed 240 hit 228 cpu 12 streamed 0 · resident 4443 pending 3 / 4446 · dma.span 0.00 dma.wait - ms (0 layers) · promo 0.0 MiB paced
[cache] step 13360 M=1 routed 240 hit 186 cpu 51 streamed 3 · resident 4442 pending 4 / 4446 · dma.span 2.15 dma.wait 1.65 ms (3 layers) · promo 53.8 MiB paced
[cache] step 13361 M=1 routed 240 hit 180 cpu 55 streamed 5 · resident 4442 pending 4 / 4446 · dma.span 3.56 dma.wait 2.89 ms (5 layers) · promo 17.9 MiB paced
[cache] step 13362 M=1 routed 240 hit 205 cpu 34 streamed 1 · resident 4439 pending 7 / 4446 · dma.span 0.72 dma.wait 0.59 ms (1 layers) · promo 35.9 MiB paced
[mtp] gate2 k 2 · expect 2.03 tok / 37.1 ms (T1 20.3) · got 1 tok / 42.2 ms · net -0.7 ms
[mtp] pos 1452 draft 4.8 ms · verify 3 rows 42.2 ms · accepted 0/2 · conf [1.19,-0.19,-1.08,-0.96,-0.98] · hit 573 cpu 115
[cache] step 13365 M=1 routed 240 hit 189 cpu 48 streamed 3 · resident 4433 pending 13 / 4446 · dma.span 2.11 dma.wait 1.74 ms (3 layers) · promo 89.6 MiB paced
[cache] step 13366 M=1 routed 240 hit 188 cpu 48 streamed 4 · resident 4430 pending 16 / 4446 · dma.span 2.84 dma.wait 2.32 ms (4 layers) · promo 125.5 MiB paced
[cache] step 13367 M=1 routed 240 hit 171 cpu 61 streamed 8 · resident 4430 pending 16 / 4446 · dma.span 5.72 dma.wait 4.72 ms (8 layers) · promo 143.4 MiB paced
[cache] step 13368 M=1 routed 240 hit 175 cpu 59 streamed 6 · resident 4430 pending 16 / 4446 · dma.span 4.28 dma.wait 3.54 ms (6 layers) · promo 125.5 MiB paced
[cache] step 13369 M=1 routed 240 hit 184 cpu 54 streamed 2 · resident 4430 pending 16 / 4446 · dma.span 1.41 dma.wait 1.14 ms (2 layers) · promo 125.5 MiB paced
[cache] step 13370 M=1 routed 240 hit 206 cpu 32 streamed 2 · resident 4430 pending 16 / 4446 · dma.span 1.44 dma.wait 1.19 ms (2 layers) · promo 143.4 MiB paced
[cache] step 13371 M=1 routed 240 hit 228 cpu 12 streamed 0 · resident 4430 pending 16 / 4446 · dma.span 0.00 dma.wait - ms (0 layers) · promo 89.6 MiB paced
[cache] step 13372 M=1 routed 240 hit 223 cpu 17 streamed 0 · resident 4431 pending 15 / 4446 · dma.span 0.00 dma.wait - ms (0 layers) · promo 125.5 MiB paced
[mtp] gate2 k 4 · expect 3.89 tok / 38.0 ms (T1 21.1) · got 5 tok / 29.4 ms · net 7.3 ms
[mtp] pos 1465 draft 4.5 ms · verify 5 rows 29.5 ms · accepted 4/4 · conf [5.21,1.01,1.34,2.72,-1.02] · hit 1153 cpu 44
[decode-sync M=5] layer waits 80 · host wait 16.61 ms (spin)
[profile M=5] total 28.61 ms: embed 0.04 segA.win 0.36 moe.gpu_experts 9.11 moe.cpu_experts 2.98 moe 0.02 segA.engram 1.09 segA.index 3.24 segA.comp 10.19 head 1.58 · dma.span 3.04 dma.wait 1.81 ms (4 layers) · promo 35.9 MiB paced
[early-route M=5] layers 4320 · host ahead of front end 3918 · table on own stream 4320 · absorbed 0 (resync 0 · missing 0 · untrusted 0)
[decode-host M=5 verify] sync 0.10 · prep 0.29 · launch 0.53 · cpu 8.07 vs gpu 9.05 (cpu-bound layers 17/40) · tail 2.75 ms · next 0.16 · front 14.63 · post 0.12 · hprep 0.13 · gpu-idle 3.16 of 27.02 ms (cpu layers 23)
[mtp] gate2 k 4 · expect 3.18 tok / 36.3 ms (T1 21.1) · got 5 tok / 29.5 ms · net 11.3 ms
[mtp] pos 1470 draft 3.6 ms · verify 5 rows 29.5 ms · accepted 4/4 · conf [1.49,1.31,1.16,1.88,-0.51] · hit 1153 cpu 43
[mtp] gate2 k 4 · expect 2.60 tok / 34.9 ms (T1 21.1) · got 1 tok / 31.0 ms · net 12.2 ms
[mtp] pos 1471 draft 4.0 ms · verify 5 rows 31.1 ms · accepted 0/4 · conf [1.71,0.73,0.97,0.14,-0.17] · hit 1129 cpu 66
[mtp] gate2 k 4 · expect 2.33 tok / 34.1 ms (T1 21.1) · got 5 tok / 31.7 ms · net 12.0 ms
[mtp] pos 1476 draft 3.9 ms · verify 5 rows 31.7 ms · accepted 4/4 · conf [0.48,1.42,0.56,-0.19,0.13] · hit 1146 cpu 45
[mtp] gate2 k 4 · expect 4.32 tok / 33.6 ms (T1 21.1) · got 4 tok / 32.6 ms · net 19.4 ms
[mtp] pos 1480 draft 8.3 ms · verify 5 rows 32.6 ms · accepted 3/4 · conf [8.53,8.34,6.31,-0.14,0.26] · hit 1125 cpu 67
[mtp] gate2 k 2 · expect 2.77 tok / 38.1 ms (T1 21.1) · got 3 tok / 23.1 ms · net 18.8 ms
[mtp] pos 1483 draft 3.7 ms · verify 3 rows 23.1 ms · accepted 2/2 · conf [2.87,3.10,-1.16,0.03,-2.04] · hit 705 cpu 15
[mtp] gate2 k 4 · expect 2.50 tok / 33.4 ms (T1 21.1) · got 2 tok / 29.9 ms · net 18.0 ms
[mtp] pos 1485 draft 4.5 ms · verify 5 rows 29.9 ms · accepted 1/4 · conf [8.25,-0.79,-0.66,0.21,-1.06] · hit 1145 cpu 50
[mtp] pos 1485 draft 3.7 ms · gate2 no draft (conf0 3.58 · T1 21.1 T2 41.6 T6 56.8 ms · skip 1)
[cache] step 13388 M=1 routed 240 hit 215 cpu 25 streamed 0 · resident 4444 pending 2 / 4446 · dma.span 0.00 dma.wait - ms (0 layers) · promo 17.9 MiB paced
[cache] step 13389 M=1 routed 240 hit 226 cpu 14 streamed 0 · resident 4441 pending 5 / 4446 · dma.span 0.00 dma.wait - ms (0 layers) · promo 35.9 MiB paced
[mtp] gate2 k 2 · expect 1.88 tok / 35.1 ms (T1 19.8) · got 3 tok / 25.0 ms · net 10.5 ms
[mtp] pos 1490 draft 4.0 ms · verify 3 rows 25.1 ms · accepted 2/2 · conf [0.10,0.78,-1.48,0.21,-0.96] · hit 680 cpu 39
[mtp] gate2 k 4 · expect 2.74 tok / 32.7 ms (T1 19.8) · got 1 tok / 37.2 ms · net 12.0 ms
[mtp] pos 1491 draft 3.7 ms · verify 5 rows 37.2 ms · accepted 0/4 · conf [1.12,0.42,1.51,0.54,0.36] · hit 1103 cpu 84
[mtp] gate2 k 4 · expect 2.97 tok / 33.6 ms (T1 19.8) · got 1 tok / 31.9 ms · net 14.0 ms
[mtp] pos 1492 draft 3.3 ms · verify 5 rows 32.0 ms · accepted 0/4 · conf [0.93,2.69,2.18,2.09,0.22] · hit 1134 cpu 60
[mtp] gate2 k 4 · expect 2.40 tok / 33.3 ms (T1 19.8) · got 5 tok / 33.0 ms · net 13.3 ms
[mtp] pos 1497 draft 3.6 ms · verify 5 rows 33.0 ms · accepted 4/4 · conf [0.74,0.72,2.46,1.72,1.39] · hit 1126 cpu 64
[mtp] gate2 k 4 · expect 2.14 tok / 33.2 ms (T1 19.8) · got 3 tok / 33.4 ms · net 11.8 ms
[mtp] pos 1500 draft 3.6 ms · verify 5 rows 33.4 ms · accepted 2/4 · conf [0.89,0.87,0.12,-0.42,-0.56] · hit 1128 cpu 62
[mtp] gate2 k 4 · expect 2.64 tok / 33.3 ms (T1 19.8) · got 4 tok / 32.0 ms · net 12.4 ms
[mtp] pos 1504 draft 3.9 ms · verify 5 rows 32.1 ms · accepted 3/4 · conf [4.59,-0.00,1.27,-0.56,-0.82] · hit 1122 cpu 64
[mtp] gate2 k 2 · expect 2.20 tok / 33.1 ms (T1 19.8) · got 3 tok / 26.4 ms · net 11.4 ms
[mtp] pos 1507 draft 3.5 ms · verify 3 rows 26.4 ms · accepted 2/2 · conf [2.87,-0.57,-1.53,0.66,-1.75] · hit 670 cpu 46
[mtp] gate2 k 4 · expect 2.35 tok / 33.0 ms (T1 19.8) · got 4 tok / 35.6 ms · net 11.1 ms
[mtp] pos 1511 draft 3.6 ms · verify 5 rows 35.7 ms · accepted 3/4 · conf [0.62,1.32,0.18,-0.32,-0.51] · hit 1097 cpu 87
[mtp] gate2 k 4 · expect 2.45 tok / 33.5 ms (T1 19.8) · got 2 tok / 42.3 ms · net 11.1 ms
[mtp] pos 1513 draft 3.6 ms · verify 5 rows 42.4 ms · accepted 1/4 · conf [1.10,0.50,-0.37,0.70,-1.26] · hit 1058 cpu 117
[mtp] gate2 k 2 · expect 1.76 tok / 31.8 ms (T1 19.8) · got 1 tok / 33.9 ms · net 8.8 ms
[mtp] pos 1514 draft 3.7 ms · verify 3 rows 34.0 ms · accepted 0/2 · conf [0.65,-0.20,-0.37,0.35,0.12] · hit 619 cpu 86
[mtp] gate2 k 2 · expect 2.21 tok / 32.2 ms (T1 19.8) · got 1 tok / 32.3 ms · net 8.4 ms
[mtp] pos 1515 draft 4.9 ms · verify 3 rows 32.3 ms · accepted 0/2 · conf [1.15,0.24,0.07,-1.11,-0.35] · hit 624 cpu 85
[mtp] gate2 k 4 · expect 2.14 tok / 35.3 ms (T1 19.8) · got 2 tok / 34.3 ms · net 7.1 ms
[mtp] pos 1517 draft 5.2 ms · verify 5 rows 34.3 ms · accepted 1/4 · conf [0.74,0.42,0.66,-0.88,-0.71] · hit 1102 cpu 83
[mtp] gate2 k 2 · expect 1.89 tok / 32.2 ms (T1 19.8) · got 3 tok / 38.5 ms · net 5.9 ms
[mtp] pos 1520 draft 4.3 ms · verify 3 rows 38.5 ms · accepted 2/2 · conf [0.20,0.59,-0.48,-0.84,-0.48] · hit 580 cpu 114
[mtp] gate2 k 4 · expect 2.35 tok / 35.1 ms (T1 19.8) · got 1 tok / 44.5 ms · net 6.1 ms
[mtp] pos 1521 draft 4.5 ms · verify 5 rows 44.5 ms · accepted 0/4 · conf [0.89,3.23,-0.81,-0.89,-0.75] · hit 1031 cpu 128
[mtp] gate2 k 4 · expect 3.46 tok / 37.0 ms (T1 19.8) · got 5 tok / 37.8 ms · net 10.4 ms
[mtp] pos 1526 draft 4.1 ms · verify 5 rows 37.8 ms · accepted 4/4 · conf [1.53,2.58,2.42,0.56,0.66] · hit 1090 cpu 92
[mtp] gate2 k 4 · expect 3.68 tok / 37.1 ms (T1 19.8) · got 2 tok / 28.4 ms · net 14.6 ms
[mtp] pos 1528 draft 4.2 ms · verify 5 rows 28.4 ms · accepted 1/4 · conf [1.38,2.12,2.72,2.85,3.18] · hit 1160 cpu 38
[mtp] gate2 k 4 · expect 4.97 tok / 35.4 ms (T1 19.8) · got 5 tok / 30.7 ms · net 23.4 ms
[mtp] pos 1533 draft 4.4 ms · verify 5 rows 30.7 ms · accepted 4/4 · conf [6.68,5.16,5.78,4.72,2.38] · hit 1143 cpu 51
[mtp] gate2 k 4 · expect 4.97 tok / 34.4 ms (T1 19.8) · got 5 tok / 31.8 ms · net 30.9 ms
[mtp] pos 1538 draft 3.0 ms · verify 5 rows 31.8 ms · accepted 4/4 · conf [6.95,6.47,6.01,4.15,2.48] · hit 1128 cpu 65
[mtp] gate2 k 4 · expect 4.41 tok / 33.9 ms (T1 19.8) · got 5 tok / 31.6 ms · net 34.8 ms
[mtp] pos 1543 draft 3.1 ms · verify 5 rows 31.7 ms · accepted 4/4 · conf [5.57,5.07,2.90,0.41,-0.38] · hit 1134 cpu 59
[mtp] gate2 k 4 · expect 2.55 tok / 33.5 ms (T1 19.8) · got 1 tok / 41.0 ms · net 30.5 ms
[mtp] pos 1544 draft 4.0 ms · verify 5 rows 41.0 ms · accepted 0/4 · conf [1.44,0.45,0.09,-0.61,-0.68] · hit 1059 cpu 111
[mtp] gate2 k 4 · expect 2.15 tok / 35.0 ms (T1 19.8) · got 2 tok / 37.2 ms · net 25.1 ms
[mtp] pos 1546 draft 4.2 ms · verify 5 rows 37.3 ms · accepted 1/4 · conf [0.35,0.15,0.18,-0.84,-1.32] · hit 1071 cpu 107
[mtp] gate2 k 4 · expect 3.46 tok / 35.4 ms (T1 19.8) · got 3 tok / 34.3 ms · net 26.0 ms
[mtp] pos 1549 draft 3.6 ms · verify 5 rows 34.3 ms · accepted 2/4 · conf [5.15,1.18,0.17,0.63,0.08] · hit 1114 cpu 76
[mtp] gate2 k 4 · expect 2.04 tok / 35.2 ms (T1 19.8) · got 3 tok / 37.7 ms · net 21.0 ms
[mtp] pos 1552 draft 4.0 ms · verify 5 rows 37.7 ms · accepted 2/4 · conf [0.67,0.37,-0.37,-0.02,-1.15] · hit 1061 cpu 108
[mtp] gate2 k 4 · expect 2.78 tok / 35.7 ms (T1 19.8) · got 3 tok / 35.8 ms · net 19.9 ms
[mtp] pos 1555 draft 3.8 ms · verify 5 rows 35.9 ms · accepted 2/4 · conf [3.96,0.78,-0.06,0.01,-0.29] · hit 1093 cpu 88
[mtp] gate2 k 4 · expect 3.35 tok / 35.7 ms (T1 19.8) · got 5 tok / 37.2 ms · net 21.2 ms
[mtp] pos 1560 draft 4.0 ms · verify 5 rows 37.3 ms · accepted 4/4 · conf [2.49,2.04,0.52,-0.01,0.06] · hit 1082 cpu 96
[profile M=5] total 4.20 ms: mtp.embed 0.05 hc.fused 0.12 mtp.attn 1.16 moe.router 0.09 moe.shared 0.18 moe.d2h 0.06 mtp.router 0.03 moe.gpu_experts 0.55 moe.cpu_experts 0.53 mtp.experts 0.04 mtp.head 1.40
[mtp] gate2 k 4 · expect 3.82 tok / 36.0 ms (T1 19.8) · got 4 tok / 37.6 ms · net 24.1 ms
[mtp] pos 1564 draft 4.3 ms · verify 5 rows 37.6 ms · accepted 3/4 · conf [5.45,1.80,1.78,1.89,-0.09] · hit 1084 cpu 92
[mtp] gate2 k 4 · expect 3.55 tok / 36.3 ms (T1 19.8) · got 4 tok / 37.7 ms · net 25.4 ms
[mtp] pos 1568 draft 3.3 ms · verify 5 rows 37.8 ms · accepted 3/4 · conf [2.79,1.79,1.49,1.75,1.39] · hit 1083 cpu 100
[mtp] gate2 k 4 · expect 4.32 tok / 36.6 ms (T1 19.8) · got 3 tok / 41.5 ms · net 29.4 ms
[mtp] pos 1571 draft 3.7 ms · verify 5 rows 41.6 ms · accepted 2/4 · conf [7.87,4.49,1.08,1.38,0.89] · hit 1060 cpu 109
[mtp] gate2 k 4 · expect 4.94 tok / 37.6 ms (T1 19.8) · got 5 tok / 38.9 ms · net 34.7 ms
[mtp] pos 1576 draft 4.1 ms · verify 5 rows 39.0 ms · accepted 4/4 · conf [7.47,8.33,5.16,3.38,2.63] · hit 1076 cpu 100
[mtp] gate2 k 4 · expect 3.82 tok / 37.9 ms (T1 19.8) · got 1 tok / 36.7 ms · net 34.6 ms
[mtp] pos 1577 draft 3.6 ms · verify 5 rows 36.8 ms · accepted 0/4 · conf [4.11,1.94,2.70,0.46,-0.45] · hit 1080 cpu 96
[mtp] gate2 k 4 · expect 3.16 tok / 37.6 ms (T1 19.8) · got 1 tok / 33.8 ms · net 32.0 ms
[mtp] pos 1578 draft 3.5 ms · verify 5 rows 33.9 ms · accepted 0/4 · conf [3.26,0.91,2.98,-0.32,-0.85] · hit 1107 cpu 77
[mtp] gate2 k 4 · expect 2.33 tok / 36.9 ms (T1 19.8) · got 3 tok / 42.2 ms · net 26.7 ms
[mtp] pos 1581 draft 3.8 ms · verify 5 rows 42.3 ms · accepted 2/4 · conf [0.31,2.73,-0.05,-0.47,-0.21] · hit 1051 cpu 116
[mtp] gate2 k 2 · expect 2.20 tok / 33.5 ms (T1 19.8) · got 3 tok / 32.5 ms · net 22.5 ms
[mtp] pos 1584 draft 4.2 ms · verify 3 rows 32.5 ms · accepted 2/2 · conf [2.84,-0.28,-0.13,0.71,1.98] · hit 617 cpu 85
[mtp] gate2 k 4 · expect 2.25 tok / 37.9 ms (T1 19.8) · got 1 tok / 32.8 ms · net 18.7 ms
[mtp] pos 1585 draft 3.4 ms · verify 5 rows 32.8 ms · accepted 0/4 · conf [0.75,0.73,0.94,1.91,1.26] · hit 1115 cpu 78
[mtp] gate2 k 4 · expect 3.71 tok / 36.9 ms (T1 19.8) · got 5 tok / 35.9 ms · net 21.5 ms
[mtp] pos 1590 draft 3.6 ms · verify 5 rows 35.9 ms · accepted 4/4 · conf [1.74,5.39,4.67,0.83,-0.62] · hit 1099 cpu 86
[mtp] gate2 k 4 · expect 3.47 tok / 36.7 ms (T1 19.8) · got 5 tok / 31.6 ms · net 22.9 ms
[mtp] pos 1595 draft 3.7 ms · verify 5 rows 31.7 ms · accepted 4/4 · conf [1.63,3.44,1.49,1.84,-0.49] · hit 1131 cpu 61
[mtp] gate2 k 4 · expect 4.46 tok / 35.7 ms (T1 19.8) · got 5 tok / 30.7 ms · net 28.2 ms
[mtp] pos 1600 draft 3.5 ms · verify 5 rows 30.7 ms · accepted 4/4 · conf [6.41,2.42,2.24,2.53,0.95] · hit 1141 cpu 53
[mtp] gate2 k 4 · expect 3.24 tok / 34.7 ms (T1 19.8) · got 4 tok / 30.3 ms · net 27.7 ms
[mtp] pos 1604 draft 3.5 ms · verify 5 rows 30.3 ms · accepted 3/4 · conf [2.79,1.79,0.14,0.26,-0.33] · hit 1137 cpu 55
[mtp] gate2 k 4 · expect 2.75 tok / 33.8 ms (T1 19.8) · got 5 tok / 35.5 ms · net 25.7 ms
[mtp] pos 1609 draft 3.3 ms · verify 5 rows 35.5 ms · accepted 4/4 · conf [1.26,0.68,1.74,0.49,0.13] · hit 1091 cpu 89
[mtp] gate2 k 4 · expect 4.83 tok / 34.2 ms (T1 19.8) · got 5 tok / 32.5 ms · net 32.1 ms
[mtp] pos 1614 draft 3.8 ms · verify 5 rows 32.6 ms · accepted 4/4 · conf [4.09,5.20,5.28,2.82,2.12] · hit 1118 cpu 72
[mtp] gate2 k 4 · expect 3.11 tok / 33.8 ms (T1 19.8) · got 1 tok / 31.4 ms · net 30.6 ms
[mtp] pos 1615 draft 3.0 ms · verify 5 rows 31.4 ms · accepted 0/4 · conf [1.41,2.21,0.37,0.88,1.16] · hit 1125 cpu 65
[mtp] gate2 k 4 · expect 2.78 tok / 33.3 ms (T1 19.8) · got 2 tok / 33.3 ms · net 28.2 ms
[mtp] pos 1617 draft 3.1 ms · verify 5 rows 33.4 ms · accepted 1/4 · conf [3.89,0.24,-0.66,0.11,0.77] · hit 1113 cpu 74
[mtp] gate2 k 4 · expect 2.71 tok / 33.3 ms (T1 19.8) · got 1 tok / 35.1 ms · net 26.0 ms
[mtp] pos 1618 draft 3.3 ms · verify 5 rows 35.1 ms · accepted 0/4 · conf [2.20,0.67,-0.73,0.62,1.30] · hit 1097 cpu 84
[mtp] gate2 k 4 · expect 2.56 tok / 33.7 ms (T1 19.8) · got 5 tok / 32.5 ms · net 23.5 ms
[mtp] pos 1623 draft 3.2 ms · verify 5 rows 32.5 ms · accepted 4/4 · conf [0.63,1.05,1.30,0.13,0.15] · hit 1123 cpu 68
[mtp] gate2 k 4 · expect 3.24 tok / 33.5 ms (T1 19.8) · got 3 tok / 43.8 ms · net 24.2 ms
[mtp] pos 1626 draft 3.8 ms · verify 5 rows 43.8 ms · accepted 2/4 · conf [3.97,1.50,0.29,-0.49,-1.08] · hit 1040 cpu 122
[mtp] gate2 k 4 · expect 3.45 tok / 35.5 ms (T1 19.8) · got 3 tok / 62.4 ms · net 25.1 ms
[mtp] pos 1629 draft 4.0 ms · verify 5 rows 62.4 ms · accepted 2/4 · conf [2.67,1.53,1.01,0.28,0.07] · hit 907 cpu 207
[mtp] gate2 k 4 · expect 4.24 tok / 40.9 ms (T1 19.8) · got 5 tok / 37.6 ms · net 28.0 ms
[mtp] pos 1634 draft 3.7 ms · verify 5 rows 37.6 ms · accepted 4/4 · conf [3.20,2.80,3.37,1.27,0.56] · hit 1082 cpu 98
[mtp] gate2 k 4 · expect 4.97 tok / 40.2 ms (T1 19.8) · got 5 tok / 32.0 ms · net 33.4 ms
[mtp] pos 1639 draft 3.0 ms · verify 5 rows 32.0 ms · accepted 4/4 · conf [5.96,5.02,5.39,4.39,3.61] · hit 1128 cpu 63
[mtp] gate2 k 4 · expect 4.48 tok / 38.6 ms (T1 19.8) · got 5 tok / 33.9 ms · net 36.2 ms
[mtp] pos 1644 draft 3.0 ms · verify 5 rows 33.9 ms · accepted 4/4 · conf [4.96,6.21,4.74,0.73,0.76] · hit 1101 cpu 81
[mtp] gate2 k 4 · expect 4.44 tok / 37.6 ms (T1 19.8) · got 5 tok / 40.4 ms · net 38.3 ms
[mtp] pos 1649 draft 3.4 ms · verify 5 rows 40.5 ms · accepted 4/4 · conf [3.83,4.53,3.79,1.41,2.29] · hit 1061 cpu 110
[mtp] gate2 k 4 · expect 3.63 tok / 38.2 ms (T1 19.8) · got 5 tok / 33.5 ms · net 36.8 ms
[mtp] pos 1654 draft 3.0 ms · verify 5 rows 33.5 ms · accepted 4/4 · conf [2.10,2.72,0.95,2.26,1.60] · hit 1126 cpu 61
[mtp] gate2 k 4 · expect 4.29 tok / 37.3 ms (T1 19.8) · got 5 tok / 36.4 ms · net 38.4 ms
[mtp] pos 1659 draft 3.1 ms · verify 5 rows 36.4 ms · accepted 4/4 · conf [3.05,3.17,2.15,1.34,1.23] · hit 1092 cpu 91
[mtp] gate2 k 4 · expect 4.74 tok / 37.1 ms (T1 19.8) · got 5 tok / 41.2 ms · net 41.4 ms
[mtp] pos 1664 draft 3.2 ms · verify 5 rows 41.2 ms · accepted 4/4 · conf [6.83,4.43,2.55,4.25,2.78] · hit 1063 cpu 111
[mtp] gate2 k 4 · expect 3.82 tok / 37.9 ms (T1 19.8) · got 4 tok / 35.7 ms · net 40.0 ms
[mtp] pos 1668 draft 3.3 ms · verify 5 rows 35.7 ms · accepted 3/4 · conf [6.98,1.62,1.30,1.30,0.93] · hit 1103 cpu 80
[mtp] gate2 k 4 · expect 4.40 tok / 37.5 ms (T1 19.8) · got 5 tok / 33.7 ms · net 41.3 ms
[mtp] pos 1673 draft 3.3 ms · verify 5 rows 33.8 ms · accepted 4/4 · conf [3.07,2.97,3.53,3.36,2.06] · hit 1110 cpu 75
[mtp] gate2 k 4 · expect 4.89 tok / 36.7 ms (T1 19.8) · got 3 tok / 91.3 ms · net 44.3 ms
[mtp] pos 1676 draft 4.0 ms · verify 5 rows 91.4 ms · accepted 2/4 · conf [8.96,11.95,3.93,11.53,-0.74] · hit 706 cpu 337
[hived] 0b5be76b5512753b~1: prefill 1085 tok 942 ms · decode 329 tok 5407 ms (60.7 tok/s, batch 1) · hit 92628 cpu 8625 · resident 4441/4446 · mtp 159/258 in 70 steps · stop
[hived] 451fe774f49664e7: reuse 0/185 via reset (session tokens 0 · common with live 185)
[runtime] elastic reclaim #17: evicted 577 · dropped promotions 7 (total) · 0.17 ms · slots 4446 → 3869
[hived] 451fe774f49664e7: prefill chunk 1 M 185 · 0→185/185 · upper on · tail rows 0 · hit 23788 streamed 1006 cpu 6330 dma_rows 14282 · cpu wait 680 ms span 691 ms · 863 ms
[hived] 451fe774f49664e7: prefill total 185 rows in 1 chunks · hit 23788 streamed 1006 cpu 6330 dma_rows 14282 · cpu wait 680 ms span 691 ms · 869 ms
[hived] warm cache: 988 experts in 638 ms
[decode-sync M=3] layer waits 80 · host wait 15.51 ms (spin)
[profile M=3] total 45.81 ms: embed 0.05 segA.win 0.35 moe.gpu_experts 27.05 moe.cpu_experts 4.01 moe 0.02 segA.engram 0.96 segA.index 2.93 segA.comp 9.18 head 1.26 · dma.span 26.90 dma.wait 19.42 ms (32 layers) · promo 16764.3 MiB paced
[early-route M=3] layers 2560 · host ahead of front end 2152 · table on own stream 2560 · absorbed 0 (resync 0 · missing 0 · untrusted 0)
[decode-host M=3 verify] sync 0.41 · prep 1.48 · launch 0.78 · cpu 24.34 vs gpu 26.65 (cpu-bound layers 16/40) · tail 3.67 ms · next 0.11 · front 12.58 · post 0.06 · hprep 0.10 · gpu-idle 4.99 of 44.52 ms (cpu layers 38)
[mtp] gate2 k 2 · expect 2.98 tok / 33.3 ms (T1 19.8) · got 3 tok / 46.7 ms · net 20.8 ms
[mtp] pos 188 draft 4.9 ms · verify 3 rows 46.7 ms · accepted 2/2 · conf [6.04,4.66,0.54,-0.28,-0.96] · hit 532 cpu 131
[mtp] gate2 k 2 · expect 1.92 tok / 36.0 ms (T1 19.8) · got 3 tok / 38.6 ms · net 16.3 ms
[mtp] pos 191 draft 3.9 ms · verify 3 rows 38.6 ms · accepted 2/2 · conf [0.46,0.47,0.38,-0.14,-0.52] · hit 575 cpu 110
[mtp] gate2 k 2 · expect 1.93 tok / 36.5 ms (T1 19.8) · got 1 tok / 33.3 ms · net 12.6 ms
[mtp] pos 192 draft 3.7 ms · verify 3 rows 33.3 ms · accepted 0/2 · conf [0.85,0.87,0.05,-0.06,-0.32] · hit 588 cpu 103
[mtp] gate2 k 2 · expect 2.03 tok / 35.8 ms (T1 19.8) · got 3 tok / 32.3 ms · net 10.2 ms
[mtp] pos 195 draft 3.8 ms · verify 3 rows 32.4 ms · accepted 2/2 · conf [0.89,1.15,0.54,0.59,-0.11] · hit 621 cpu 83
[mtp] gate2 k 4 · expect 4.76 tok / 47.6 ms (T1 19.8) · got 5 tok / 51.2 ms · net 16.8 ms
[mtp] pos 200 draft 3.4 ms · verify 5 rows 51.2 ms · accepted 4/4 · conf [6.86,5.33,5.23,1.22,0.85] · hit 957 cpu 164
[mtp] gate2 k 4 · expect 4.76 tok / 48.4 ms (T1 19.8) · got 5 tok / 39.5 ms · net 22.0 ms
[mtp] pos 205 draft 3.4 ms · verify 5 rows 39.6 ms · accepted 4/4 · conf [10.17,7.58,6.51,1.15,0.24] · hit 1052 cpu 109
[mtp] gate2 k 2 · expect 1.93 tok / 35.1 ms (T1 19.8) · got 3 tok / 36.5 ms · net 17.4 ms
[mtp] pos 208 draft 3.6 ms · verify 3 rows 36.5 ms · accepted 2/2 · conf [0.41,0.14,-0.08,0.03,-1.38] · hit 587 cpu 107
[mtp] pos 208 draft 3.5 ms · gate2 no draft (conf0 -0.32 · T1 19.8 T2 41.6 T6 56.8 ms · skip 1)
[cache] step 13518 M=1 routed 240 hit 220 cpu 20 streamed 0 · resident 4438 pending 8 / 4446 · dma.span 0.00 dma.wait - ms (0 layers) · promo 53.8 MiB paced
[cache] step 13519 M=1 routed 240 hit 176 cpu 59 streamed 5 · resident 4430 pending 16 / 4446 · dma.span 3.55 dma.wait 2.94 ms (5 layers) · promo 107.6 MiB paced
[mtp] gate2 k 4 · expect 3.33 tok / 46.6 ms (T1 20.3) · got 5 tok / 60.8 ms · net 14.0 ms
[mtp] pos 215 draft 4.3 ms · verify 5 rows 60.8 ms · accepted 4/4 · conf [1.40,2.54,1.17,0.54,-0.64] · hit 866 cpu 215
[mtp] gate2 k 2 · expect 1.78 tok / 35.4 ms (T1 20.3) · got 1 tok / 26.7 ms · net 10.7 ms
[mtp] pos 216 draft 3.5 ms · verify 3 rows 26.8 ms · accepted 0/2 · conf [0.24,-0.67,-0.18,-0.66,-0.11] · hit 656 cpu 60
[mtp] gate2 k 2 · expect 2.21 tok / 33.7 ms (T1 20.3) · got 2 tok / 34.6 ms · net 9.9 ms
[mtp] pos 218 draft 4.3 ms · verify 3 rows 34.6 ms · accepted 1/2 · conf [2.79,-0.41,-0.08,-0.53,-0.33] · hit 605 cpu 97
[mtp] gate2 k 2 · expect 2.74 tok / 33.9 ms (T1 20.3) · got 3 tok / 29.0 ms · net 11.5 ms
[mtp] pos 221 draft 4.0 ms · verify 3 rows 29.0 ms · accepted 2/2 · conf [4.44,1.70,0.48,-0.13,-0.41] · hit 644 cpu 68
[mtp] gate2 k 2 · expect 2.87 tok / 32.9 ms (T1 20.3) · got 3 tok / 29.6 ms · net 13.5 ms
[mtp] pos 224 draft 4.0 ms · verify 3 rows 29.7 ms · accepted 2/2 · conf [4.50,2.06,0.57,-0.82,-0.96] · hit 645 cpu 68
[mtp] pos 224 draft 4.0 ms · gate2 no draft (conf0 -0.00 · T1 20.3 T2 41.6 T6 56.8 ms · skip 1)
[cache] step 13531 M=1 routed 240 hit 189 cpu 47 streamed 4 · resident 4438 pending 8 / 4446 · dma.span 2.81 dma.wait 2.30 ms (4 layers) · promo 143.4 MiB paced
[cache] step 13532 M=1 routed 240 hit 192 cpu 44 streamed 4 · resident 4430 pending 16 / 4446 · dma.span 2.79 dma.wait 2.30 ms (4 layers) · promo 89.6 MiB paced
[mtp] gate2 k 2 · expect 1.78 tok / 32.2 ms (T1 21.4) · got 2 tok / 35.0 ms · net 8.5 ms
[mtp] pos 228 draft 3.4 ms · verify 3 rows 35.0 ms · accepted 1/2 · conf [0.06,-0.05,-0.63,-0.90,-1.37] · hit 603 cpu 98
[mtp] gate2 k 2 · expect 2.56 tok / 32.8 ms (T1 21.4) · got 3 tok / 30.7 ms · net 10.5 ms
[mtp] pos 231 draft 3.4 ms · verify 3 rows 30.8 ms · accepted 2/2 · conf [4.58,0.09,-0.48,-0.89,-0.35] · hit 628 cpu 76
[mtp] gate2 k 2 · expect 2.59 tok / 32.4 ms (T1 21.4) · got 3 tok / 28.4 ms · net 12.3 ms
[mtp] pos 234 draft 3.6 ms · verify 3 rows 28.4 ms · accepted 2/2 · conf [6.35,0.17,0.06,-0.38,-1.28] · hit 649 cpu 66
[mtp] gate2 k 2 · expect 2.23 tok / 31.6 ms (T1 21.4) · got 3 tok / 32.4 ms · net 12.3 ms
[mtp] pos 237 draft 3.7 ms · verify 3 rows 32.4 ms · accepted 2/2 · conf [1.48,0.02,0.06,0.63,-0.26] · hit 628 cpu 77
[mtp] gate2 k 2 · expect 2.59 tok / 31.7 ms (T1 21.4) · got 2 tok / 28.2 ms · net 13.8 ms
[mtp] pos 239 draft 3.9 ms · verify 3 rows 28.2 ms · accepted 1/2 · conf [5.65,0.42,0.10,0.11,0.25] · hit 654 cpu 58
[mtp] gate2 k 2 · expect 2.38 tok / 31.0 ms (T1 21.4) · got 3 tok / 29.4 ms · net 14.2 ms
[mtp] pos 242 draft 3.8 ms · verify 3 rows 29.4 ms · accepted 2/2 · conf [1.44,1.15,0.83,0.24,-0.62] · hit 655 cpu 59
[mtp] gate2 k 2 · expect 2.23 tok / 30.7 ms (T1 21.4) · got 3 tok / 29.9 ms · net 14.1 ms
[mtp] pos 245 draft 3.6 ms · verify 3 rows 29.9 ms · accepted 2/2 · conf [1.82,0.17,-0.52,-0.49,0.14] · hit 654 cpu 60
[mtp] gate2 k 2 · expect 2.92 tok / 30.5 ms (T1 21.4) · got 3 tok / 30.9 ms · net 16.9 ms
[mtp] pos 248 draft 3.7 ms · verify 3 rows 30.9 ms · accepted 2/2 · conf [4.79,3.09,0.78,1.47,1.31] · hit 654 cpu 57
[mtp] gate2 k 5 · expect 5.83 tok / 56.8 ms (T1 21.4) · got 4 tok / 78.9 ms · net 26.4 ms
[mtp] pos 252 draft 3.4 ms · verify 6 rows 79.0 ms · accepted 3/5 · conf [6.12,8.39,3.05,5.77,13.16] · hit 1054 cpu 272
[hived] 451fe774f49664e7: prefill 185 tok 869 ms · decode 67 tok 1602 ms (41.2 tok/s, batch 1) · hit 15284 cpu 2308 · resident 4438/4446 · mtp 42/51 in 21 steps · stop
[supervisor] ★ build dir=/hive/engine/build binary=/hive/engine/build/hived sha256=f4c1d3c591a8e176 elf-build-id=a3a2759857534a03c328de12539f9efd32e59deb mtime=2026-09-30 23:03:13 (HIVE_BUILD=build)
[model] dspark stages 3 · block 5 · experts 128/top3 · VRAM free 86993 MiB
[store] arena node 0: 137.8 GiB
[store] arena node 1: 137.8 GiB
[store] cache policy seq (alpha 8 · pre 8 · min 0.025 · gd 0.999 · od 0.99 · idle 8)
[store] vram cache deferred (HIVE_CACHE_FIT: sized after the session pool) · record 17.9 MiB · staging 96
[store] layer 0 experts(384) → RAM 1.7s (4.2 GB/s)
[store] layer 1 experts(384) → RAM 1.7s (4.3 GB/s)
[store] layer 2 experts(384) → RAM 1.4s (5.0 GB/s)
[store] layer 3 experts(384) → RAM 1.5s (4.7 GB/s)
[store] layer 4 experts(384) → RAM 1.5s (4.8 GB/s)
[store] layer 5 experts(384) → RAM 1.6s (4.6 GB/s)
[store] layer 6 experts(384) → RAM 1.6s (4.5 GB/s)
[store] layer 7 experts(384) → RAM 1.5s (4.8 GB/s)
[store] layer 8 experts(384) → RAM 1.5s (4.7 GB/s)
[store] layer 9 experts(384) → RAM 1.5s (4.7 GB/s)
[store] layer 10 experts(384) → RAM 7.1s (1.0 GB/s)
[store] layer 11 experts(384) → RAM 7.1s (1.0 GB/s)
[store] layer 12 experts(384) → RAM 7.1s (1.0 GB/s)
[store] layer 13 experts(384) → RAM 7.1s (1.0 GB/s)
[store] layer 14 experts(384) → RAM 1.5s (4.8 GB/s)
[store] layer 15 experts(384) → RAM 7.1s (1.0 GB/s)
[store] layer 16 experts(384) → RAM 7.1s (1.0 GB/s)
[store] layer 17 experts(384) → RAM 7.1s (1.0 GB/s)
[store] layer 18 experts(384) → RAM 7.1s (1.0 GB/s)
[store] layer 19 experts(384) → RAM 7.1s (1.0 GB/s)
[store] layer 20 experts(384) → RAM 1.5s (5.0 GB/s)
[store] layer 21 experts(384) → RAM 7.1s (1.0 GB/s)
[store] layer 22 experts(384) → RAM 7.1s (1.0 GB/s)
[store] layer 23 experts(384) → RAM 7.1s (1.0 GB/s)
[store] layer 24 experts(384) → RAM 1.4s (5.0 GB/s)
[store] layer 25 experts(384) → RAM 7.1s (1.0 GB/s)
[store] layer 26 experts(384) → RAM 7.1s (1.0 GB/s)
[store] layer 27 experts(384) → RAM 7.1s (1.0 GB/s)
[store] layer 28 experts(384) → RAM 1.5s (5.0 GB/s)
[store] layer 29 experts(384) → RAM 7.1s (1.0 GB/s)
[store] layer 30 experts(384) → RAM 7.1s (1.0 GB/s)
[store] layer 31 experts(384) → RAM 8.8s (0.8 GB/s)
[store] layer 32 experts(384) → RAM 5.0s (1.4 GB/s)
[store] layer 33 experts(384) → RAM 11.3s (0.6 GB/s)
[store] layer 34 experts(384) → RAM 11.9s (0.6 GB/s)
[store] layer 35 experts(384) → RAM 12.5s (0.6 GB/s)
[store] layer 36 experts(384) → RAM 6.4s (1.1 GB/s)
[store] layer 37 experts(384) → RAM 11.5s (0.6 GB/s)
[store] layer 38 experts(384) → RAM 12.0s (0.6 GB/s)
[store] layer 39 experts(384) → RAM 12.1s (0.6 GB/s)
[store] layer 40 experts(128) → RAM 2.7s (0.9 GB/s)
[store] layer 41 experts(128) → RAM 2.0s (1.2 GB/s)
[store] layer 42 experts(128) → RAM 2.2s (1.1 GB/s)
[store] pinned 275.7 GiB in 11.7s
[store] engram layer 1 (384006168 rows) → RAM 19.9s (5.1 GB/s)
[store] engram layer 14 (384016682 rows) → RAM 137.3s (0.7 GB/s)
[hive] expert trace → /out/logs/expert-trace-20261001-121118.bin
[runtime] engram alias on: 1190 MiB of engram work buffers live inside q/o
[runtime] mtp verify decode path on: verify2 1 · batch 0 · rows ≤ 8
[runtime] dspark on: stages 3 · block 5 · targets 3 · capture rows 128
[runtime] prefill tile 3 × 16384 rows (slots 2)
[runtime] prefill host tiles 3 × 16384 rows (h 640 MiB pinned each · 2 staging) · slots 6 · VRAM free 73979 MiB
[runtime] batch prefill on: up to 6 sequences per forward
[runtime] elastic cache on: small rows 128 (62 MiB kept) · prefill-only 10335 MiB (38 work + 54 tile/stage buffers) → 577 elastic slots (placed when the deferred cache is sized)
[runtime] vision encoder: lazy (max 9216 patches · loads on first image, released after 120s idle)
[runtime] max_chunk 16384 · max_ctx 262144 · index Msub 128 · VRAM free 84193 MiB
